transaction_id,timestamp,sender_account_id,receiver_account_id,amount,currency,channel,transaction_type,merchant_category,location,status,scenario_id,ground_truth_pattern
TXN-185CFB538635,2026-07-15 12:11:51,ACC-0379,ACC-0375,20733.37,INR,IMPS,transfer,,Hyderabad,completed,,
TXN-38B0CD6503CB,2026-07-15 12:14:53,ACC-0114,ACC-0409,21829.12,INR,IMPS,transfer,shopping,Bangalore,completed,,
TXN-06D939611DD0,2026-07-15 12:36:54,ACC-0124,ACC-0339,19608.34,INR,IMPS,transfer,groceries,Hyderabad,completed,,
TXN-C51D629A5112,2026-07-15 12:45:45,ACC-0442,ACC-0362,8106.05,INR,UPI,transfer,rent,Chennai,completed,,
TXN-F74911AFD207,2026-07-15 12:46:19,ACC-0388,ACC-0553,44231.36,INR,IMPS,transfer,,Kolkata,completed,,
TXN-FE2DA811B20F,2026-07-15 13:45:23,ACC-0472,ACC-0470,130558.09,INR,RTGS,transfer,shopping,Chennai,completed,,
TXN-41CF9D28CFFC,2026-07-15 13:50:21,ACC-0511,ACC-0345,13424.33,INR,UPI,transfer,medical,Kolkata,completed,,
TXN-14D30EC415CE,2026-07-15 14:16:12,ACC-0447,ACC-0323,68018.97,INR,CASH,transfer,groceries,Kolkata,completed,,
TXN-469240F1A8F4,2026-07-15 14:32:32,ACC-0308,ACC-0371,20886.23,INR,UPI,transfer,,Delhi,completed,,
TXN-6D025EFC44D8,2026-07-15 14:40:45,ACC-0422,ACC-0374,16622.7,INR,UPI,transfer,medical,Chennai,completed,,
TXN-48EC5BCE75D8,2026-07-15 14:56:15,ACC-0331,ACC-0221,15434.86,INR,IMPS,transfer,medical,Chennai,completed,,
TXN-78988C5CF03D,2026-07-15 14:59:33,ACC-0473,ACC-0354,33076.04,INR,UPI,transfer,groceries,Chennai,completed,,
TXN-59A848B90F39,2026-07-15 15:06:42,ACC-0201,ACC-0180,14937.52,INR,IMPS,transfer,shopping,Delhi,completed,,
TXN-38C88560D5B3,2026-07-15 15:11:24,ACC-0263,ACC-0214,29153.19,INR,UPI,transfer,utilities,Delhi,completed,,
TXN-B2B23713ED6A,2026-07-15 15:19:20,ACC-0373,ACC-0371,12736.81,INR,IMPS,transfer,subscription,Bangalore,completed,,
TXN-B536EE45F01D,2026-07-15 15:20:21,ACC-0214,ACC-0280,50345.9,INR,UPI,transfer,groceries,Pune,completed,,
TXN-1DF0FB4CE531,2026-07-15 15:35:38,ACC-0506,ACC-0145,12587.71,INR,NEFT,transfer,medical,Bangalore,completed,,
TXN-20880C1F6A00,2026-07-15 15:41:29,ACC-0237,ACC-0148,15017.13,INR,UPI,transfer,fuel,Kolkata,completed,,
TXN-177AE82B7886,2026-07-15 15:44:35,ACC-0428,ACC-0100,22338.93,INR,NEFT,transfer,shopping,Pune,completed,,
TXN-BCBDB35EB451,2026-07-15 15:45:24,ACC-0182,ACC-0420,17384.93,INR,UPI,transfer,,Pune,completed,,
TXN-A7A43D11F3B9,2026-07-15 15:52:39,ACC-0541,ACC-0156,11511.89,INR,CASH,transfer,utilities,Hyderabad,completed,,
TXN-C016ED058D3B,2026-07-15 16:02:05,ACC-0361,ACC-0476,11676.59,INR,NEFT,transfer,subscription,Mumbai,completed,,
TXN-CC4DC255CE90,2026-07-15 16:18:26,ACC-0206,ACC-0566,28580.6,INR,NEFT,transfer,shopping,Ahmedabad,completed,,
TXN-D0F5B6C16D6E,2026-07-15 16:20:10,ACC-0325,ACC-0190,21041.77,INR,NEFT,transfer,groceries,Pune,completed,,
TXN-55C9D5649677,2026-07-15 16:24:15,ACC-0157,ACC-0109,20657.18,INR,RTGS,transfer,medical,Hyderabad,completed,,
TXN-24F964B623C6,2026-07-15 16:48:16,ACC-0103,ACC-0441,10761.75,INR,NEFT,transfer,shopping,Chennai,completed,,
TXN-47D374EAAC4E,2026-07-15 16:48:24,ACC-0392,ACC-0592,25906.16,INR,NEFT,transfer,,Bangalore,completed,,
TXN-F50DA70BC098,2026-07-15 16:59:08,ACC-0405,ACC-0337,7771.82,INR,IMPS,transfer,rent,Kolkata,completed,,
TXN-88A5D862ABC8,2026-07-15 17:03:13,ACC-0587,ACC-0349,14814.26,INR,NEFT,transfer,groceries,Kolkata,completed,,
TXN-CA19DFF30D08,2026-07-15 17:21:48,ACC-0442,ACC-0101,20826.14,INR,CASH,transfer,fuel,Delhi,completed,,
TXN-D3CB28DF549B,2026-07-15 17:54:56,ACC-0561,ACC-0387,16670.58,INR,UPI,transfer,groceries,Mumbai,completed,,
TXN-3F32A93CF3F0,2026-07-15 17:56:04,ACC-0523,ACC-0207,23055.44,INR,CASH,transfer,medical,Kolkata,completed,,
TXN-6CB950486878,2026-07-15 18:03:10,ACC-0148,ACC-0140,19061.65,INR,IMPS,transfer,subscription,Pune,completed,,
TXN-832CDE20DA74,2026-07-15 18:09:50,ACC-0293,ACC-0588,77806.4,INR,IMPS,transfer,rent,Ahmedabad,completed,,
TXN-C929D8606C3F,2026-07-15 18:32:46,ACC-0276,ACC-0219,20866.5,INR,NEFT,transfer,,Kolkata,completed,,
TXN-DADA599E33A5,2026-07-15 18:36:32,ACC-0484,ACC-0307,9669.36,INR,IMPS,transfer,medical,Mumbai,completed,,
TXN-37EB3579937D,2026-07-15 18:57:58,ACC-0219,ACC-0533,12171.12,INR,IMPS,transfer,utilities,Bangalore,completed,,
TXN-E8131FC20387,2026-07-15 19:17:04,ACC-0375,ACC-0533,23351.06,INR,UPI,transfer,restaurant,Ahmedabad,completed,,
TXN-B6B2F9BCE4FE,2026-07-15 19:17:26,ACC-0571,ACC-0529,11087.12,INR,IMPS,transfer,groceries,Bangalore,completed,,
TXN-AF811FF05CF6,2026-07-15 19:21:20,ACC-0188,ACC-0354,10455.94,INR,UPI,transfer,shopping,Hyderabad,completed,,
TXN-A9E95FBAAF42,2026-07-15 19:24:58,ACC-0170,ACC-0477,17401.15,INR,UPI,transfer,,Bangalore,completed,,
TXN-6A89D22EC97B,2026-07-15 19:38:36,ACC-0199,ACC-0182,7209.96,INR,CASH,transfer,shopping,Pune,completed,,
TXN-7279F7FE108A,2026-07-15 19:39:11,ACC-0549,ACC-0248,15498.04,INR,UPI,transfer,shopping,Chennai,completed,,
TXN-2C91C2D126D3,2026-07-15 19:40:30,ACC-0487,ACC-0488,17504.92,INR,UPI,transfer,subscription,Pune,completed,,
TXN-CCB4D00F48AD,2026-07-15 20:03:04,ACC-0561,ACC-0343,20963.01,INR,UPI,transfer,fuel,Chennai,completed,,
TXN-BB9E93F06F0C,2026-07-15 20:07:31,ACC-0554,ACC-0557,31922.36,INR,UPI,transfer,fuel,Mumbai,completed,,
TXN-3A1EB481DE33,2026-07-15 20:15:13,ACC-0543,ACC-0524,51745.52,INR,NEFT,transfer,,Delhi,completed,,
TXN-E398B85941E2,2026-07-15 20:17:18,ACC-0457,ACC-0475,17413.71,INR,NEFT,transfer,utilities,Mumbai,completed,,
TXN-30C4FF738CA7,2026-07-15 20:25:10,ACC-0125,ACC-0231,22165.85,INR,RTGS,transfer,groceries,Delhi,completed,,
TXN-5F029DB946B3,2026-07-15 20:27:38,ACC-0202,ACC-0362,13138.73,INR,UPI,transfer,,Hyderabad,completed,,
TXN-04424C64D3D2,2026-07-15 20:33:37,ACC-0393,ACC-0146,20084.02,INR,NEFT,transfer,restaurant,Hyderabad,completed,,
TXN-E91E0DA48561,2026-07-15 20:38:57,ACC-0396,ACC-0186,17807.2,INR,UPI,transfer,,Ahmedabad,completed,,
TXN-6BF2F17A5AB0,2026-07-15 20:40:19,ACC-0235,ACC-0197,43593.66,INR,CASH,transfer,subscription,Delhi,completed,,
TXN-97FA6F2C3938,2026-07-15 20:55:03,ACC-0512,ACC-0191,25884.14,INR,NEFT,transfer,,Ahmedabad,completed,,
TXN-63EF5AC15787,2026-07-15 20:55:10,ACC-0566,ACC-0516,15839.23,INR,IMPS,transfer,medical,Hyderabad,completed,,
TXN-07E42784C80E,2026-07-15 20:56:45,ACC-0288,ACC-0343,21772.01,INR,UPI,transfer,,Hyderabad,completed,,
TXN-D3ABDDBF9E5B,2026-07-15 21:04:07,ACC-0171,ACC-0553,25062.83,INR,NEFT,transfer,restaurant,Ahmedabad,completed,,
TXN-5C6B00A1BF2A,2026-07-15 21:10:27,ACC-0120,ACC-0265,12645.06,INR,UPI,transfer,medical,Kolkata,completed,,
TXN-09EF134E7EAB,2026-07-15 21:12:07,ACC-0539,ACC-0556,22374.23,INR,UPI,transfer,subscription,Pune,completed,,
TXN-4EF30E0B42DF,2026-07-15 21:13:15,ACC-0157,ACC-0406,22385.76,INR,UPI,transfer,shopping,Hyderabad,completed,,
TXN-09FAF167FD8D,2026-07-15 21:17:11,ACC-0579,ACC-0418,21249.84,INR,UPI,transfer,,Kolkata,completed,,
TXN-5F80DF4BBB88,2026-07-15 21:17:20,ACC-0158,ACC-0548,17202.02,INR,NEFT,transfer,shopping,Bangalore,completed,,
TXN-463265243D6D,2026-07-15 21:20:14,ACC-0230,ACC-0523,18016.49,INR,NEFT,transfer,,Delhi,completed,,
TXN-752F9E6F1163,2026-07-15 21:22:43,ACC-0265,ACC-0261,45527.86,INR,UPI,transfer,restaurant,Mumbai,completed,,
TXN-6A4F6FC8112C,2026-07-15 21:23:44,ACC-0307,ACC-0234,12004.72,INR,NEFT,transfer,,Hyderabad,completed,,
TXN-64F59FEE8DC3,2026-07-15 21:24:38,ACC-0126,ACC-0163,21732.47,INR,UPI,transfer,,Pune,completed,,
TXN-7D89CBF9D885,2026-07-15 21:27:16,ACC-0124,ACC-0288,23645.45,INR,IMPS,transfer,,Chennai,completed,,
TXN-5E2BB3811AD3,2026-07-15 21:27:34,ACC-0139,ACC-0393,6987.98,INR,NEFT,transfer,,Kolkata,completed,,
TXN-393BE6E04C70,2026-07-15 21:42:39,ACC-0241,ACC-0150,22690.29,INR,NEFT,transfer,rent,Ahmedabad,completed,,
TXN-136264425541,2026-07-15 21:49:12,ACC-0213,ACC-0462,10200.45,INR,NEFT,transfer,,Delhi,completed,,
TXN-06CA33C3E74B,2026-07-15 21:49:23,ACC-0184,ACC-0524,30366.33,INR,UPI,transfer,restaurant,Chennai,completed,,
TXN-95771BBD9266,2026-07-15 21:49:43,ACC-0246,ACC-0552,11951.58,INR,UPI,transfer,,Delhi,completed,,
TXN-4693E972300D,2026-07-15 21:51:39,ACC-0401,ACC-0505,28508.33,INR,UPI,transfer,,Hyderabad,completed,,
TXN-E9894B2C7842,2026-07-15 21:52:42,ACC-0577,ACC-0252,13370.38,INR,CASH,transfer,fuel,Kolkata,completed,,
TXN-C225516E109B,2026-07-15 22:11:07,ACC-0566,ACC-0266,12521.03,INR,NEFT,transfer,restaurant,Bangalore,completed,,
TXN-5DE28F7CCF0D,2026-07-15 22:17:36,ACC-0588,ACC-0336,58873.08,INR,NEFT,transfer,medical,Chennai,completed,,
TXN-43501AB6F149,2026-07-15 22:19:27,ACC-0397,ACC-0451,715.05,INR,IMPS,transfer,,Ahmedabad,completed,,
TXN-CE326EDB197D,2026-07-15 22:19:37,ACC-0299,ACC-0275,21235.33,INR,UPI,transfer,subscription,Chennai,completed,,
TXN-5135061C1BD1,2026-07-15 22:22:00,ACC-0356,ACC-0104,100201.07,INR,NEFT,transfer,rent,Bangalore,completed,,
TXN-D8E9E1DA151A,2026-07-15 22:35:37,ACC-0549,ACC-0405,17640.43,INR,IMPS,transfer,subscription,Pune,completed,,
TXN-11658F7D7AE4,2026-07-15 22:39:39,ACC-0259,ACC-0505,33424.38,INR,NEFT,transfer,rent,Chennai,completed,,
TXN-A8F4E3FBA3E9,2026-07-15 22:42:19,ACC-0148,ACC-0297,17577.54,INR,NEFT,transfer,subscription,Pune,completed,,
TXN-8E7F696049B4,2026-07-15 22:44:53,ACC-0307,ACC-0113,12596.89,INR,NEFT,transfer,restaurant,Pune,completed,,
TXN-E77A91ACEB1C,2026-07-15 22:56:50,ACC-0499,ACC-0589,12533.85,INR,CASH,transfer,utilities,Pune,completed,,
TXN-B807D7DB0FF3,2026-07-15 22:58:01,ACC-0575,ACC-0550,17722.2,INR,UPI,transfer,subscription,Chennai,completed,,
TXN-16B059711952,2026-07-15 23:10:43,ACC-0419,ACC-0524,18738.92,INR,CASH,transfer,groceries,Kolkata,completed,,
TXN-7AFE36985140,2026-07-15 23:20:03,ACC-0189,ACC-0169,15829.69,INR,UPI,transfer,rent,Chennai,completed,,
TXN-05EC74B6BABD,2026-07-15 23:20:26,ACC-0181,ACC-0442,18100.39,INR,NEFT,transfer,subscription,Mumbai,completed,,
TXN-A3A4C99CE6F7,2026-07-15 23:35:27,ACC-0320,ACC-0168,21982.73,INR,RTGS,transfer,,Delhi,completed,,
TXN-5E3C885AAEBD,2026-07-15 23:36:18,ACC-0204,ACC-0198,24722.56,INR,UPI,transfer,shopping,Chennai,completed,,
TXN-500677544059,2026-07-15 23:48:51,ACC-0186,ACC-0247,20271.42,INR,IMPS,transfer,,Mumbai,completed,,
TXN-37BBCC7DB811,2026-07-15 23:55:05,ACC-0116,ACC-0374,55681.93,INR,RTGS,transfer,utilities,Bangalore,completed,,
TXN-41902F284FD2,2026-07-16 00:08:32,ACC-0147,ACC-0300,11116.0,INR,CASH,transfer,,Delhi,completed,,
TXN-D67AE20FE7D0,2026-07-16 00:12:57,ACC-0109,ACC-0324,23191.38,INR,UPI,transfer,rent,Kolkata,completed,,
TXN-02E9FF7C92D2,2026-07-16 00:18:47,ACC-0432,ACC-0300,22733.32,INR,RTGS,transfer,fuel,Pune,completed,,
TXN-D321BEC24361,2026-07-16 00:27:36,ACC-0507,ACC-0542,21963.9,INR,CASH,transfer,medical,Bangalore,completed,,
TXN-F17F26D7B482,2026-07-16 00:30:35,ACC-0297,ACC-0113,14675.07,INR,UPI,transfer,rent,Pune,completed,,
TXN-957AD8AA25F5,2026-07-16 00:33:35,ACC-0323,ACC-0386,11023.07,INR,UPI,transfer,fuel,Pune,completed,,
TXN-3B5A2FA73E9F,2026-07-16 00:39:41,ACC-0351,ACC-0176,17591.15,INR,UPI,transfer,medical,Ahmedabad,completed,,
TXN-A129673968DC,2026-07-16 01:03:40,ACC-0180,ACC-0133,21554.31,INR,RTGS,transfer,rent,Ahmedabad,completed,,
TXN-82A4891529FB,2026-07-16 01:25:58,ACC-0109,ACC-0111,23281.38,INR,IMPS,transfer,groceries,Mumbai,completed,,
TXN-7B7C0598D178,2026-07-16 01:30:06,ACC-0445,ACC-0326,16472.5,INR,NEFT,transfer,medical,Kolkata,completed,,
TXN-658276989B92,2026-07-16 01:44:04,ACC-0466,ACC-0479,10287.47,INR,NEFT,transfer,medical,Kolkata,completed,,
TXN-AAE8948EB6DC,2026-07-16 01:51:13,ACC-0514,ACC-0390,12561.08,INR,NEFT,transfer,,Bangalore,completed,,
TXN-4A295F1D1B82,2026-07-16 01:56:09,ACC-0519,ACC-0128,13534.97,INR,UPI,transfer,,Delhi,completed,,
TXN-EC2ADB0383E4,2026-07-16 02:06:58,ACC-0436,ACC-0390,15312.35,INR,NEFT,transfer,medical,Delhi,completed,,
TXN-F6A81FA9F785,2026-07-16 02:12:11,ACC-0291,ACC-0284,19373.47,INR,UPI,transfer,restaurant,Hyderabad,completed,,
TXN-E627C5548A76,2026-07-16 02:14:33,ACC-0505,ACC-0508,19893.91,INR,UPI,transfer,rent,Kolkata,completed,,
TXN-A1347887D613,2026-07-16 02:19:02,ACC-0149,ACC-0146,14389.58,INR,NEFT,transfer,utilities,Chennai,completed,,
TXN-CE18FB482558,2026-07-16 02:22:40,ACC-0536,ACC-0291,4045.55,INR,UPI,transfer,medical,Delhi,completed,,
TXN-30AB237DF8CB,2026-07-16 02:28:25,ACC-0379,ACC-0480,22531.73,INR,RTGS,transfer,medical,Chennai,completed,,
TXN-BA77ED0F02F9,2026-07-16 02:38:30,ACC-0570,ACC-0379,39213.17,INR,UPI,transfer,restaurant,Pune,completed,,
TXN-5C2C39778200,2026-07-16 03:01:36,ACC-0515,ACC-0167,8530.31,INR,UPI,transfer,fuel,Pune,completed,,
TXN-C44312ADB983,2026-07-16 03:06:31,ACC-0423,ACC-0516,18432.49,INR,NEFT,transfer,medical,Ahmedabad,completed,,
TXN-51855126CE0C,2026-07-16 03:11:57,ACC-0438,ACC-0158,5579.19,INR,UPI,transfer,shopping,Mumbai,completed,,
TXN-871BE2F756D1,2026-07-16 03:17:42,ACC-C-001,ACC-0267,17332.61,INR,IMPS,transfer,rent,Delhi,completed,,
TXN-63FF0F61D486,2026-07-16 03:17:43,ACC-0124,ACC-0203,22186.93,INR,RTGS,transfer,subscription,Kolkata,completed,,
TXN-A45282FAD5FB,2026-07-16 03:28:42,ACC-0413,ACC-0455,18123.48,INR,NEFT,transfer,restaurant,Hyderabad,completed,,
TXN-03EFC6749FE6,2026-07-16 03:30:03,ACC-0296,ACC-0153,13773.67,INR,UPI,transfer,subscription,Ahmedabad,completed,,
TXN-535DF7B8F7F4,2026-07-16 03:39:51,ACC-0398,ACC-G-001,9949.71,INR,NEFT,transfer,medical,Kolkata,completed,,
TXN-08AF84B842E0,2026-07-16 03:40:01,ACC-F-001,ACC-0465,14536.18,INR,RTGS,transfer,restaurant,Delhi,completed,,
TXN-8BC18A95D2A8,2026-07-16 03:47:21,ACC-0104,ACC-0151,19225.36,INR,IMPS,transfer,groceries,Bangalore,completed,,
TXN-40F177FD1060,2026-07-16 03:52:06,ACC-0570,ACC-0496,12748.53,INR,IMPS,transfer,fuel,Ahmedabad,completed,,
TXN-DA1B0CD1D94E,2026-07-16 03:54:07,ACC-0270,ACC-0351,11686.47,INR,IMPS,transfer,shopping,Mumbai,completed,,
TXN-DAF0FE42787D,2026-07-16 04:00:33,ACC-0399,ACC-0388,23491.3,INR,UPI,transfer,restaurant,Pune,completed,,
TXN-180CEDC724F4,2026-07-16 04:04:13,ACC-0519,ACC-0175,10165.88,INR,IMPS,transfer,shopping,Kolkata,completed,,
TXN-B72D52E23F90,2026-07-16 04:04:13,ACC-0394,ACC-0128,18296.94,INR,UPI,transfer,groceries,Mumbai,completed,,
TXN-8DD19D04123D,2026-07-16 04:24:03,ACC-0468,ACC-0285,9058.85,INR,IMPS,transfer,,Chennai,completed,,
TXN-8965F5B9CBBB,2026-07-16 04:24:33,ACC-0461,ACC-0189,41312.98,INR,RTGS,transfer,fuel,Chennai,completed,,
TXN-B1220697E8F0,2026-07-16 04:29:49,ACC-0113,ACC-0145,10987.6,INR,NEFT,transfer,rent,Kolkata,completed,,
TXN-5F7E9AA812BC,2026-07-16 04:33:04,ACC-0510,ACC-0254,21974.24,INR,IMPS,transfer,,Chennai,completed,,
TXN-E737005F6877,2026-07-16 04:47:45,ACC-0254,ACC-0251,11785.11,INR,UPI,transfer,,Delhi,completed,,
TXN-25A9ADF82A23,2026-07-16 05:20:42,ACC-0175,ACC-0127,18411.22,INR,UPI,transfer,,Hyderabad,completed,,
TXN-36D64B5AACD4,2026-07-16 05:24:16,ACC-0174,ACC-0145,20922.8,INR,UPI,transfer,shopping,Delhi,completed,,
TXN-2CDB22989865,2026-07-16 05:28:11,ACC-0259,ACC-0182,95931.69,INR,UPI,transfer,restaurant,Mumbai,completed,,
TXN-E57DF04E21FF,2026-07-16 06:00:51,ACC-0534,ACC-0499,11931.73,INR,UPI,transfer,groceries,Kolkata,completed,,
TXN-A672A6398021,2026-07-16 06:12:38,ACC-0492,ACC-0174,2471.98,INR,IMPS,transfer,utilities,Mumbai,completed,,
TXN-924AA1023756,2026-07-16 06:13:12,ACC-0225,ACC-0592,976.29,INR,NEFT,transfer,,Delhi,completed,,
TXN-4A4624B0E818,2026-07-16 06:15:55,ACC-0418,ACC-0381,7888.57,INR,UPI,transfer,groceries,Mumbai,completed,,
TXN-88D824C21041,2026-07-16 06:19:43,ACC-0431,ACC-0343,6019.85,INR,UPI,transfer,,Kolkata,completed,,
TXN-CC6CC591F716,2026-07-16 06:40:42,ACC-0230,ACC-0546,16428.85,INR,IMPS,transfer,,Delhi,completed,,
TXN-03CA453C668C,2026-07-16 06:48:35,ACC-0491,ACC-0135,41243.92,INR,IMPS,transfer,subscription,Kolkata,completed,,
TXN-7B42EA8CDE82,2026-07-16 06:48:38,ACC-0277,ACC-0411,24320.22,INR,UPI,transfer,subscription,Delhi,completed,,
TXN-50C75C537CE5,2026-07-16 06:55:22,ACC-F-001,ACC-0164,18573.31,INR,UPI,transfer,medical,Delhi,completed,,
TXN-BFF178EC74A5,2026-07-16 06:55:26,ACC-0405,ACC-0441,14692.21,INR,IMPS,transfer,shopping,Hyderabad,completed,,
TXN-5C85A8F941EB,2026-07-16 06:57:52,ACC-0549,ACC-C-001,12479.96,INR,UPI,transfer,,Kolkata,completed,,
TXN-FE43CF78C7A9,2026-07-16 06:58:18,ACC-0210,ACC-0223,19471.45,INR,UPI,transfer,utilities,Bangalore,completed,,
TXN-8DF4066CA897,2026-07-16 07:24:38,ACC-0414,ACC-0213,1308.45,INR,IMPS,transfer,,Chennai,completed,,
TXN-1AA7C5D31F80,2026-07-16 07:37:35,ACC-0416,ACC-0510,9310.06,INR,NEFT,transfer,rent,Bangalore,completed,,
TXN-2CB3D0F98039,2026-07-16 07:41:30,ACC-C-001,ACC-0196,25115.46,INR,NEFT,transfer,medical,Bangalore,completed,,
TXN-47CD53B3722B,2026-07-16 07:45:43,ACC-0210,ACC-0390,21354.75,INR,NEFT,transfer,shopping,Pune,completed,,
TXN-19406070A745,2026-07-16 07:47:59,ACC-0410,ACC-0275,11025.35,INR,IMPS,transfer,,Bangalore,completed,,
TXN-FA3869CD96D9,2026-07-16 07:58:34,ACC-0557,ACC-0162,22502.03,INR,IMPS,transfer,subscription,Kolkata,completed,,
TXN-2EC923A2DB32,2026-07-16 08:01:55,ACC-0568,ACC-0370,17609.33,INR,IMPS,transfer,groceries,Hyderabad,completed,,
TXN-A352F56FAFFB,2026-07-16 08:07:01,ACC-0321,ACC-0331,11275.41,INR,UPI,transfer,subscription,Mumbai,completed,,
TXN-24BDBB76AD21,2026-07-16 08:08:28,ACC-0424,ACC-0198,35895.26,INR,IMPS,transfer,restaurant,Kolkata,completed,,
TXN-1A4300386B6C,2026-07-16 08:19:11,ACC-0371,ACC-0410,18819.64,INR,CASH,transfer,utilities,Hyderabad,completed,,
TXN-A419A7B5C3D4,2026-07-16 08:20:40,ACC-0359,ACC-0368,16007.76,INR,NEFT,transfer,rent,Pune,completed,,
TXN-92EF97DA4163,2026-07-16 08:42:09,ACC-0475,ACC-0428,91142.83,INR,UPI,transfer,medical,Mumbai,completed,,
TXN-06CA38B0DD6D,2026-07-16 09:03:19,ACC-0147,ACC-0587,13785.82,INR,UPI,transfer,utilities,Ahmedabad,completed,,
TXN-EB9EFE306333,2026-07-16 09:24:18,ACC-0475,ACC-0174,47012.62,INR,UPI,transfer,restaurant,Pune,completed,,
TXN-E9A6C83C64F7,2026-07-16 09:48:22,ACC-0429,ACC-0149,13609.6,INR,UPI,transfer,subscription,Kolkata,completed,,
TXN-E3D911DCA57C,2026-07-16 10:12:36,ACC-0344,ACC-0429,40186.95,INR,NEFT,transfer,,Mumbai,completed,,
TXN-80EE7C6C46FB,2026-07-16 10:15:06,ACC-0584,ACC-0377,22884.41,INR,NEFT,transfer,rent,Kolkata,completed,,
TXN-BEAEF6419740,2026-07-16 10:23:01,ACC-0470,ACC-0387,13645.73,INR,UPI,transfer,shopping,Ahmedabad,completed,,
TXN-2C967FA6B044,2026-07-16 10:31:02,ACC-0546,ACC-0549,58653.44,INR,IMPS,transfer,utilities,Kolkata,completed,,
TXN-9DBEBF159F6F,2026-07-16 10:41:43,ACC-0486,ACC-0234,71306.38,INR,IMPS,transfer,shopping,Chennai,completed,,
TXN-F8609341587E,2026-07-16 11:25:36,ACC-0256,ACC-0397,11457.3,INR,IMPS,transfer,groceries,Chennai,completed,,
TXN-B45BCFF53BC0,2026-07-16 11:47:37,ACC-0359,ACC-0192,18103.29,INR,UPI,transfer,utilities,Ahmedabad,completed,,
TXN-F79BDD943E89,2026-07-16 12:01:31,ACC-C-001,ACC-0126,17797.79,INR,UPI,transfer,,Kolkata,completed,,
TXN-EC26887AC6C6,2026-07-16 12:04:35,ACC-0228,ACC-0530,19298.49,INR,NEFT,transfer,,Mumbai,completed,,
TXN-BF3D70FC9A3F,2026-07-16 12:07:41,ACC-0246,ACC-0175,12272.14,INR,UPI,transfer,medical,Bangalore,completed,,
TXN-9E0715773852,2026-07-16 12:15:54,ACC-0313,ACC-0265,22346.78,INR,UPI,transfer,fuel,Delhi,completed,,
TXN-86DB60F8E475,2026-07-16 12:17:55,ACC-0451,ACC-0488,19682.45,INR,NEFT,transfer,fuel,Bangalore,completed,,
TXN-DE6285CA6FD1,2026-07-16 12:23:35,ACC-0310,ACC-0303,23616.07,INR,RTGS,transfer,rent,Mumbai,completed,,
TXN-E4B90942B795,2026-07-16 12:31:18,ACC-0425,ACC-0238,23821.22,INR,UPI,transfer,rent,Kolkata,completed,,
TXN-22613E35543E,2026-07-16 12:46:43,ACC-0308,ACC-0589,16060.03,INR,IMPS,transfer,rent,Ahmedabad,completed,,
TXN-5618F130649B,2026-07-16 12:46:47,ACC-0215,ACC-0390,12488.69,INR,UPI,transfer,,Mumbai,completed,,
TXN-703E4AA13773,2026-07-16 12:52:40,ACC-0469,ACC-0192,20992.88,INR,RTGS,transfer,restaurant,Bangalore,completed,,
TXN-9328F95C7518,2026-07-16 13:01:43,ACC-0309,ACC-0322,11671.54,INR,UPI,transfer,utilities,Mumbai,completed,,
TXN-8628164BBCFC,2026-07-16 13:17:02,ACC-0532,ACC-0255,29783.01,INR,IMPS,transfer,fuel,Bangalore,completed,,
TXN-CE4C359A29B1,2026-07-16 13:29:28,ACC-0459,ACC-0504,139787.71,INR,UPI,transfer,restaurant,Pune,completed,,
TXN-D53560A1C76E,2026-07-16 13:33:04,ACC-0264,ACC-0494,8114.62,INR,IMPS,transfer,restaurant,Hyderabad,completed,,
TXN-2A24FB4EC12B,2026-07-16 14:20:07,ACC-0286,ACC-0410,20903.05,INR,UPI,transfer,rent,Kolkata,completed,,
TXN-E72FFDB037EF,2026-07-16 14:22:13,ACC-0455,ACC-0155,19971.82,INR,NEFT,transfer,rent,Ahmedabad,completed,,
TXN-0417E1FA1279,2026-07-16 14:42:04,ACC-0487,ACC-0130,27185.44,INR,RTGS,transfer,,Delhi,completed,,
TXN-61408C641553,2026-07-16 14:45:04,ACC-0302,ACC-0413,10744.11,INR,CASH,transfer,subscription,Bangalore,completed,,
TXN-F1B80E30021F,2026-07-16 14:45:43,ACC-0104,ACC-0580,17705.2,INR,IMPS,transfer,,Chennai,completed,,
TXN-B0AF14EC848C,2026-07-16 14:56:01,ACC-0528,ACC-0441,20421.5,INR,CASH,transfer,,Hyderabad,completed,,
TXN-12C476C62280,2026-07-16 14:56:18,ACC-0108,ACC-0220,21292.74,INR,NEFT,transfer,shopping,Ahmedabad,completed,,
TXN-CCA6CC47E475,2026-07-16 14:58:58,ACC-0247,ACC-0270,11601.59,INR,RTGS,transfer,,Delhi,completed,,
TXN-79B8EDB47BCF,2026-07-16 15:04:34,ACC-0260,ACC-0395,20304.02,INR,NEFT,transfer,groceries,Bangalore,completed,,
TXN-3DD35739AD02,2026-07-16 15:06:13,ACC-0345,ACC-0536,1763.01,INR,UPI,transfer,rent,Kolkata,completed,,
TXN-D6F0C89A699F,2026-07-16 15:36:46,ACC-0192,ACC-0111,98376.11,INR,NEFT,transfer,groceries,Chennai,completed,,
TXN-3A32FD7119C6,2026-07-16 15:55:20,ACC-0502,ACC-0293,28168.28,INR,IMPS,transfer,shopping,Hyderabad,completed,,
TXN-BF559A6BD515,2026-07-16 15:56:47,ACC-A-001,ACC-0155,88.45,INR,NEFT,transfer,utilities,Chennai,completed,,
TXN-D18A057367EC,2026-07-16 15:59:21,ACC-0339,ACC-0315,20895.66,INR,NEFT,transfer,restaurant,Hyderabad,completed,,
TXN-DA24276B96EE,2026-07-16 16:05:09,ACC-0462,ACC-0379,25214.03,INR,CASH,transfer,rent,Hyderabad,completed,,
TXN-D03020066A4B,2026-07-16 16:07:49,ACC-0384,ACC-0186,21422.45,INR,NEFT,transfer,restaurant,Delhi,completed,,
TXN-AD62A84B5C90,2026-07-16 16:26:35,ACC-0504,ACC-0230,21053.95,INR,RTGS,transfer,shopping,Chennai,completed,,
TXN-48DD12085C9A,2026-07-16 16:31:15,ACC-0308,ACC-0581,24469.6,INR,IMPS,transfer,restaurant,Kolkata,completed,,
TXN-B02F3405FB0B,2026-07-16 16:43:36,ACC-0147,ACC-0337,11545.23,INR,IMPS,transfer,subscription,Kolkata,completed,,
TXN-A95B42E167D7,2026-07-16 16:44:08,ACC-0331,ACC-0550,53720.94,INR,RTGS,transfer,rent,Mumbai,completed,,
TXN-E82075B88AD5,2026-07-16 17:25:45,ACC-0372,ACC-0206,21693.35,INR,UPI,transfer,subscription,Chennai,completed,,
TXN-7D53253870A6,2026-07-16 17:26:43,ACC-0310,ACC-0374,23043.39,INR,IMPS,transfer,subscription,Ahmedabad,completed,,
TXN-8043EB0C44DB,2026-07-16 17:56:04,ACC-0125,ACC-0510,20574.35,INR,UPI,transfer,groceries,Kolkata,completed,,
TXN-71D8B95D73B1,2026-07-16 17:59:03,ACC-0196,ACC-0143,20279.21,INR,UPI,transfer,fuel,Delhi,completed,,
TXN-BEFE5AF580B7,2026-07-16 18:01:57,ACC-E-001,ACC-0345,11624.93,INR,UPI,transfer,fuel,Kolkata,completed,,
TXN-CD29B85C2431,2026-07-16 18:14:53,ACC-0548,ACC-0262,17497.75,INR,UPI,transfer,utilities,Kolkata,completed,,
TXN-85F274B95D9C,2026-07-16 18:15:34,ACC-0267,ACC-0428,17348.4,INR,NEFT,transfer,restaurant,Chennai,completed,,
TXN-77D29071CA59,2026-07-16 18:34:47,ACC-0110,ACC-0101,6163.77,INR,UPI,transfer,restaurant,Pune,completed,,
TXN-B5D26B6B059B,2026-07-16 18:42:38,ACC-0435,ACC-0234,30275.08,INR,NEFT,transfer,shopping,Chennai,completed,,
TXN-7A35DB863097,2026-07-16 18:43:49,ACC-0269,ACC-0524,72001.89,INR,NEFT,transfer,medical,Chennai,completed,,
TXN-93268141BF7C,2026-07-16 19:12:41,ACC-0184,ACC-0559,21828.59,INR,NEFT,transfer,rent,Ahmedabad,completed,,
TXN-72F08793AD2F,2026-07-16 19:15:09,ACC-0492,ACC-0576,75548.9,INR,IMPS,transfer,fuel,Chennai,completed,,
TXN-B49944C1AE09,2026-07-16 19:20:34,ACC-0234,ACC-0245,12730.96,INR,NEFT,transfer,shopping,Chennai,completed,,
TXN-EB51B957FC88,2026-07-16 19:51:57,ACC-0326,ACC-0450,26943.86,INR,IMPS,transfer,rent,Ahmedabad,completed,,
TXN-86D098F295E8,2026-07-16 20:42:49,ACC-0160,ACC-0171,8894.82,INR,IMPS,transfer,utilities,Bangalore,completed,,
TXN-E547FC02133A,2026-07-16 20:47:37,ACC-0258,ACC-0125,27203.76,INR,NEFT,transfer,rent,Pune,completed,,
TXN-A31EAF4611DE,2026-07-16 20:49:26,ACC-0187,ACC-0328,18152.25,INR,IMPS,transfer,,Kolkata,completed,,
TXN-00CCE8823B0A,2026-07-16 21:10:46,ACC-0412,ACC-0258,19296.58,INR,IMPS,transfer,restaurant,Mumbai,completed,,
TXN-50617D5C97D1,2026-07-16 21:17:42,ACC-0217,ACC-0382,11638.79,INR,UPI,transfer,rent,Pune,completed,,
TXN-8B7A74CB30D4,2026-07-16 21:24:18,ACC-0488,ACC-0573,22341.2,INR,IMPS,transfer,medical,Pune,completed,,
TXN-BDB7E0046BC5,2026-07-16 21:30:26,ACC-0457,ACC-0249,21508.85,INR,RTGS,transfer,utilities,Chennai,completed,,
TXN-72540D2B9DF1,2026-07-16 21:46:44,ACC-0119,ACC-0161,12612.38,INR,NEFT,transfer,groceries,Delhi,completed,,
TXN-CF79F9BE97B2,2026-07-16 21:50:06,ACC-0304,ACC-0190,19897.7,INR,NEFT,transfer,rent,Delhi,completed,,
TXN-5C620A9BA97F,2026-07-16 21:50:16,ACC-0181,ACC-0215,19755.98,INR,UPI,transfer,rent,Mumbai,completed,,
TXN-F8E07245685E,2026-07-16 21:51:48,ACC-0174,ACC-0497,15509.11,INR,NEFT,transfer,utilities,Delhi,completed,,
TXN-EA4068A38239,2026-07-16 21:55:27,ACC-0464,ACC-0385,8877.11,INR,IMPS,transfer,shopping,Pune,completed,,
TXN-7AE86EB2D041,2026-07-16 21:59:14,ACC-0155,ACC-0578,8527.38,INR,UPI,transfer,,Hyderabad,completed,,
TXN-0E1A3D7A1AF0,2026-07-16 22:02:45,ACC-0316,ACC-0461,3134.35,INR,UPI,transfer,restaurant,Kolkata,completed,,
TXN-0756C91A1BBC,2026-07-16 22:05:21,ACC-0437,ACC-0273,21760.06,INR,UPI,transfer,fuel,Pune,completed,,
TXN-6EEC8A947154,2026-07-16 22:05:52,ACC-0583,ACC-0522,16159.81,INR,UPI,transfer,rent,Bangalore,completed,,
TXN-C43D7F9A0DED,2026-07-16 22:08:06,ACC-0217,ACC-0172,15618.92,INR,IMPS,transfer,subscription,Ahmedabad,completed,,
TXN-4D2FDB69170D,2026-07-16 22:15:10,ACC-0319,ACC-0501,17462.86,INR,UPI,transfer,fuel,Ahmedabad,completed,,
TXN-3751391BE0EE,2026-07-16 22:27:06,ACC-0590,ACC-0571,22059.53,INR,NEFT,transfer,,Kolkata,completed,,
TXN-C996E313D315,2026-07-16 23:10:29,ACC-0479,ACC-0579,10352.07,INR,RTGS,transfer,groceries,Ahmedabad,completed,,
TXN-04DAD01FAF06,2026-07-16 23:11:48,ACC-0302,ACC-0553,10732.59,INR,IMPS,transfer,,Kolkata,completed,,
TXN-BE3D14F50CE3,2026-07-16 23:15:36,ACC-0326,ACC-0344,24057.48,INR,UPI,transfer,utilities,Pune,completed,,
TXN-5B781F25D857,2026-07-16 23:20:29,ACC-0435,ACC-0540,102091.1,INR,IMPS,transfer,restaurant,Bangalore,completed,,
TXN-FDE7FA6BBBB3,2026-07-16 23:22:50,ACC-0155,ACC-0565,20131.54,INR,IMPS,transfer,subscription,Bangalore,completed,,
TXN-BC43A21846E5,2026-07-16 23:38:46,ACC-0306,ACC-0337,13912.31,INR,UPI,transfer,restaurant,Delhi,completed,,
TXN-3DD60B409421,2026-07-16 23:48:10,ACC-0308,ACC-F-001,22311.91,INR,NEFT,transfer,rent,Kolkata,completed,,
TXN-C82392416DE7,2026-07-16 23:54:17,ACC-0436,ACC-0437,42689.64,INR,UPI,transfer,fuel,Chennai,completed,,
TXN-3C5C578E3F4D,2026-07-16 23:54:24,ACC-0289,ACC-0297,18922.37,INR,NEFT,transfer,,Chennai,completed,,
TXN-817AB6F1BD69,2026-07-16 23:58:28,ACC-0252,ACC-0190,22781.61,INR,CASH,transfer,,Pune,completed,,
TXN-BC61E928BA1B,2026-07-17 00:19:58,ACC-0534,ACC-0238,12277.25,INR,UPI,transfer,,Kolkata,completed,,
TXN-5B326C0A26F0,2026-07-17 00:28:27,ACC-0432,ACC-0250,20085.25,INR,NEFT,transfer,restaurant,Mumbai,completed,,
TXN-04E769EACB5F,2026-07-17 00:37:18,ACC-0158,ACC-0575,13754.03,INR,IMPS,transfer,medical,Mumbai,completed,,
TXN-337AC3E3C611,2026-07-17 00:41:22,ACC-0410,ACC-0162,8205.66,INR,UPI,transfer,shopping,Pune,completed,,
TXN-14A6806645E7,2026-07-17 00:42:30,ACC-0236,ACC-0113,18909.82,INR,CASH,transfer,shopping,Bangalore,completed,,
TXN-0C324486A139,2026-07-17 00:46:36,ACC-0313,ACC-0256,24194.83,INR,IMPS,transfer,fuel,Hyderabad,completed,,
TXN-D40109F95E9E,2026-07-17 00:48:53,ACC-0581,ACC-0485,22570.89,INR,CASH,transfer,utilities,Kolkata,completed,,
TXN-FC89CF41D620,2026-07-17 00:54:09,ACC-0537,ACC-0368,21813.43,INR,UPI,transfer,fuel,Pune,completed,,
TXN-39B09F094E86,2026-07-17 00:58:25,ACC-0572,ACC-0335,20787.44,INR,UPI,transfer,rent,Bangalore,completed,,
TXN-6644805EB0FE,2026-07-17 00:58:35,ACC-0331,ACC-0451,12368.37,INR,UPI,transfer,rent,Mumbai,completed,,
TXN-91879BCEF946,2026-07-17 01:11:11,ACC-0115,ACC-0156,38203.65,INR,UPI,transfer,restaurant,Ahmedabad,completed,,
TXN-33BB29A06494,2026-07-17 01:13:20,ACC-0101,ACC-0472,10593.11,INR,NEFT,transfer,medical,Mumbai,completed,,
TXN-EBFD8156453F,2026-07-17 01:19:19,ACC-0446,ACC-0239,14115.69,INR,UPI,transfer,restaurant,Bangalore,completed,,
TXN-99AB6438CF0B,2026-07-17 01:24:40,ACC-0562,ACC-0467,26654.93,INR,NEFT,transfer,,Bangalore,completed,,
TXN-E91EAFAE1C53,2026-07-17 01:50:31,ACC-0155,ACC-0414,18993.0,INR,IMPS,transfer,restaurant,Chennai,completed,,
TXN-4B85518E421F,2026-07-17 01:52:00,ACC-0521,ACC-0502,17244.46,INR,NEFT,transfer,shopping,Ahmedabad,completed,,
TXN-A8FC572C4522,2026-07-17 01:59:25,ACC-0327,ACC-0337,22389.6,INR,RTGS,transfer,,Pune,completed,,
TXN-D92455C6A25C,2026-07-17 02:05:27,ACC-0535,ACC-0386,12396.03,INR,UPI,transfer,,Delhi,completed,,
TXN-617F40739406,2026-07-17 02:08:18,ACC-0440,ACC-0558,18703.73,INR,UPI,transfer,utilities,Ahmedabad,completed,,
TXN-B2A71C5CDCB2,2026-07-17 02:14:50,ACC-0196,ACC-0116,23087.68,INR,NEFT,transfer,medical,Pune,completed,,
TXN-E698CF238B1F,2026-07-17 02:17:11,ACC-0401,ACC-0150,11321.5,INR,UPI,transfer,medical,Delhi,completed,,
TXN-2CAEB6849423,2026-07-17 02:19:44,ACC-0444,ACC-G-001,13874.26,INR,UPI,transfer,shopping,Chennai,completed,,
TXN-AF3696250022,2026-07-17 02:54:08,ACC-0239,ACC-0263,10902.55,INR,UPI,transfer,medical,Hyderabad,completed,,
TXN-E9B4EACACC71,2026-07-17 02:55:43,ACC-0325,ACC-0131,20522.96,INR,UPI,transfer,restaurant,Hyderabad,completed,,
TXN-B7FF3B5B3A0D,2026-07-17 03:03:47,ACC-0404,ACC-0233,21076.51,INR,NEFT,transfer,subscription,Kolkata,completed,,
TXN-5AFA5D8912CD,2026-07-17 03:25:19,ACC-0552,ACC-0336,21263.7,INR,UPI,transfer,medical,Chennai,completed,,
TXN-EC06CBEB874E,2026-07-17 03:26:16,ACC-0431,ACC-0395,34675.4,INR,UPI,transfer,utilities,Pune,completed,,
TXN-A61C90F9D3B5,2026-07-17 03:44:52,ACC-0496,ACC-0335,11674.3,INR,CASH,transfer,,Pune,completed,,
TXN-15013283AF99,2026-07-17 03:52:20,ACC-0549,ACC-0334,26645.88,INR,RTGS,transfer,rent,Kolkata,completed,,
TXN-91265C34DD15,2026-07-17 03:52:31,ACC-0390,ACC-0472,26322.16,INR,RTGS,transfer,medical,Mumbai,completed,,
TXN-1CFA484FCF7B,2026-07-17 04:00:41,ACC-0403,ACC-0334,19076.53,INR,UPI,transfer,,Ahmedabad,completed,,
TXN-401B50CABF78,2026-07-17 04:19:13,ACC-0191,ACC-0480,25011.37,INR,RTGS,transfer,rent,Bangalore,completed,,
TXN-A58C6DAF1167,2026-07-17 04:29:43,ACC-0545,ACC-0302,16667.78,INR,RTGS,transfer,utilities,Ahmedabad,completed,,
TXN-6B2F305F9469,2026-07-17 04:47:02,ACC-0529,ACC-0479,25312.78,INR,UPI,transfer,utilities,Hyderabad,completed,,
TXN-E9D3B9919EDD,2026-07-17 04:52:25,ACC-0347,ACC-0178,29085.8,INR,UPI,transfer,shopping,Kolkata,completed,,
TXN-41DA3D65BFA5,2026-07-17 05:00:19,ACC-0532,ACC-0208,27982.67,INR,NEFT,transfer,utilities,Mumbai,completed,,
TXN-5D8FB51DE2C3,2026-07-17 05:12:05,ACC-0570,ACC-0586,6756.5,INR,NEFT,transfer,medical,Chennai,completed,,
TXN-8295C35E5A5D,2026-07-17 05:29:40,ACC-0246,ACC-0420,12001.81,INR,NEFT,transfer,restaurant,Mumbai,completed,,
TXN-E58375C11FAC,2026-07-17 05:34:46,ACC-0152,ACC-0121,21297.44,INR,NEFT,transfer,shopping,Delhi,completed,,
TXN-4D02BCCDDABE,2026-07-17 05:42:33,ACC-0586,ACC-0508,22742.03,INR,RTGS,transfer,subscription,Delhi,completed,,
TXN-A1153A76C664,2026-07-17 05:46:57,ACC-0211,ACC-0187,11942.24,INR,NEFT,transfer,rent,Ahmedabad,completed,,
TXN-2CC3DF8A1C6D,2026-07-17 05:55:24,ACC-0288,ACC-0293,18084.65,INR,RTGS,transfer,fuel,Kolkata,completed,,
TXN-56F370A0FE1B,2026-07-17 06:00:51,ACC-0408,ACC-0180,27637.67,INR,UPI,transfer,groceries,Bangalore,completed,,
TXN-825602585B06,2026-07-17 06:01:49,ACC-0575,ACC-0100,19942.19,INR,IMPS,transfer,,Delhi,completed,,
TXN-47F36DAD2406,2026-07-17 06:31:52,ACC-0266,ACC-0555,20725.0,INR,UPI,transfer,shopping,Ahmedabad,completed,,
TXN-BDA544F2BF28,2026-07-17 06:32:12,ACC-0521,ACC-0171,15492.93,INR,UPI,transfer,,Kolkata,completed,,
TXN-D2D6876A22B8,2026-07-17 06:35:12,ACC-0199,ACC-0465,26865.28,INR,NEFT,transfer,,Delhi,completed,,
TXN-A0190D6C935C,2026-07-17 06:44:00,ACC-0333,ACC-0166,12569.46,INR,UPI,transfer,subscription,Delhi,completed,,
TXN-0991A6D99054,2026-07-17 07:06:44,ACC-0310,ACC-0426,19011.29,INR,UPI,transfer,fuel,Bangalore,completed,,
TXN-4965B34ED37F,2026-07-17 07:13:02,ACC-0125,ACC-0296,21459.84,INR,RTGS,transfer,rent,Mumbai,completed,,
TXN-95A5C323E0D7,2026-07-17 07:25:29,ACC-0342,ACC-0432,20794.72,INR,UPI,transfer,fuel,Kolkata,completed,,
TXN-A8C6B51487FF,2026-07-17 07:27:20,ACC-0367,ACC-0473,13100.33,INR,IMPS,transfer,rent,Kolkata,completed,,
TXN-4B16F467D17B,2026-07-17 07:31:53,ACC-0157,ACC-0282,17972.23,INR,UPI,transfer,fuel,Mumbai,completed,,
TXN-ED0A54CB5DCC,2026-07-17 07:34:06,ACC-0151,ACC-0286,53972.18,INR,IMPS,transfer,utilities,Ahmedabad,completed,,
TXN-B967ECC662BE,2026-07-17 07:35:01,ACC-0394,ACC-0539,11572.65,INR,UPI,transfer,rent,Ahmedabad,completed,,
TXN-48B5DF7B377A,2026-07-17 07:38:42,ACC-0127,ACC-0178,11012.44,INR,UPI,transfer,subscription,Delhi,completed,,
TXN-FC7FA0243EB4,2026-07-17 07:47:58,ACC-0137,ACC-0467,65603.92,INR,NEFT,transfer,fuel,Mumbai,completed,,
TXN-51F16D2291A4,2026-07-17 07:49:54,ACC-0406,ACC-0449,11947.97,INR,NEFT,transfer,subscription,Delhi,completed,,
TXN-40FBEC407224,2026-07-17 07:55:13,ACC-0401,ACC-0204,7151.38,INR,UPI,transfer,fuel,Delhi,completed,,
TXN-5B29A1993561,2026-07-17 07:56:33,ACC-0123,ACC-0464,12776.99,INR,NEFT,transfer,,Chennai,completed,,
TXN-B72C4CE4EA35,2026-07-17 08:59:41,ACC-0178,ACC-0249,23056.12,INR,UPI,transfer,rent,Delhi,completed,,
TXN-B6C4536198C6,2026-07-17 09:31:22,ACC-0577,ACC-0581,11774.52,INR,NEFT,transfer,utilities,Chennai,completed,,
TXN-ACD78D597F22,2026-07-17 09:39:38,ACC-0416,ACC-0356,34038.42,INR,IMPS,transfer,rent,Mumbai,completed,,
TXN-D853082E0B05,2026-07-17 09:54:05,ACC-0242,ACC-C-001,20325.11,INR,IMPS,transfer,rent,Mumbai,completed,,
TXN-24C98E46EF07,2026-07-17 09:54:39,ACC-0245,ACC-0176,41507.12,INR,NEFT,transfer,shopping,Ahmedabad,completed,,
TXN-E78A4C431EBC,2026-07-17 09:56:01,ACC-0316,ACC-0489,1041.78,INR,NEFT,transfer,,Hyderabad,completed,,
TXN-3ED544E95E42,2026-07-17 10:00:26,ACC-0222,ACC-0555,37875.56,INR,NEFT,transfer,subscription,Hyderabad,completed,,
TXN-3E631297F673,2026-07-17 10:02:35,ACC-0497,ACC-0179,16687.21,INR,IMPS,transfer,utilities,Bangalore,completed,,
TXN-F4A04252CF01,2026-07-17 10:18:22,ACC-0400,ACC-0557,14088.7,INR,CASH,transfer,,Chennai,completed,,
TXN-6D74292A472A,2026-07-17 10:19:07,ACC-0153,ACC-0381,23252.82,INR,UPI,transfer,rent,Hyderabad,completed,,
TXN-E1353FB5BD36,2026-07-17 11:00:05,ACC-0242,ACC-0478,18904.03,INR,UPI,transfer,fuel,Mumbai,completed,,
TXN-A98D3EE4DFEF,2026-07-17 11:14:14,ACC-0365,ACC-0211,13353.42,INR,UPI,transfer,subscription,Chennai,completed,,
TXN-7987147808FB,2026-07-17 11:16:42,ACC-0582,ACC-0479,26362.33,INR,UPI,transfer,medical,Bangalore,completed,,
TXN-91872484B9AC,2026-07-17 11:56:31,ACC-0541,ACC-0434,19916.4,INR,UPI,transfer,fuel,Chennai,completed,,
TXN-65B07033BF47,2026-07-17 11:58:50,ACC-0250,ACC-0363,14018.13,INR,UPI,transfer,,Bangalore,completed,,
TXN-38E49AD94D45,2026-07-17 12:18:26,ACC-0380,ACC-0385,10785.93,INR,UPI,transfer,subscription,Bangalore,completed,,
TXN-BC5443F87FF0,2026-07-17 12:32:14,ACC-0590,ACC-0294,15639.17,INR,UPI,transfer,,Kolkata,completed,,
TXN-F7FC0C383F30,2026-07-17 12:48:26,ACC-0295,ACC-0206,11143.53,INR,UPI,transfer,groceries,Bangalore,completed,,
TXN-8F859A25DA68,2026-07-17 12:55:32,ACC-F-001,ACC-0591,21353.99,INR,NEFT,transfer,subscription,Bangalore,completed,,
TXN-BA4AE86A66C3,2026-07-17 13:12:36,ACC-0246,ACC-0257,9603.19,INR,NEFT,transfer,restaurant,Kolkata,completed,,
TXN-BE21F6D00CB1,2026-07-17 13:18:19,ACC-0537,ACC-0542,6533.97,INR,UPI,transfer,shopping,Pune,completed,,
TXN-309BE31EEF88,2026-07-17 13:44:54,ACC-0394,ACC-0181,1034.25,INR,RTGS,transfer,medical,Ahmedabad,completed,,
TXN-55FCBCF5F0D1,2026-07-17 13:54:16,ACC-0105,ACC-0434,15757.37,INR,UPI,transfer,fuel,Delhi,completed,,
TXN-68938B754F36,2026-07-17 14:24:30,ACC-0401,ACC-0398,6957.85,INR,UPI,transfer,fuel,Pune,completed,,
TXN-EFDC238EEC72,2026-07-17 14:25:35,ACC-0559,ACC-0223,9827.98,INR,UPI,transfer,groceries,Delhi,completed,,
TXN-3084F84B40CB,2026-07-17 14:52:22,ACC-0295,ACC-0452,5817.67,INR,UPI,transfer,rent,Hyderabad,completed,,
TXN-616A90B1AB0C,2026-07-17 15:05:07,ACC-0262,ACC-0591,21042.7,INR,RTGS,transfer,subscription,Pune,completed,,
TXN-49E54E1FFC2B,2026-07-17 15:07:03,ACC-0489,ACC-0286,11175.66,INR,UPI,transfer,shopping,Pune,completed,,
TXN-39B2D6B66AE0,2026-07-17 15:09:15,ACC-0375,ACC-0288,17901.92,INR,IMPS,transfer,restaurant,Bangalore,completed,,
TXN-A66244ACE43C,2026-07-17 15:17:55,ACC-D-001,ACC-0254,20683.46,INR,RTGS,transfer,,Delhi,completed,,
TXN-96833E65AEFA,2026-07-17 15:32:22,ACC-0219,ACC-0474,18872.37,INR,UPI,transfer,shopping,Chennai,completed,,
TXN-81294BA9AD8B,2026-07-17 15:36:27,ACC-0232,ACC-0169,20177.44,INR,IMPS,transfer,utilities,Pune,completed,,
TXN-A57FDD20D1E8,2026-07-17 15:36:33,ACC-0425,ACC-0407,25611.18,INR,NEFT,transfer,medical,Pune,completed,,
TXN-D03785A58F72,2026-07-17 15:48:22,ACC-0182,ACC-0113,16558.46,INR,UPI,transfer,,Ahmedabad,completed,,
TXN-A46B7AB14F7F,2026-07-17 15:49:58,ACC-0549,ACC-0449,19849.72,INR,UPI,transfer,utilities,Ahmedabad,completed,,
TXN-9E51B0B76D5F,2026-07-17 15:51:21,ACC-0182,ACC-0322,16377.07,INR,UPI,transfer,shopping,Kolkata,completed,,
TXN-31D94134BB7B,2026-07-17 15:58:30,ACC-0176,ACC-0283,30249.9,INR,UPI,transfer,rent,Mumbai,completed,,
TXN-1D72FA54D0DC,2026-07-17 16:03:31,ACC-0128,ACC-0540,12311.58,INR,UPI,transfer,,Hyderabad,completed,,
TXN-09D82139011D,2026-07-17 16:06:12,ACC-0442,ACC-0452,9744.92,INR,IMPS,transfer,utilities,Ahmedabad,completed,,
TXN-D8D27E86ADEF,2026-07-17 16:06:48,ACC-0472,ACC-0460,39753.45,INR,UPI,transfer,,Pune,completed,,
TXN-1EB4385C90E3,2026-07-17 16:07:04,ACC-0370,ACC-0462,11683.3,INR,NEFT,transfer,restaurant,Delhi,completed,,
TXN-745666DE720E,2026-07-17 16:25:55,ACC-0186,ACC-0414,18727.05,INR,IMPS,transfer,medical,Delhi,completed,,
TXN-857B0FF6E422,2026-07-17 16:32:21,ACC-0376,ACC-0133,11298.45,INR,NEFT,transfer,,Kolkata,completed,,
TXN-294615575A0A,2026-07-17 16:37:26,ACC-0187,ACC-0244,2137.85,INR,IMPS,transfer,medical,Hyderabad,completed,,
TXN-3D73798F8F89,2026-07-17 16:51:41,ACC-0284,ACC-0343,3641.81,INR,UPI,transfer,,Bangalore,completed,,
TXN-631706AC8273,2026-07-17 16:54:19,ACC-0480,ACC-0529,22578.07,INR,UPI,transfer,,Mumbai,completed,,
TXN-664D95A303CD,2026-07-17 17:08:40,ACC-0531,ACC-0575,25573.82,INR,IMPS,transfer,,Ahmedabad,completed,,
TXN-F1CCBE518F60,2026-07-17 17:09:47,ACC-0426,ACC-0359,19697.34,INR,UPI,transfer,rent,Ahmedabad,completed,,
TXN-F4633F956DC3,2026-07-17 17:21:06,ACC-0529,ACC-0256,8035.46,INR,UPI,transfer,,Hyderabad,completed,,
TXN-BE17D62CD209,2026-07-17 17:35:37,ACC-0581,ACC-0592,26570.69,INR,IMPS,transfer,medical,Ahmedabad,completed,,
TXN-418AAADC96E6,2026-07-17 17:45:24,ACC-0264,ACC-0334,8320.33,INR,UPI,transfer,fuel,Mumbai,completed,,
TXN-421016BF7458,2026-07-17 17:45:31,ACC-0490,ACC-0585,39022.28,INR,RTGS,transfer,medical,Hyderabad,completed,,
TXN-D38ECC1C0605,2026-07-17 17:49:16,ACC-0419,ACC-0219,19646.87,INR,IMPS,transfer,,Chennai,completed,,
TXN-60FB619F29D3,2026-07-17 18:00:41,ACC-0316,ACC-0589,10951.91,INR,NEFT,transfer,utilities,Delhi,completed,,
TXN-D4945ED06F20,2026-07-17 18:02:17,ACC-0575,ACC-0323,19102.72,INR,UPI,transfer,groceries,Bangalore,completed,,
TXN-59CE10B4669F,2026-07-17 18:04:31,ACC-0258,ACC-0418,21283.14,INR,UPI,transfer,rent,Hyderabad,completed,,
TXN-EC2B670168A5,2026-07-17 18:13:15,ACC-0476,ACC-0240,19854.68,INR,UPI,transfer,rent,Chennai,completed,,
TXN-DF205EE2C6B3,2026-07-17 18:20:27,ACC-0424,ACC-0518,4056.49,INR,IMPS,transfer,restaurant,Bangalore,completed,,
TXN-C8BD1BE56CA2,2026-07-17 18:44:07,ACC-0448,ACC-0434,20187.92,INR,IMPS,transfer,medical,Kolkata,completed,,
TXN-95EE17D23E03,2026-07-17 18:47:58,ACC-0307,ACC-0265,9986.81,INR,UPI,transfer,medical,Chennai,completed,,
TXN-18CDD4A39F21,2026-07-17 18:55:45,ACC-0137,ACC-0139,76359.79,INR,UPI,transfer,subscription,Mumbai,completed,,
TXN-5665035B0A2D,2026-07-17 19:02:32,ACC-0562,ACC-0100,16056.78,INR,UPI,transfer,groceries,Pune,completed,,
TXN-C4D80F0FE1E1,2026-07-17 19:22:40,ACC-0241,ACC-0229,13664.39,INR,UPI,transfer,,Kolkata,completed,,
TXN-2AFA023E8D7D,2026-07-17 19:24:25,ACC-0220,ACC-0258,10822.65,INR,UPI,transfer,groceries,Mumbai,completed,,
TXN-BDB83792AD8E,2026-07-17 19:24:43,ACC-0489,ACC-0106,11312.04,INR,IMPS,transfer,rent,Mumbai,completed,,
TXN-A4140E59D6A6,2026-07-17 19:38:23,ACC-0320,ACC-0451,19975.72,INR,IMPS,transfer,,Delhi,completed,,
TXN-3E2A759F10E3,2026-07-17 19:41:20,ACC-0264,ACC-0134,3675.07,INR,IMPS,transfer,fuel,Pune,completed,,
TXN-B462E5E547CA,2026-07-17 19:41:24,ACC-0322,ACC-0496,13008.15,INR,UPI,transfer,fuel,Bangalore,completed,,
TXN-CB9A3833EDF1,2026-07-17 19:42:39,ACC-0459,ACC-0526,54291.4,INR,UPI,transfer,shopping,Delhi,completed,,
TXN-3A89B2CA171F,2026-07-17 19:43:51,ACC-0108,ACC-0209,15973.83,INR,IMPS,transfer,rent,Delhi,completed,,
TXN-9CED3CA22735,2026-07-17 19:47:24,ACC-0272,ACC-0239,6711.93,INR,UPI,transfer,shopping,Delhi,completed,,
TXN-A0E15BD35896,2026-07-17 19:52:22,ACC-0422,ACC-0254,18051.09,INR,NEFT,transfer,groceries,Hyderabad,completed,,
TXN-16B71ED4DE4F,2026-07-17 19:52:52,ACC-0405,ACC-0144,7574.93,INR,UPI,transfer,medical,Bangalore,completed,,
TXN-F30A686B03BE,2026-07-17 19:58:56,ACC-0168,ACC-0131,16872.09,INR,IMPS,transfer,fuel,Bangalore,completed,,
TXN-E8DA98927952,2026-07-17 20:24:33,ACC-0168,ACC-0298,328.01,INR,NEFT,transfer,rent,Delhi,completed,,
TXN-F0E085C80E62,2026-07-17 20:49:27,ACC-0482,ACC-0337,151934.39,INR,IMPS,transfer,medical,Pune,completed,,
TXN-5D51EC64C11F,2026-07-17 20:54:05,ACC-0384,ACC-0421,15977.59,INR,RTGS,transfer,restaurant,Bangalore,completed,,
TXN-6921511B80A0,2026-07-17 20:59:12,ACC-0270,ACC-0127,12295.94,INR,UPI,transfer,fuel,Kolkata,completed,,
TXN-6E969D31149F,2026-07-17 21:01:53,ACC-0296,ACC-0357,17138.79,INR,RTGS,transfer,fuel,Bangalore,completed,,
TXN-57E73DEE592C,2026-07-17 21:06:04,ACC-0107,ACC-0515,19097.37,INR,IMPS,transfer,,Hyderabad,completed,,
TXN-55BD30368A1B,2026-07-17 21:07:32,ACC-0565,ACC-0138,15675.75,INR,UPI,transfer,rent,Bangalore,completed,,
TXN-235DEFB70D1C,2026-07-17 21:12:37,ACC-0342,ACC-0240,17067.87,INR,NEFT,transfer,,Hyderabad,completed,,
TXN-F5FB2284C753,2026-07-17 21:26:00,ACC-0358,ACC-0486,18629.25,INR,UPI,transfer,subscription,Kolkata,completed,,
TXN-036AC9EA7D71,2026-07-17 21:27:05,ACC-0337,ACC-0387,19496.85,INR,NEFT,transfer,fuel,Delhi,completed,,
TXN-BFB8B6087205,2026-07-17 21:38:36,ACC-0292,ACC-0362,17586.48,INR,UPI,transfer,utilities,Chennai,completed,,
TXN-B8697FAD585D,2026-07-17 21:45:52,ACC-0540,ACC-0410,16435.23,INR,UPI,transfer,groceries,Bangalore,completed,,
TXN-81576601ECFC,2026-07-17 21:49:21,ACC-0373,ACC-0294,11943.16,INR,UPI,transfer,medical,Mumbai,completed,,
TXN-990676966B7E,2026-07-17 21:52:12,ACC-0242,ACC-0247,17059.2,INR,RTGS,transfer,subscription,Kolkata,completed,,
TXN-79B48380593F,2026-07-17 22:06:16,ACC-0149,ACC-0443,16385.19,INR,NEFT,transfer,utilities,Chennai,completed,,
TXN-16F3E3542A75,2026-07-17 22:10:58,ACC-0274,ACC-0353,4045.6,INR,UPI,transfer,,Mumbai,completed,,
TXN-6151305D00C7,2026-07-17 22:15:01,ACC-0507,ACC-0565,16137.34,INR,RTGS,transfer,utilities,Ahmedabad,completed,,
TXN-315FC14C51B5,2026-07-17 22:17:01,ACC-0434,ACC-0419,37589.3,INR,UPI,transfer,,Pune,completed,,
TXN-FD15E08A57DE,2026-07-17 22:17:12,ACC-0530,ACC-0109,20901.23,INR,IMPS,transfer,fuel,Mumbai,completed,,
TXN-DA7B969C7112,2026-07-17 22:55:15,ACC-0413,ACC-0444,7318.3,INR,NEFT,transfer,shopping,Mumbai,completed,,
TXN-7F7CA0CF714C,2026-07-17 23:22:12,ACC-0456,ACC-0299,11213.01,INR,UPI,transfer,,Kolkata,completed,,
TXN-DF55CF333B9F,2026-07-17 23:24:40,ACC-0195,ACC-0231,21680.38,INR,CASH,transfer,subscription,Delhi,completed,,
TXN-224808E69E4F,2026-07-17 23:38:50,ACC-0487,ACC-0401,22043.17,INR,NEFT,transfer,,Chennai,completed,,
TXN-AB8C5639EA13,2026-07-17 23:49:21,ACC-0306,ACC-0586,12558.16,INR,UPI,transfer,rent,Delhi,completed,,
TXN-A117FAE585C6,2026-07-18 00:07:29,ACC-0306,ACC-0169,8850.97,INR,IMPS,transfer,medical,Chennai,completed,,
TXN-84B35A9AEB50,2026-07-18 00:20:07,ACC-0323,ACC-0386,19029.6,INR,NEFT,transfer,subscription,Mumbai,completed,,
TXN-143C83DF4C2B,2026-07-18 00:23:26,ACC-0569,ACC-0510,25136.38,INR,UPI,transfer,groceries,Kolkata,completed,,
TXN-B5B5C60249AF,2026-07-18 00:44:52,ACC-0376,ACC-0340,10961.37,INR,UPI,transfer,medical,Bangalore,completed,,
TXN-4F8B3A3D4B9F,2026-07-18 00:48:17,ACC-0259,ACC-0133,76117.97,INR,UPI,transfer,subscription,Kolkata,completed,,
TXN-078C6D551422,2026-07-18 01:09:23,ACC-0420,ACC-0213,18146.33,INR,UPI,transfer,restaurant,Ahmedabad,completed,,
TXN-8C44BF1ADF58,2026-07-18 01:09:23,ACC-0572,ACC-0446,19527.73,INR,UPI,transfer,groceries,Delhi,completed,,
TXN-6D452EC2BC98,2026-07-18 01:14:39,ACC-0452,ACC-0471,85933.81,INR,IMPS,transfer,rent,Ahmedabad,completed,,
TXN-BD14CC906ECF,2026-07-18 01:33:51,ACC-0234,ACC-0581,10079.32,INR,NEFT,transfer,shopping,Bangalore,completed,,
TXN-5D202E65389F,2026-07-18 01:34:39,ACC-0144,ACC-0472,34345.92,INR,IMPS,transfer,subscription,Mumbai,completed,,
TXN-9233FF7AE460,2026-07-18 01:53:18,ACC-0245,ACC-0286,19783.18,INR,UPI,transfer,medical,Kolkata,completed,,
TXN-4AC17C4B8BD6,2026-07-18 02:19:01,ACC-0228,ACC-0313,23913.69,INR,IMPS,transfer,shopping,Pune,completed,,
TXN-496330800C57,2026-07-18 02:27:41,ACC-0525,ACC-0324,17197.66,INR,IMPS,transfer,groceries,Ahmedabad,completed,,
TXN-6B1D46D9DC40,2026-07-18 02:31:42,ACC-0169,ACC-0461,20637.85,INR,UPI,transfer,,Bangalore,completed,,
TXN-75FB65C774C2,2026-07-18 02:33:50,ACC-0211,ACC-0568,10931.74,INR,UPI,transfer,medical,Bangalore,completed,,
TXN-50DE0D43F602,2026-07-18 02:40:53,ACC-0497,ACC-0586,21628.21,INR,CASH,transfer,fuel,Bangalore,completed,,
TXN-9FDB03F78E36,2026-07-18 02:41:58,ACC-0166,ACC-0341,16070.82,INR,UPI,transfer,restaurant,Bangalore,completed,,
TXN-B1D4C2F01368,2026-07-18 03:10:56,ACC-0188,ACC-0194,9328.26,INR,UPI,transfer,,Kolkata,completed,,
TXN-665FE816295C,2026-07-18 03:11:24,ACC-0513,ACC-0438,10900.55,INR,IMPS,transfer,rent,Ahmedabad,completed,,
TXN-67A94F8CF7B3,2026-07-18 03:14:06,ACC-0280,ACC-0517,16766.81,INR,IMPS,transfer,subscription,Pune,completed,,
TXN-04E488E0EDE9,2026-07-18 03:29:58,ACC-0156,ACC-0280,28226.17,INR,UPI,transfer,utilities,Hyderabad,completed,,
TXN-AA6178076F98,2026-07-18 03:30:26,ACC-0231,ACC-0183,20399.55,INR,RTGS,transfer,,Pune,completed,,
TXN-70B9D88ACE25,2026-07-18 03:33:05,ACC-0407,ACC-0565,50.47,INR,RTGS,transfer,rent,Ahmedabad,completed,,
TXN-4A5903F4FB57,2026-07-18 03:41:52,ACC-0524,ACC-0472,21573.94,INR,RTGS,transfer,shopping,Hyderabad,completed,,
TXN-995D28FBFAA2,2026-07-18 03:59:05,ACC-0139,ACC-0259,18654.01,INR,RTGS,transfer,medical,Hyderabad,completed,,
TXN-9C5143A69DF2,2026-07-18 04:00:52,ACC-0338,ACC-0375,19136.16,INR,UPI,transfer,utilities,Mumbai,completed,,
TXN-03FD42F730BE,2026-07-18 04:09:14,ACC-0188,ACC-0169,11458.55,INR,RTGS,transfer,groceries,Bangalore,completed,,
TXN-35496EE1F85C,2026-07-18 04:25:03,ACC-0420,ACC-0271,17385.28,INR,UPI,transfer,restaurant,Kolkata,completed,,
TXN-4DF7296115B5,2026-07-18 04:31:51,ACC-0577,ACC-0192,13870.34,INR,NEFT,transfer,shopping,Pune,completed,,
TXN-B064E3BFC31C,2026-07-18 04:42:10,ACC-0259,ACC-0503,29385.07,INR,RTGS,transfer,,Kolkata,completed,,
TXN-5EF15CA6202B,2026-07-18 05:00:00,ACC-0127,ACC-0147,20195.44,INR,NEFT,transfer,fuel,Kolkata,completed,,
TXN-4CF518F1FA66,2026-07-18 05:06:05,ACC-0101,ACC-0351,14442.7,INR,UPI,transfer,,Pune,completed,,
TXN-BFFAD508F395,2026-07-18 05:08:17,ACC-0367,ACC-0512,18100.22,INR,IMPS,transfer,shopping,Kolkata,completed,,
TXN-F678B7140D18,2026-07-18 05:09:16,ACC-0134,ACC-0494,16838.1,INR,IMPS,transfer,restaurant,Pune,completed,,
TXN-4C01BB36F902,2026-07-18 05:12:55,ACC-0590,ACC-0502,20789.26,INR,UPI,transfer,,Chennai,completed,,
TXN-97572314280F,2026-07-18 05:18:29,ACC-0112,ACC-0268,20329.14,INR,UPI,transfer,groceries,Kolkata,completed,,
TXN-918A82B5C24D,2026-07-18 05:26:19,ACC-0407,ACC-0156,66700.02,INR,RTGS,transfer,shopping,Delhi,completed,,
TXN-3984FDA3C3FA,2026-07-18 05:44:36,ACC-0196,ACC-0556,21673.59,INR,UPI,transfer,rent,Hyderabad,completed,,
TXN-423063A7EF26,2026-07-18 05:45:43,ACC-0480,ACC-0537,12947.84,INR,UPI,transfer,fuel,Chennai,completed,,
TXN-ECEBB55E5A9D,2026-07-18 05:59:59,ACC-0298,ACC-0411,22205.94,INR,NEFT,transfer,utilities,Ahmedabad,completed,,
TXN-8421140A30D5,2026-07-18 06:03:58,ACC-0339,ACC-0466,18084.97,INR,IMPS,transfer,rent,Chennai,completed,,
TXN-581E1C6E9414,2026-07-18 06:16:12,ACC-0413,ACC-0401,22543.87,INR,UPI,transfer,rent,Delhi,completed,,
TXN-0F754FA0F20D,2026-07-18 06:17:48,ACC-0568,ACC-0549,23588.26,INR,UPI,transfer,medical,Bangalore,completed,,
TXN-5C8A5F9549FC,2026-07-18 06:28:41,ACC-0411,ACC-0424,21328.6,INR,RTGS,transfer,shopping,Mumbai,completed,,
TXN-B85316719A94,2026-07-18 06:32:52,ACC-0537,ACC-0312,2168.14,INR,IMPS,transfer,,Kolkata,completed,,
TXN-C7C0AD4A673C,2026-07-18 06:37:28,ACC-0426,ACC-0171,16502.26,INR,UPI,transfer,,Chennai,completed,,
TXN-11194C90A1AC,2026-07-18 06:53:21,ACC-0178,ACC-0389,26429.38,INR,UPI,transfer,fuel,Ahmedabad,completed,,
TXN-6C112C764152,2026-07-18 06:55:25,ACC-C-001,ACC-0444,14536.7,INR,UPI,transfer,,Chennai,completed,,
TXN-5C72248399DD,2026-07-18 07:01:10,ACC-0242,ACC-0446,20735.34,INR,CASH,transfer,fuel,Chennai,completed,,
TXN-7DBEF8915425,2026-07-18 07:01:47,ACC-0544,ACC-0390,12466.66,INR,UPI,transfer,restaurant,Kolkata,completed,,
TXN-B8910D516EE6,2026-07-18 07:05:11,ACC-0103,ACC-0111,11859.92,INR,CASH,transfer,medical,Kolkata,completed,,
TXN-0248B4C48405,2026-07-18 07:55:28,ACC-0500,ACC-0456,16311.34,INR,IMPS,transfer,fuel,Mumbai,completed,,
TXN-37B2AEAE4625,2026-07-18 08:05:37,ACC-0524,ACC-0257,27740.62,INR,UPI,transfer,,Pune,completed,,
TXN-52693532DC69,2026-07-18 08:14:35,ACC-0451,ACC-0550,17254.88,INR,RTGS,transfer,fuel,Chennai,completed,,
TXN-FF6559E1CC5D,2026-07-18 08:19:40,ACC-0161,ACC-0451,19564.96,INR,CASH,transfer,rent,Delhi,completed,,
TXN-865D8566BFE7,2026-07-18 08:22:13,ACC-0449,ACC-0327,16196.36,INR,UPI,transfer,,Kolkata,completed,,
TXN-63B7A5CF3BEB,2026-07-18 08:26:47,ACC-0112,ACC-0135,22791.61,INR,NEFT,transfer,utilities,Bangalore,completed,,
TXN-6DA08EA0F063,2026-07-18 08:30:19,ACC-0301,ACC-0516,65974.94,INR,UPI,transfer,medical,Ahmedabad,completed,,
TXN-140197EE97E6,2026-07-18 08:39:33,ACC-0160,ACC-0289,37676.34,INR,NEFT,transfer,rent,Mumbai,completed,,
TXN-E708A215EF32,2026-07-18 08:45:53,ACC-0280,ACC-0529,14201.42,INR,NEFT,transfer,shopping,Mumbai,completed,,
TXN-4612D8FB3D92,2026-07-18 08:55:45,ACC-0258,ACC-0240,12346.88,INR,IMPS,transfer,utilities,Chennai,completed,,
TXN-E1D275BB7AD5,2026-07-18 09:07:06,ACC-0130,ACC-0111,6239.22,INR,UPI,transfer,subscription,Mumbai,completed,,
TXN-3369B4076DBE,2026-07-18 09:10:22,ACC-0374,ACC-0215,33635.33,INR,UPI,transfer,,Kolkata,completed,,
TXN-37044DF97B95,2026-07-18 09:20:49,ACC-0540,ACC-0587,25421.77,INR,UPI,transfer,medical,Mumbai,completed,,
TXN-9434916D0709,2026-07-18 09:38:32,ACC-0351,ACC-0120,25478.8,INR,UPI,transfer,,Ahmedabad,completed,,
TXN-E47D51EE5ECF,2026-07-18 09:39:21,ACC-0318,ACC-0341,23300.39,INR,UPI,transfer,medical,Mumbai,completed,,
TXN-B813A87A57AA,2026-07-18 09:46:01,ACC-0572,ACC-0383,26013.59,INR,NEFT,transfer,restaurant,Ahmedabad,completed,,
TXN-61171EBAF20B,2026-07-18 09:46:58,ACC-0308,ACC-0346,16908.7,INR,CASH,transfer,rent,Hyderabad,completed,,
TXN-EC2F45B76B76,2026-07-18 09:48:55,ACC-0411,ACC-0134,11499.46,INR,UPI,transfer,subscription,Hyderabad,completed,,
TXN-AE8681A64808,2026-07-18 09:54:21,ACC-0150,ACC-0174,18171.61,INR,IMPS,transfer,groceries,Bangalore,completed,,
TXN-F76C29EC58C7,2026-07-18 09:58:24,ACC-0292,ACC-0264,35608.21,INR,UPI,transfer,fuel,Bangalore,completed,,
TXN-050BB35781DC,2026-07-18 10:14:19,ACC-0519,ACC-0364,7886.99,INR,IMPS,transfer,,Pune,completed,,
TXN-0FFF53A8B73A,2026-07-18 10:43:15,ACC-0504,ACC-0421,23027.95,INR,UPI,transfer,medical,Pune,completed,,
TXN-CA9A18D5A438,2026-07-18 10:43:33,ACC-0212,ACC-0460,6819.16,INR,NEFT,transfer,medical,Pune,completed,,
TXN-A92057B8F22D,2026-07-18 10:44:03,ACC-0158,ACC-0127,15187.2,INR,UPI,transfer,groceries,Delhi,completed,,
TXN-B4361EA22231,2026-07-18 10:52:28,ACC-0546,ACC-0110,15474.26,INR,NEFT,transfer,rent,Chennai,completed,,
TXN-2610120FE941,2026-07-18 10:54:46,ACC-0361,ACC-0249,13805.83,INR,UPI,transfer,shopping,Ahmedabad,completed,,
TXN-25ABBFF79240,2026-07-18 11:03:58,ACC-0239,ACC-0262,13308.3,INR,IMPS,transfer,fuel,Chennai,completed,,
TXN-C585F0B40EE9,2026-07-18 11:11:44,ACC-0263,ACC-0142,9454.86,INR,NEFT,transfer,,Bangalore,completed,,
TXN-2270EBB3AE25,2026-07-18 11:18:17,ACC-0340,ACC-0435,26676.28,INR,UPI,transfer,subscription,Pune,completed,,
TXN-512ABC4C5123,2026-07-18 11:37:55,ACC-0347,ACC-0425,16307.07,INR,UPI,transfer,rent,Mumbai,completed,,
TXN-1F16E904F719,2026-07-18 11:40:27,ACC-0400,ACC-0412,12670.31,INR,UPI,transfer,utilities,Kolkata,completed,,
TXN-560A49470C92,2026-07-18 11:41:15,ACC-0406,ACC-0520,12451.66,INR,RTGS,transfer,restaurant,Mumbai,completed,,
TXN-3D3F4FF8F83D,2026-07-18 12:04:49,ACC-0134,ACC-0311,13075.19,INR,UPI,transfer,,Kolkata,completed,,
TXN-B3E7926CC306,2026-07-18 12:19:27,ACC-0139,ACC-0467,19908.42,INR,CASH,transfer,medical,Ahmedabad,completed,,
TXN-303DF9E7BFD1,2026-07-18 12:55:41,ACC-0188,ACC-0256,12240.73,INR,UPI,transfer,utilities,Ahmedabad,completed,,
TXN-FB3447AFB0AE,2026-07-18 13:09:55,ACC-0302,ACC-0396,10822.86,INR,NEFT,transfer,medical,Ahmedabad,completed,,
TXN-418333AA7D32,2026-07-18 13:18:07,ACC-0191,ACC-0523,14526.74,INR,UPI,transfer,,Bangalore,completed,,
TXN-6919D43FC6F6,2026-07-18 13:40:37,ACC-0422,ACC-0463,12965.04,INR,IMPS,transfer,,Mumbai,completed,,
TXN-F3888A81979A,2026-07-18 13:42:41,ACC-0346,ACC-0168,27544.74,INR,UPI,transfer,fuel,Kolkata,completed,,
TXN-6BE5D4B92B01,2026-07-18 13:49:49,ACC-0235,ACC-0121,24318.11,INR,UPI,transfer,subscription,Ahmedabad,completed,,
TXN-E79FCDC6CFF2,2026-07-18 13:52:40,ACC-0311,ACC-0105,10257.32,INR,UPI,transfer,utilities,Chennai,completed,,
TXN-79A70501F970,2026-07-18 14:00:36,ACC-0134,ACC-0322,21437.9,INR,UPI,transfer,utilities,Pune,completed,,
TXN-7B609A46AF78,2026-07-18 14:04:42,ACC-0586,ACC-0507,19690.23,INR,UPI,transfer,fuel,Bangalore,completed,,
TXN-31A4E83ECE5E,2026-07-18 14:07:58,ACC-0490,ACC-0130,19284.83,INR,NEFT,transfer,rent,Chennai,completed,,
TXN-7C77B09D35EB,2026-07-18 14:17:08,ACC-0270,ACC-0453,10007.72,INR,NEFT,transfer,groceries,Delhi,completed,,
TXN-6EE2462D4347,2026-07-18 14:20:29,ACC-0418,ACC-0100,13399.97,INR,NEFT,transfer,medical,Mumbai,completed,,
TXN-1EAFEF71457B,2026-07-18 14:28:34,ACC-0404,ACC-0407,19264.58,INR,UPI,transfer,restaurant,Hyderabad,completed,,
TXN-8460F0B3A2B6,2026-07-18 14:31:23,ACC-0250,ACC-0448,13437.58,INR,UPI,transfer,rent,Hyderabad,completed,,
TXN-6D86321635F1,2026-07-18 14:39:08,ACC-0274,ACC-0394,5342.79,INR,NEFT,transfer,rent,Ahmedabad,completed,,
TXN-075F4C7ADD58,2026-07-18 14:45:31,ACC-0364,ACC-0426,16920.02,INR,UPI,transfer,shopping,Bangalore,completed,,
TXN-DFAA1E329434,2026-07-18 14:52:32,ACC-0285,ACC-0554,20096.88,INR,UPI,transfer,groceries,Hyderabad,completed,,
TXN-87C4B153CC8C,2026-07-18 14:59:46,ACC-0480,ACC-0309,12677.47,INR,UPI,transfer,fuel,Delhi,completed,,
TXN-D3E79ACD12E1,2026-07-18 15:03:48,ACC-0304,ACC-0257,19116.14,INR,NEFT,transfer,medical,Hyderabad,completed,,
TXN-503FA561F346,2026-07-18 15:17:02,ACC-0416,ACC-E-001,5895.51,INR,IMPS,transfer,utilities,Chennai,completed,,
TXN-1636C810481B,2026-07-18 15:26:32,ACC-0436,ACC-0579,40454.96,INR,UPI,transfer,fuel,Chennai,completed,,
TXN-6C1B8DB585E6,2026-07-18 15:30:44,ACC-0161,ACC-0245,20609.42,INR,IMPS,transfer,shopping,Ahmedabad,completed,,
TXN-EE27C4EDEA7B,2026-07-18 15:38:26,ACC-0260,ACC-0141,25021.61,INR,UPI,transfer,medical,Ahmedabad,completed,,
TXN-30057B92AC9C,2026-07-18 15:52:07,ACC-0421,ACC-0208,124350.59,INR,UPI,transfer,,Ahmedabad,completed,,
TXN-5EFD971F9F91,2026-07-18 16:01:54,ACC-0446,ACC-A-001,11882.65,INR,UPI,transfer,shopping,Chennai,completed,,
TXN-58D83A99ABC0,2026-07-18 16:10:13,ACC-0543,ACC-0458,850.16,INR,UPI,transfer,rent,Chennai,completed,,
TXN-30904B92B22B,2026-07-18 16:13:32,ACC-0141,ACC-0522,17040.92,INR,NEFT,transfer,,Chennai,completed,,
TXN-4D1A647ADA12,2026-07-18 16:16:14,ACC-0436,ACC-0377,20085.9,INR,UPI,transfer,restaurant,Bangalore,completed,,
TXN-9DB4420370F3,2026-07-18 16:18:47,ACC-0560,ACC-0446,10978.42,INR,IMPS,transfer,utilities,Pune,completed,,
TXN-AA127FBAAA88,2026-07-18 16:24:37,ACC-0224,ACC-0264,12387.62,INR,UPI,transfer,medical,Kolkata,completed,,
TXN-22B376AAECC4,2026-07-18 16:37:09,ACC-0435,ACC-0479,57451.26,INR,UPI,transfer,medical,Hyderabad,completed,,
TXN-6078B7B86C4A,2026-07-18 16:38:16,ACC-0255,ACC-0221,12337.9,INR,UPI,transfer,rent,Mumbai,completed,,
TXN-5B2A6EA03934,2026-07-18 16:47:31,ACC-E-001,ACC-0341,12018.75,INR,UPI,transfer,restaurant,Mumbai,completed,,
TXN-C3A47D9AE2EF,2026-07-18 16:54:57,ACC-0523,ACC-0498,21796.87,INR,IMPS,transfer,groceries,Chennai,completed,,
TXN-74B7B7269EE9,2026-07-18 17:09:17,ACC-0118,ACC-0579,16645.66,INR,UPI,transfer,groceries,Hyderabad,completed,,
TXN-9383A97F744D,2026-07-18 17:22:17,ACC-0150,ACC-0330,13810.78,INR,UPI,transfer,rent,Chennai,completed,,
TXN-E4B2E7E11D4D,2026-07-18 17:42:13,ACC-0430,ACC-0252,15490.02,INR,NEFT,transfer,medical,Hyderabad,completed,,
TXN-4397C51D3067,2026-07-18 17:47:28,ACC-0259,ACC-0380,109261.04,INR,NEFT,transfer,fuel,Ahmedabad,completed,,
TXN-1C56C8254831,2026-07-18 17:57:04,ACC-0586,ACC-0148,16171.4,INR,CASH,transfer,subscription,Hyderabad,completed,,
TXN-4272446DD6B1,2026-07-18 18:04:28,ACC-0560,ACC-0466,11687.82,INR,UPI,transfer,,Kolkata,completed,,
TXN-FC58748167C5,2026-07-18 18:06:59,ACC-0170,ACC-0335,27586.0,INR,CASH,transfer,groceries,Hyderabad,completed,,
TXN-CB9AE3451BFB,2026-07-18 18:22:37,ACC-0504,ACC-0528,23104.11,INR,NEFT,transfer,medical,Chennai,completed,,
TXN-209D4F59627B,2026-07-18 18:27:19,ACC-0169,ACC-0525,26624.83,INR,CASH,transfer,fuel,Chennai,completed,,
TXN-6A8A047C9A9F,2026-07-18 18:31:37,ACC-0188,ACC-0136,12127.98,INR,UPI,transfer,,Pune,completed,,
TXN-A8CA41084EA7,2026-07-18 19:02:05,ACC-0224,ACC-0499,13608.59,INR,UPI,transfer,,Pune,completed,,
TXN-3BAD779F6947,2026-07-18 19:10:14,ACC-0454,ACC-0277,19296.46,INR,IMPS,transfer,rent,Hyderabad,completed,,
TXN-DEDE6A7DD5CF,2026-07-18 19:12:48,ACC-0570,ACC-0538,9525.35,INR,IMPS,transfer,subscription,Chennai,completed,,
TXN-8BCCD845704E,2026-07-18 19:13:49,ACC-0165,ACC-0490,20163.68,INR,IMPS,transfer,restaurant,Pune,completed,,
TXN-0A6B5E6F90E2,2026-07-18 19:23:10,ACC-0240,ACC-0224,28619.71,INR,UPI,transfer,groceries,Hyderabad,completed,,
TXN-C5AD8EBD6B7C,2026-07-18 19:37:06,ACC-0352,ACC-0386,10468.15,INR,UPI,transfer,,Mumbai,completed,,
TXN-B33039847368,2026-07-18 20:03:55,ACC-0444,ACC-0187,12222.13,INR,NEFT,transfer,fuel,Chennai,completed,,
TXN-67538962F051,2026-07-18 20:09:59,ACC-0246,ACC-0415,13028.38,INR,NEFT,transfer,rent,Chennai,completed,,
TXN-14AA34D9EA23,2026-07-18 20:15:45,ACC-0547,ACC-0283,20199.09,INR,UPI,transfer,,Hyderabad,completed,,
TXN-ED2035537C26,2026-07-18 20:40:24,ACC-0538,ACC-0256,105173.32,INR,UPI,transfer,restaurant,Pune,completed,,
TXN-57D0E2CEFA42,2026-07-18 21:07:39,ACC-0224,ACC-0257,17026.33,INR,NEFT,transfer,groceries,Bangalore,completed,,
TXN-AFA52163759F,2026-07-18 21:31:55,ACC-0431,ACC-0362,2710.6,INR,NEFT,transfer,restaurant,Mumbai,completed,,
TXN-90F7142EBA7F,2026-07-18 21:40:19,ACC-0317,ACC-0300,16421.57,INR,NEFT,transfer,groceries,Kolkata,completed,,
TXN-7F5E3B68EF00,2026-07-18 22:02:10,ACC-0111,ACC-0132,11536.24,INR,NEFT,transfer,fuel,Ahmedabad,completed,,
TXN-161493F94891,2026-07-18 22:10:31,ACC-0521,ACC-0273,18933.39,INR,UPI,transfer,fuel,Bangalore,completed,,
TXN-52E858C710FD,2026-07-18 22:23:54,ACC-0555,ACC-0488,24232.47,INR,UPI,transfer,restaurant,Mumbai,completed,,
TXN-18A907EBA872,2026-07-18 22:37:56,ACC-0378,ACC-0427,17500.73,INR,IMPS,transfer,,Ahmedabad,completed,,
TXN-08F8157A6E52,2026-07-18 23:07:18,ACC-0528,ACC-0559,22119.22,INR,UPI,transfer,restaurant,Chennai,completed,,
TXN-26078F3D09CC,2026-07-18 23:23:41,ACC-0269,ACC-0386,58484.56,INR,IMPS,transfer,restaurant,Chennai,completed,,
TXN-36602E84555E,2026-07-18 23:48:55,ACC-0147,ACC-0370,12850.16,INR,RTGS,transfer,rent,Chennai,completed,,
TXN-FD0F6D216291,2026-07-18 23:50:43,ACC-0384,ACC-0373,26559.86,INR,UPI,transfer,,Ahmedabad,completed,,
TXN-C6EA85217D51,2026-07-18 23:56:40,ACC-0224,ACC-0405,5729.41,INR,UPI,transfer,medical,Kolkata,completed,,
TXN-FA9152B407A7,2026-07-19 00:00:17,ACC-0219,ACC-0568,14049.69,INR,UPI,transfer,fuel,Bangalore,completed,,
TXN-01F166DD74B3,2026-07-19 00:27:16,ACC-0163,ACC-0309,13406.87,INR,UPI,transfer,,Pune,completed,,
TXN-DFD019496FF5,2026-07-19 00:31:05,ACC-0256,ACC-0209,13924.36,INR,RTGS,transfer,subscription,Pune,completed,,
TXN-F28FBE9C12B1,2026-07-19 00:34:22,ACC-0452,ACC-0529,8919.66,INR,UPI,transfer,,Delhi,completed,,
TXN-9C3875C26915,2026-07-19 00:34:24,ACC-0338,ACC-0357,18674.77,INR,NEFT,transfer,shopping,Kolkata,completed,,
TXN-B17471037B41,2026-07-19 00:49:22,ACC-0270,ACC-0303,11654.21,INR,IMPS,transfer,shopping,Mumbai,completed,,
TXN-BBF8ACCF7043,2026-07-19 00:54:47,ACC-0113,ACC-0528,12766.8,INR,UPI,transfer,restaurant,Mumbai,completed,,
TXN-44053E0A8FC2,2026-07-19 00:55:47,ACC-0245,ACC-0515,44295.58,INR,IMPS,transfer,,Pune,completed,,
TXN-F78E4DB9E9BE,2026-07-19 01:04:05,ACC-0447,ACC-0179,51108.5,INR,UPI,transfer,,Kolkata,completed,,
TXN-28DA8209B26D,2026-07-19 01:06:52,ACC-0498,ACC-0418,38242.43,INR,UPI,transfer,utilities,Ahmedabad,completed,,
TXN-D693838C1A3A,2026-07-19 01:13:10,ACC-0424,ACC-0375,19681.31,INR,UPI,transfer,utilities,Hyderabad,completed,,
TXN-519FF57A9DB1,2026-07-19 01:13:31,ACC-0541,ACC-0218,13356.77,INR,UPI,transfer,fuel,Kolkata,completed,,
TXN-F1B3D1257F79,2026-07-19 01:29:15,ACC-0403,ACC-0511,17400.69,INR,NEFT,transfer,restaurant,Mumbai,completed,,
TXN-21EBFC00200D,2026-07-19 01:38:29,ACC-0502,ACC-0220,21044.22,INR,UPI,transfer,rent,Kolkata,completed,,
TXN-735BC491C74A,2026-07-19 01:40:05,ACC-0550,ACC-0206,21156.67,INR,NEFT,transfer,subscription,Mumbai,completed,,
TXN-033248D5A246,2026-07-19 01:50:04,ACC-0477,ACC-0290,19747.51,INR,RTGS,transfer,fuel,Mumbai,completed,,
TXN-A64CEE1FE01A,2026-07-19 01:51:18,ACC-0239,ACC-0394,11440.99,INR,UPI,transfer,,Hyderabad,completed,,
TXN-BA0A7AE99FCE,2026-07-19 01:55:40,ACC-0463,ACC-0117,12139.27,INR,RTGS,transfer,restaurant,Ahmedabad,completed,,
TXN-188C3DAE163D,2026-07-19 02:12:46,ACC-0176,ACC-0494,93781.35,INR,UPI,transfer,groceries,Kolkata,completed,,
TXN-FEE4CD7BCD7D,2026-07-19 02:14:53,ACC-0306,ACC-0444,13059.12,INR,NEFT,transfer,medical,Mumbai,completed,,
TXN-7F510C013C08,2026-07-19 02:17:50,ACC-0422,ACC-0450,16722.97,INR,NEFT,transfer,subscription,Chennai,completed,,
TXN-B61BFC9EFC7D,2026-07-19 02:26:59,ACC-0581,ACC-0147,25765.09,INR,UPI,transfer,medical,Bangalore,completed,,
TXN-D042EC518227,2026-07-19 02:36:04,ACC-0523,ACC-0528,9521.02,INR,IMPS,transfer,groceries,Mumbai,completed,,
TXN-9CF0A0EE8CED,2026-07-19 02:50:13,ACC-0318,ACC-0522,17292.02,INR,UPI,transfer,groceries,Kolkata,completed,,
TXN-CD350AAEFA86,2026-07-19 03:13:27,ACC-0539,ACC-0178,25804.57,INR,IMPS,transfer,restaurant,Chennai,completed,,
TXN-FBD3078534AE,2026-07-19 03:26:45,ACC-0348,ACC-0490,2207.03,INR,UPI,transfer,groceries,Kolkata,completed,,
TXN-F0454BEFA896,2026-07-19 03:35:21,ACC-0562,ACC-0189,20565.03,INR,UPI,transfer,rent,Delhi,completed,,
TXN-A37D8A8007EB,2026-07-19 03:41:36,ACC-0301,ACC-0235,56277.31,INR,CASH,transfer,shopping,Hyderabad,completed,,
TXN-A0A5CCCBDBBB,2026-07-19 03:53:05,ACC-0198,ACC-0575,19769.93,INR,UPI,transfer,,Mumbai,completed,,
TXN-CE65612EFAAC,2026-07-19 03:58:57,ACC-0297,ACC-0385,22351.42,INR,IMPS,transfer,subscription,Chennai,completed,,
TXN-F7116CF9E431,2026-07-19 04:17:23,ACC-0453,ACC-0484,9716.46,INR,UPI,transfer,restaurant,Chennai,completed,,
TXN-CE3A4550C1BD,2026-07-19 04:24:59,ACC-0229,ACC-0425,20136.33,INR,UPI,transfer,utilities,Hyderabad,completed,,
TXN-B6C1E42BAC61,2026-07-19 04:32:37,ACC-0314,ACC-0287,25866.16,INR,UPI,transfer,fuel,Mumbai,completed,,
TXN-009D897D6571,2026-07-19 04:54:23,ACC-0387,ACC-0488,11132.72,INR,IMPS,transfer,utilities,Bangalore,completed,,
TXN-D9FA2226A3F7,2026-07-19 04:57:14,ACC-0147,ACC-0592,12461.11,INR,UPI,transfer,fuel,Ahmedabad,completed,,
TXN-DADBA2DDBF7F,2026-07-19 04:57:57,ACC-0373,ACC-0489,9138.0,INR,IMPS,transfer,subscription,Pune,completed,,
TXN-041E6830A241,2026-07-19 04:58:36,ACC-0571,ACC-0229,13633.12,INR,IMPS,transfer,rent,Bangalore,completed,,
TXN-730C2737BF90,2026-07-19 05:00:46,ACC-0307,ACC-0330,13792.57,INR,UPI,transfer,rent,Mumbai,completed,,
TXN-9FAF5F247501,2026-07-19 05:05:06,ACC-0228,ACC-0470,19749.28,INR,RTGS,transfer,groceries,Mumbai,completed,,
TXN-062C48A96DC0,2026-07-19 05:12:52,ACC-0428,ACC-0267,10379.08,INR,NEFT,transfer,,Kolkata,completed,,
TXN-E46D52A6BEF9,2026-07-19 05:14:59,ACC-0361,ACC-0561,11734.84,INR,UPI,transfer,fuel,Mumbai,completed,,
TXN-3C4AD3CA9354,2026-07-19 05:15:32,ACC-0510,ACC-0123,20329.76,INR,UPI,transfer,subscription,Bangalore,completed,,
TXN-DE5EE0AED2A6,2026-07-19 05:28:31,ACC-0444,ACC-0469,12719.04,INR,IMPS,transfer,medical,Delhi,completed,,
TXN-5C8EB01CB539,2026-07-19 05:31:11,ACC-0307,ACC-0566,14070.14,INR,UPI,transfer,subscription,Delhi,completed,,
TXN-F8F62AE1C1B5,2026-07-19 05:37:11,ACC-0247,ACC-0342,12261.87,INR,UPI,transfer,shopping,Ahmedabad,completed,,
TXN-11EDC9E1314E,2026-07-19 05:39:00,ACC-0241,ACC-0585,27178.23,INR,UPI,transfer,fuel,Delhi,completed,,
TXN-53BF75B55181,2026-07-19 05:47:15,ACC-0134,ACC-0220,19889.94,INR,UPI,transfer,medical,Bangalore,completed,,
TXN-73F1CCE8C7AD,2026-07-19 05:47:35,ACC-0458,ACC-0389,21431.15,INR,NEFT,transfer,,Pune,completed,,
TXN-24BD3B2C24BE,2026-07-19 05:48:51,ACC-0178,ACC-0212,22456.67,INR,NEFT,transfer,fuel,Chennai,completed,,
TXN-DE5817E53DF3,2026-07-19 06:07:38,ACC-0284,ACC-0167,20659.2,INR,NEFT,transfer,medical,Bangalore,completed,,
TXN-7FAE39BC660A,2026-07-19 06:17:57,ACC-0311,ACC-0453,15346.95,INR,UPI,transfer,groceries,Bangalore,completed,,
TXN-B22BC8599943,2026-07-19 06:19:15,ACC-0497,ACC-0543,20719.58,INR,NEFT,transfer,subscription,Delhi,completed,,
TXN-650265732492,2026-07-19 06:25:46,ACC-0502,ACC-0374,16397.64,INR,NEFT,transfer,utilities,Mumbai,completed,,
TXN-CDDEC8D6F230,2026-07-19 06:35:05,ACC-0485,ACC-0452,21274.08,INR,NEFT,transfer,medical,Ahmedabad,completed,,
TXN-B086EEF18F7C,2026-07-19 06:39:12,ACC-0149,ACC-0147,19185.3,INR,UPI,transfer,restaurant,Mumbai,completed,,
TXN-796D091749FD,2026-07-19 06:41:14,ACC-0394,ACC-0429,16279.6,INR,NEFT,transfer,medical,Chennai,completed,,
TXN-BA2997D971CA,2026-07-19 06:45:12,ACC-0182,ACC-0434,20747.07,INR,RTGS,transfer,,Ahmedabad,completed,,
TXN-C75ED6312BD4,2026-07-19 06:49:45,ACC-0305,ACC-0317,17869.1,INR,UPI,transfer,restaurant,Kolkata,completed,,
TXN-96F233FE2153,2026-07-19 06:58:19,ACC-0335,ACC-0417,17750.13,INR,RTGS,transfer,,Hyderabad,completed,,
TXN-C2EA68EC4D0A,2026-07-19 07:17:58,ACC-0247,ACC-0214,14543.58,INR,IMPS,transfer,,Hyderabad,completed,,
TXN-7801B3B333F2,2026-07-19 07:23:42,ACC-0289,ACC-0485,15638.4,INR,CASH,transfer,shopping,Kolkata,completed,,
TXN-A16C6BDA28FF,2026-07-19 07:34:09,ACC-0441,ACC-0146,28578.01,INR,NEFT,transfer,groceries,Kolkata,completed,,
TXN-1225220A1422,2026-07-19 07:34:53,ACC-0201,ACC-0160,11901.37,INR,UPI,transfer,utilities,Delhi,completed,,
TXN-1C4A41CF831F,2026-07-19 07:45:34,ACC-0467,ACC-0210,23871.3,INR,IMPS,transfer,,Bangalore,completed,,
TXN-8F071763BBDA,2026-07-19 07:46:03,ACC-0289,ACC-0357,16949.1,INR,UPI,transfer,fuel,Kolkata,completed,,
TXN-02AAA4A8A82D,2026-07-19 07:55:42,ACC-0334,ACC-0303,16098.54,INR,RTGS,transfer,,Hyderabad,completed,,
TXN-F65D3D9471F7,2026-07-19 07:59:21,ACC-0337,ACC-0247,19392.86,INR,UPI,transfer,groceries,Bangalore,completed,,
TXN-89281510D65B,2026-07-19 08:13:02,ACC-0333,ACC-0373,8642.65,INR,NEFT,transfer,shopping,Bangalore,completed,,
TXN-47E4C26C1EFD,2026-07-19 08:17:09,ACC-0206,ACC-0229,23484.5,INR,UPI,transfer,shopping,Hyderabad,completed,,
TXN-376C4AF4F933,2026-07-19 08:31:17,ACC-0119,ACC-0462,12215.08,INR,UPI,transfer,,Chennai,completed,,
TXN-57E6F92711D8,2026-07-19 08:35:06,ACC-0105,ACC-0489,44715.96,INR,IMPS,transfer,rent,Ahmedabad,completed,,
TXN-BC258AF6929D,2026-07-19 08:35:41,ACC-0526,ACC-0140,19005.24,INR,UPI,transfer,shopping,Delhi,completed,,
TXN-2AB44B1D323C,2026-07-19 08:45:48,ACC-0143,ACC-0234,11462.96,INR,UPI,transfer,medical,Delhi,completed,,
TXN-C4209B6B2A9B,2026-07-19 08:50:48,ACC-0377,ACC-0498,11739.87,INR,UPI,transfer,subscription,Hyderabad,completed,,
TXN-2A70EAB3360B,2026-07-19 09:13:02,ACC-0539,ACC-0439,19421.93,INR,UPI,transfer,restaurant,Hyderabad,completed,,
TXN-DC0A567D8EDB,2026-07-19 09:16:55,ACC-0432,ACC-0222,22308.29,INR,UPI,transfer,medical,Delhi,completed,,
TXN-B9744B088879,2026-07-19 09:36:45,ACC-0455,ACC-0394,20681.66,INR,NEFT,transfer,shopping,Kolkata,completed,,
TXN-F485C4E2283E,2026-07-19 09:48:43,ACC-0333,ACC-0519,9865.54,INR,RTGS,transfer,,Mumbai,completed,,
TXN-4C50F1F3DB92,2026-07-19 09:51:05,ACC-0102,ACC-0309,25804.01,INR,IMPS,transfer,restaurant,Delhi,completed,,
TXN-AA43186C5D94,2026-07-19 09:55:31,ACC-0444,ACC-0518,11222.59,INR,RTGS,transfer,groceries,Delhi,completed,,
TXN-AE6B13C99D1A,2026-07-19 09:56:15,ACC-E-001,ACC-0273,13754.38,INR,NEFT,transfer,restaurant,Bangalore,completed,,
TXN-6B37D35E4897,2026-07-19 10:02:35,ACC-0393,ACC-0565,23389.69,INR,UPI,transfer,groceries,Ahmedabad,completed,,
TXN-B242D42749A0,2026-07-19 10:13:16,ACC-0189,ACC-0313,24234.91,INR,RTGS,transfer,groceries,Pune,completed,,
TXN-372BA4DDD0C8,2026-07-19 10:50:48,ACC-0201,ACC-0467,14458.68,INR,IMPS,transfer,,Delhi,completed,,
TXN-55F1634FFC75,2026-07-19 11:02:02,ACC-0273,ACC-0426,23686.6,INR,UPI,transfer,utilities,Hyderabad,completed,,
TXN-2E36FA91E5DD,2026-07-19 11:20:43,ACC-0344,ACC-0520,17336.37,INR,CASH,transfer,fuel,Pune,completed,,
TXN-0E21EEE69A9E,2026-07-19 11:30:22,ACC-0424,ACC-0404,9184.27,INR,IMPS,transfer,rent,Chennai,completed,,
TXN-BDA0A2894EB2,2026-07-19 11:32:00,ACC-0212,ACC-0145,2191.6,INR,UPI,transfer,subscription,Ahmedabad,completed,,
TXN-673AA6CF7D63,2026-07-19 11:34:41,ACC-0412,ACC-0319,18822.18,INR,UPI,transfer,shopping,Hyderabad,completed,,
TXN-3728A7E87950,2026-07-19 11:46:13,ACC-0247,ACC-0373,12385.8,INR,IMPS,transfer,,Kolkata,completed,,
TXN-C11235F20B9D,2026-07-19 11:48:26,ACC-0254,ACC-0389,11022.87,INR,UPI,transfer,shopping,Bangalore,completed,,
TXN-09AE85990990,2026-07-19 11:55:21,ACC-0372,ACC-0239,15142.56,INR,IMPS,transfer,subscription,Hyderabad,completed,,
TXN-FDE67689A652,2026-07-19 11:56:30,ACC-0356,ACC-0498,119956.8,INR,UPI,transfer,rent,Kolkata,completed,,
TXN-6CFE6A679441,2026-07-19 11:59:24,ACC-0316,ACC-0287,18393.04,INR,NEFT,transfer,subscription,Delhi,completed,,
TXN-6FEC91DB18FA,2026-07-19 12:07:52,ACC-0240,ACC-0343,19009.93,INR,UPI,transfer,utilities,Hyderabad,completed,,
TXN-F28B34814CD1,2026-07-19 12:16:59,ACC-0332,ACC-0507,33403.0,INR,UPI,transfer,utilities,Kolkata,completed,,
TXN-E2D3EF6F910B,2026-07-19 12:20:10,ACC-0453,ACC-0181,11247.36,INR,NEFT,transfer,medical,Pune,completed,,
TXN-8FEC13DEC985,2026-07-19 12:33:37,ACC-0397,ACC-0286,11869.57,INR,UPI,transfer,utilities,Mumbai,completed,,
TXN-3EF312F3D7A3,2026-07-19 12:42:07,ACC-0361,ACC-0147,11409.71,INR,UPI,transfer,shopping,Mumbai,completed,,
TXN-287E09F325C4,2026-07-19 12:47:12,ACC-0243,ACC-0459,17358.72,INR,UPI,transfer,subscription,Mumbai,completed,,
TXN-63F9135E76E8,2026-07-19 12:53:09,ACC-0451,ACC-0576,22884.54,INR,RTGS,transfer,groceries,Delhi,completed,,
TXN-F1FCB6D5BA79,2026-07-19 12:59:40,ACC-0362,ACC-0486,19422.92,INR,UPI,transfer,,Bangalore,completed,,
TXN-2E7A07469688,2026-07-19 13:08:46,ACC-0444,ACC-0408,13303.16,INR,RTGS,transfer,,Ahmedabad,completed,,
TXN-975E70D9D872,2026-07-19 13:13:04,ACC-0164,ACC-0207,32599.22,INR,RTGS,transfer,rent,Hyderabad,completed,,
TXN-970CE677E6BA,2026-07-19 13:23:19,ACC-0194,ACC-0105,12220.07,INR,NEFT,transfer,subscription,Delhi,completed,,
TXN-456CE61187C2,2026-07-19 13:23:45,ACC-0221,ACC-0489,27577.11,INR,UPI,transfer,,Mumbai,completed,,
TXN-35C63A041AE4,2026-07-19 13:26:28,ACC-0167,ACC-0509,21478.57,INR,UPI,transfer,rent,Chennai,completed,,
TXN-7E9A1C49CE99,2026-07-19 13:31:36,ACC-0126,ACC-0514,6464.38,INR,UPI,transfer,rent,Delhi,completed,,
TXN-34B6FA234CE2,2026-07-19 13:40:34,ACC-0386,ACC-0213,11370.85,INR,NEFT,transfer,medical,Chennai,completed,,
TXN-248CBC0B65A1,2026-07-19 13:54:17,ACC-0485,ACC-0425,19622.17,INR,IMPS,transfer,,Ahmedabad,completed,,
TXN-C15CC55D3AA2,2026-07-19 13:54:21,ACC-0344,ACC-0282,4220.02,INR,UPI,transfer,groceries,Pune,completed,,
TXN-CDA0220EAABB,2026-07-19 13:54:46,ACC-0445,ACC-0416,20182.29,INR,NEFT,transfer,fuel,Delhi,completed,,
TXN-64E9860672FF,2026-07-19 13:59:16,ACC-0513,ACC-0258,13048.03,INR,UPI,transfer,fuel,Pune,completed,,
TXN-659E00302F1F,2026-07-19 14:16:40,ACC-0370,ACC-0167,11363.65,INR,RTGS,transfer,rent,Bangalore,completed,,
TXN-3BE1D6217272,2026-07-19 14:23:35,ACC-0211,ACC-0454,12260.01,INR,RTGS,transfer,medical,Ahmedabad,completed,,
TXN-CEFA181A5F50,2026-07-19 14:26:30,ACC-0517,ACC-0589,43487.84,INR,UPI,transfer,,Kolkata,completed,,
TXN-2B69CAC79403,2026-07-19 14:36:26,ACC-0558,ACC-0514,16081.12,INR,RTGS,transfer,,Kolkata,completed,,
TXN-1AC6F1F867B6,2026-07-19 14:44:38,ACC-0403,ACC-0343,24086.06,INR,NEFT,transfer,groceries,Mumbai,completed,,
TXN-ACE094DEAB53,2026-07-19 14:50:55,ACC-0127,ACC-0382,14710.17,INR,RTGS,transfer,rent,Mumbai,completed,,
TXN-BF094E4A6DA4,2026-07-19 14:59:29,ACC-0530,ACC-0456,19669.28,INR,UPI,transfer,subscription,Ahmedabad,completed,,
TXN-7EB6D0C107CC,2026-07-19 15:00:50,ACC-0177,ACC-0142,24117.83,INR,NEFT,transfer,medical,Hyderabad,completed,,
TXN-A927D37E9053,2026-07-19 15:02:20,ACC-0361,ACC-0432,11931.62,INR,UPI,transfer,medical,Kolkata,completed,,
TXN-327111C43531,2026-07-19 15:04:40,ACC-0217,ACC-0232,19094.08,INR,CASH,transfer,,Mumbai,completed,,
TXN-54BD5CCC82DA,2026-07-19 15:05:35,ACC-0426,ACC-0218,20740.7,INR,NEFT,transfer,groceries,Ahmedabad,completed,,
TXN-5A6B9CF1FC07,2026-07-19 15:10:52,ACC-0288,ACC-0383,23038.85,INR,UPI,transfer,medical,Delhi,completed,,
TXN-28C9346D368D,2026-07-19 15:17:40,ACC-0535,ACC-0331,10487.17,INR,UPI,transfer,utilities,Delhi,completed,,
TXN-E4F680BC6B08,2026-07-19 15:43:43,ACC-0248,ACC-0251,22837.81,INR,UPI,transfer,subscription,Bangalore,completed,,
TXN-F01855E5BD8B,2026-07-19 15:54:21,ACC-0496,ACC-0127,13003.11,INR,UPI,transfer,groceries,Pune,completed,,
TXN-C710D32B3AE4,2026-07-19 15:56:02,ACC-0588,ACC-0218,9721.09,INR,UPI,transfer,,Delhi,completed,,
TXN-196947064DCA,2026-07-19 15:57:25,ACC-0349,ACC-0465,14429.06,INR,RTGS,transfer,medical,Mumbai,completed,,
TXN-67CEE5C8D916,2026-07-19 15:58:51,ACC-0481,ACC-0466,23292.68,INR,UPI,transfer,groceries,Chennai,completed,,
TXN-E2FAF0CBB0C7,2026-07-19 16:03:09,ACC-0268,ACC-0500,14508.86,INR,UPI,transfer,shopping,Kolkata,completed,,
TXN-07268AC68DDC,2026-07-19 16:08:35,ACC-0369,ACC-0384,30196.04,INR,NEFT,transfer,subscription,Chennai,completed,,
TXN-3848C5C136CF,2026-07-19 16:18:29,ACC-0101,ACC-0152,14624.38,INR,RTGS,transfer,subscription,Hyderabad,completed,,
TXN-A464F3283DD9,2026-07-19 16:20:11,ACC-0290,ACC-0121,9446.12,INR,UPI,transfer,rent,Ahmedabad,completed,,
TXN-9D000306C7F1,2026-07-19 16:23:05,ACC-0209,ACC-0309,19620.7,INR,IMPS,transfer,rent,Mumbai,completed,,
TXN-8D548A44ACEF,2026-07-19 16:25:15,ACC-0238,ACC-0448,10385.67,INR,RTGS,transfer,rent,Bangalore,completed,,
TXN-BC05756A5885,2026-07-19 16:41:29,ACC-0465,ACC-0103,14531.45,INR,CASH,transfer,rent,Bangalore,completed,,
TXN-6B23F068B704,2026-07-19 17:07:36,ACC-0233,ACC-0306,62262.07,INR,NEFT,transfer,shopping,Pune,completed,,
TXN-6EE69833CDCE,2026-07-19 17:09:45,ACC-0586,ACC-0343,21215.27,INR,NEFT,transfer,,Delhi,completed,,
TXN-0A230028BB94,2026-07-19 17:17:42,ACC-0250,ACC-0420,12423.87,INR,IMPS,transfer,medical,Pune,completed,,
TXN-71BED8F7049D,2026-07-19 17:20:33,ACC-0228,ACC-0273,20929.01,INR,UPI,transfer,utilities,Chennai,completed,,
TXN-C072E0BC107B,2026-07-19 17:22:12,ACC-0370,ACC-0535,11381.67,INR,UPI,transfer,,Delhi,completed,,
TXN-1DF181236837,2026-07-19 17:28:01,ACC-0159,ACC-0349,11762.21,INR,UPI,transfer,,Ahmedabad,completed,,
TXN-AFEE8E92717A,2026-07-19 17:28:09,ACC-0359,ACC-0456,16614.74,INR,RTGS,transfer,rent,Bangalore,completed,,
TXN-7E3F33F54A3D,2026-07-19 17:28:35,ACC-0591,ACC-0546,9693.62,INR,RTGS,transfer,shopping,Pune,completed,,
TXN-E5A956E8D7E1,2026-07-19 17:31:19,ACC-0580,ACC-0488,9554.29,INR,UPI,transfer,restaurant,Bangalore,completed,,
TXN-B2D36F647512,2026-07-19 17:35:01,ACC-F-001,ACC-0245,21680.77,INR,UPI,transfer,utilities,Bangalore,completed,,
TXN-CD2C3AD8D755,2026-07-19 18:27:33,ACC-0423,ACC-0514,17160.84,INR,IMPS,transfer,utilities,Ahmedabad,completed,,
TXN-2A2F9EA20D7D,2026-07-19 18:34:32,ACC-0344,ACC-0497,1543.23,INR,UPI,transfer,medical,Kolkata,completed,,
TXN-F262B9D752AF,2026-07-19 18:37:59,ACC-0305,ACC-0523,21192.63,INR,CASH,transfer,,Bangalore,completed,,
TXN-ABF7BF9837FC,2026-07-19 19:01:47,ACC-0384,ACC-0329,16619.38,INR,NEFT,transfer,subscription,Mumbai,completed,,
TXN-75CAA9769A42,2026-07-19 19:08:41,ACC-0470,ACC-0236,10512.91,INR,IMPS,transfer,groceries,Hyderabad,completed,,
TXN-715BDFDC2A7E,2026-07-19 19:21:23,ACC-0195,ACC-0420,15636.13,INR,CASH,transfer,shopping,Mumbai,completed,,
TXN-418882F3D1E6,2026-07-19 19:51:25,ACC-E-001,ACC-0186,10622.02,INR,RTGS,transfer,,Hyderabad,completed,,
TXN-F9121B16CE21,2026-07-19 19:54:39,ACC-0190,ACC-0579,12521.51,INR,UPI,transfer,,Bangalore,completed,,
TXN-26B51E6C7A51,2026-07-19 19:59:38,ACC-0345,ACC-0552,2317.63,INR,NEFT,transfer,utilities,Hyderabad,completed,,
TXN-44C8C7614B43,2026-07-19 20:00:42,ACC-0199,ACC-0476,21783.74,INR,UPI,transfer,medical,Delhi,completed,,
TXN-65FFF0D22BEB,2026-07-19 20:15:05,ACC-0284,ACC-0489,3694.24,INR,UPI,transfer,subscription,Delhi,completed,,
TXN-F81CAE25D080,2026-07-19 20:19:25,ACC-0213,ACC-0112,13339.43,INR,IMPS,transfer,,Kolkata,completed,,
TXN-CF553A53F900,2026-07-19 20:21:29,ACC-0129,ACC-0274,15263.88,INR,UPI,transfer,fuel,Pune,completed,,
TXN-4314E2929781,2026-07-19 20:25:29,ACC-0224,ACC-0488,5503.37,INR,UPI,transfer,medical,Bangalore,completed,,
TXN-9B11EAFD57C2,2026-07-19 20:37:51,ACC-0143,ACC-0164,13333.56,INR,UPI,transfer,utilities,Chennai,completed,,
TXN-47CF7DF928DB,2026-07-19 20:50:06,ACC-0298,ACC-0235,21701.96,INR,NEFT,transfer,medical,Mumbai,completed,,
TXN-11751E0CA282,2026-07-19 21:03:04,ACC-0211,ACC-0442,14784.97,INR,UPI,transfer,utilities,Pune,completed,,
TXN-8E126648C284,2026-07-19 21:08:50,ACC-0348,ACC-0547,33402.84,INR,UPI,transfer,utilities,Pune,completed,,
TXN-316BA5488A64,2026-07-19 21:12:52,ACC-0437,ACC-0430,27190.75,INR,UPI,transfer,rent,Chennai,completed,,
TXN-8606DACA001A,2026-07-19 21:20:52,ACC-0530,ACC-0155,20257.12,INR,UPI,transfer,fuel,Mumbai,completed,,
TXN-108634C5D270,2026-07-19 21:24:19,ACC-0183,ACC-0248,82090.25,INR,UPI,transfer,restaurant,Delhi,completed,,
TXN-C8977B14B8EA,2026-07-19 21:29:21,ACC-0195,ACC-0141,18566.64,INR,RTGS,transfer,medical,Hyderabad,completed,,
TXN-47709C584DB9,2026-07-19 21:30:43,ACC-0139,ACC-0154,39488.76,INR,UPI,transfer,utilities,Bangalore,completed,,
TXN-308566084FD2,2026-07-19 21:36:10,ACC-0424,ACC-0100,12360.34,INR,IMPS,transfer,rent,Bangalore,completed,,
TXN-BCEC99141DC4,2026-07-19 21:58:06,ACC-0528,ACC-0360,22720.86,INR,RTGS,transfer,restaurant,Kolkata,completed,,
TXN-7BA9F966B4D4,2026-07-19 22:00:30,ACC-0334,ACC-0266,18980.18,INR,RTGS,transfer,restaurant,Delhi,completed,,
TXN-F85FA4120EE0,2026-07-19 22:15:17,ACC-0313,ACC-0430,19691.59,INR,RTGS,transfer,groceries,Chennai,completed,,
TXN-2CFE90830BA9,2026-07-19 22:24:00,ACC-0385,ACC-0572,110099.03,INR,NEFT,transfer,medical,Chennai,completed,,
TXN-BF1465C67809,2026-07-19 22:26:28,ACC-0376,ACC-0236,12923.66,INR,RTGS,transfer,utilities,Bangalore,completed,,
TXN-96E7338A03BC,2026-07-19 22:42:19,ACC-0189,ACC-0140,18522.89,INR,UPI,transfer,shopping,Chennai,completed,,
TXN-998444516E09,2026-07-19 23:08:19,ACC-0505,ACC-0209,23041.66,INR,RTGS,transfer,,Delhi,completed,,
TXN-3FC9B788F564,2026-07-19 23:12:46,ACC-0546,ACC-0494,88118.08,INR,IMPS,transfer,fuel,Hyderabad,completed,,
TXN-B8518E237666,2026-07-19 23:32:38,ACC-0153,ACC-0489,18447.29,INR,NEFT,transfer,medical,Kolkata,completed,,
TXN-D7BF8347CD5D,2026-07-19 23:35:24,ACC-0390,ACC-0583,25213.11,INR,UPI,transfer,rent,Chennai,completed,,
TXN-E6674D2ACEBA,2026-07-19 23:42:06,ACC-0519,ACC-0121,4659.44,INR,IMPS,transfer,medical,Pune,completed,,
TXN-722CE8BEEE37,2026-07-19 23:43:42,ACC-0527,ACC-0283,23902.18,INR,NEFT,transfer,shopping,Mumbai,completed,,
TXN-156ACFEE332D,2026-07-19 23:44:28,ACC-0433,ACC-0106,11859.55,INR,UPI,transfer,subscription,Hyderabad,completed,,
TXN-E919E7D350D7,2026-07-20 00:03:25,ACC-0251,ACC-0401,12387.99,INR,UPI,transfer,subscription,Hyderabad,completed,,
TXN-9197E4AEAC5A,2026-07-20 00:08:04,ACC-0273,ACC-0505,18372.46,INR,NEFT,transfer,subscription,Delhi,completed,,
TXN-8B0CCE04018E,2026-07-20 00:17:30,ACC-0427,ACC-0579,12881.09,INR,UPI,transfer,,Delhi,completed,,
TXN-EE6915F9D447,2026-07-20 00:17:46,ACC-0543,ACC-0469,4544.62,INR,UPI,transfer,restaurant,Bangalore,completed,,
TXN-40EFBF4E63B0,2026-07-20 00:39:43,ACC-0198,ACC-0141,16992.84,INR,UPI,transfer,groceries,Bangalore,completed,,
TXN-35531A361021,2026-07-20 00:41:30,ACC-0134,ACC-0548,17011.15,INR,CASH,transfer,shopping,Chennai,completed,,
TXN-673AC4FC9330,2026-07-20 00:50:49,ACC-0172,ACC-0592,11671.61,INR,NEFT,transfer,shopping,Hyderabad,completed,,
TXN-2A5BAEF7E0A2,2026-07-20 00:55:56,ACC-0432,ACC-0230,17128.32,INR,IMPS,transfer,medical,Kolkata,completed,,
TXN-A4CD2D3A8E5E,2026-07-20 01:16:45,ACC-0414,ACC-0408,5397.6,INR,CASH,transfer,restaurant,Bangalore,completed,,
TXN-F06C272B2EA8,2026-07-20 01:24:47,ACC-0480,ACC-0169,20505.52,INR,UPI,transfer,restaurant,Ahmedabad,completed,,
TXN-9C73B592296A,2026-07-20 01:31:28,ACC-0136,ACC-0220,13082.34,INR,NEFT,transfer,restaurant,Chennai,completed,,
TXN-FF4763B9BC84,2026-07-20 01:34:06,ACC-0356,ACC-0435,64166.67,INR,UPI,transfer,,Delhi,completed,,
TXN-A090730A2A65,2026-07-20 01:39:21,ACC-0302,ACC-0196,10403.67,INR,UPI,transfer,subscription,Pune,completed,,
TXN-B9FEDA23DF51,2026-07-20 01:44:48,ACC-0454,ACC-0447,16383.73,INR,UPI,transfer,,Mumbai,completed,,
TXN-680AAB45B105,2026-07-20 01:48:01,ACC-0469,ACC-C-001,20804.64,INR,UPI,transfer,,Ahmedabad,completed,,
TXN-9A22C01EAC9E,2026-07-20 02:09:45,ACC-0449,ACC-0476,24742.82,INR,IMPS,transfer,rent,Kolkata,completed,,
TXN-BEA1484E460E,2026-07-20 02:23:07,ACC-0222,ACC-0586,20311.28,INR,NEFT,transfer,medical,Bangalore,completed,,
TXN-750663B46522,2026-07-20 02:40:52,ACC-0472,ACC-0153,44703.65,INR,IMPS,transfer,groceries,Mumbai,completed,,
TXN-CC918E5B1007,2026-07-20 03:06:16,ACC-0383,ACC-0534,30308.04,INR,IMPS,transfer,groceries,Chennai,completed,,
TXN-7044EC63F6F7,2026-07-20 03:07:54,ACC-0138,ACC-0300,12101.29,INR,UPI,transfer,rent,Ahmedabad,completed,,
TXN-2543E440D084,2026-07-20 03:15:15,ACC-0443,ACC-0285,26044.62,INR,UPI,transfer,,Mumbai,completed,,
TXN-9C6F4E48F5BE,2026-07-20 03:21:42,ACC-0254,ACC-0356,9755.21,INR,UPI,transfer,rent,Pune,completed,,
TXN-9287C80E0487,2026-07-20 03:23:19,ACC-0429,ACC-0108,22000.57,INR,CASH,transfer,,Mumbai,completed,,
TXN-385390550B4D,2026-07-20 03:38:38,ACC-0484,ACC-0564,13087.64,INR,UPI,transfer,restaurant,Bangalore,completed,,
TXN-AE5D81201BAB,2026-07-20 03:45:25,ACC-0577,ACC-0104,10487.33,INR,UPI,transfer,fuel,Hyderabad,completed,,
TXN-38BE9BDF8D97,2026-07-20 03:47:39,ACC-0556,ACC-0393,22011.14,INR,NEFT,transfer,shopping,Bangalore,completed,,
TXN-C2514DBFA4FD,2026-07-20 03:58:40,ACC-0277,ACC-0435,23086.79,INR,IMPS,transfer,,Chennai,completed,,
TXN-4ACFB0839D8C,2026-07-20 03:59:21,ACC-0136,ACC-0570,11753.5,INR,NEFT,transfer,utilities,Pune,completed,,
TXN-3F0586A6ECC7,2026-07-20 04:03:39,ACC-0475,ACC-0453,82900.79,INR,UPI,transfer,medical,Bangalore,completed,,
TXN-ED873CD5AF7A,2026-07-20 04:11:59,ACC-0523,ACC-0416,20189.59,INR,UPI,transfer,restaurant,Hyderabad,completed,,
TXN-BEA436893A5C,2026-07-20 04:14:12,ACC-0249,ACC-0413,12685.13,INR,IMPS,transfer,,Ahmedabad,completed,,
TXN-067EEE2E721C,2026-07-20 04:33:03,ACC-0584,ACC-0545,6194.51,INR,IMPS,transfer,rent,Bangalore,completed,,
TXN-BFD3CEDD2567,2026-07-20 04:40:00,ACC-0171,ACC-0480,15048.74,INR,UPI,transfer,restaurant,Kolkata,completed,,
TXN-4BF5035425B5,2026-07-20 04:45:29,ACC-0316,ACC-0154,5487.78,INR,RTGS,transfer,shopping,Ahmedabad,completed,,
TXN-38C1CD365E91,2026-07-20 04:50:44,ACC-0205,ACC-0284,23257.62,INR,UPI,transfer,groceries,Kolkata,completed,,
TXN-A591B2E6CFB8,2026-07-20 04:53:42,ACC-0577,ACC-0489,13454.19,INR,UPI,transfer,subscription,Pune,completed,,
TXN-4F7AF32004EE,2026-07-20 04:56:07,ACC-0529,ACC-0301,9477.08,INR,UPI,transfer,subscription,Ahmedabad,completed,,
TXN-65EF8899219B,2026-07-20 05:12:32,ACC-0515,ACC-0102,12688.82,INR,UPI,transfer,subscription,Delhi,completed,,
TXN-1FD0679E0055,2026-07-20 05:21:13,ACC-0514,ACC-0500,11455.74,INR,NEFT,transfer,rent,Delhi,completed,,
TXN-4735AA621D67,2026-07-20 05:27:20,ACC-0453,ACC-0439,14239.03,INR,UPI,transfer,,Delhi,completed,,
TXN-671FC7DCC3B4,2026-07-20 05:36:31,ACC-0107,ACC-0473,21659.46,INR,CASH,transfer,,Mumbai,completed,,
TXN-5D8768D65F65,2026-07-20 05:55:56,ACC-0412,ACC-0502,21390.25,INR,NEFT,transfer,rent,Kolkata,completed,,
TXN-3BC19D27D1D6,2026-07-20 06:06:58,ACC-0234,ACC-G-001,9050.47,INR,UPI,transfer,shopping,Kolkata,completed,,
TXN-DB4DFA655DC4,2026-07-20 06:10:38,ACC-0339,ACC-0509,17791.11,INR,NEFT,transfer,shopping,Delhi,completed,,
TXN-D7DD00F71229,2026-07-20 06:11:10,ACC-0479,ACC-0369,10821.02,INR,UPI,transfer,,Pune,completed,,
TXN-DDBB3AB8A0D5,2026-07-20 06:20:23,ACC-0298,ACC-0590,19637.87,INR,IMPS,transfer,fuel,Hyderabad,completed,,
TXN-10E6895A9107,2026-07-20 06:31:04,ACC-0527,ACC-0429,20109.25,INR,NEFT,transfer,rent,Mumbai,completed,,
TXN-9D8995D792A0,2026-07-20 06:33:16,ACC-0443,ACC-0559,17964.15,INR,UPI,transfer,medical,Kolkata,completed,,
TXN-BE9C92FDE0DB,2026-07-20 06:39:17,ACC-0568,ACC-0210,20935.14,INR,UPI,transfer,restaurant,Mumbai,completed,,
TXN-924C52A93961,2026-07-20 06:52:26,ACC-0557,ACC-0172,19261.9,INR,RTGS,transfer,,Pune,completed,,
TXN-33F500D16D8C,2026-07-20 06:58:37,ACC-0592,ACC-0465,20975.2,INR,IMPS,transfer,,Ahmedabad,completed,,
TXN-DA5D656E103A,2026-07-20 07:36:20,ACC-0453,ACC-0411,11031.05,INR,CASH,transfer,utilities,Delhi,completed,,
TXN-CF3FA279D6EA,2026-07-20 07:41:10,ACC-0469,ACC-0540,22451.1,INR,UPI,transfer,restaurant,Pune,completed,,
TXN-15D3D00F4810,2026-07-20 08:08:03,ACC-0182,ACC-0309,21286.71,INR,UPI,transfer,,Mumbai,completed,,
TXN-0CD17F83AFF8,2026-07-20 08:11:37,ACC-0549,ACC-0213,20925.78,INR,CASH,transfer,utilities,Ahmedabad,completed,,
TXN-BC9F8F2A9F06,2026-07-20 08:27:35,ACC-0210,ACC-0441,21229.38,INR,IMPS,transfer,shopping,Hyderabad,completed,,
TXN-4DABE03138CF,2026-07-20 08:34:28,ACC-0507,ACC-0344,12441.84,INR,RTGS,transfer,shopping,Pune,completed,,
TXN-16D9FA5454AD,2026-07-20 08:39:53,ACC-0592,ACC-0175,18662.0,INR,UPI,transfer,shopping,Hyderabad,completed,,
TXN-431E813193FB,2026-07-20 08:40:09,ACC-0285,ACC-0175,20027.2,INR,RTGS,transfer,,Chennai,completed,,
TXN-C5EC0EA13076,2026-07-20 08:45:01,ACC-0266,ACC-0426,8238.45,INR,UPI,transfer,restaurant,Hyderabad,completed,,
TXN-5518819FE274,2026-07-20 08:57:49,ACC-0367,ACC-0501,20005.3,INR,UPI,transfer,,Hyderabad,completed,,
TXN-C4BE9C7F135B,2026-07-20 08:58:09,ACC-0461,ACC-0310,53505.22,INR,IMPS,transfer,fuel,Delhi,completed,,
TXN-9AB5495FBB03,2026-07-20 09:08:57,ACC-0286,ACC-0124,11287.15,INR,NEFT,transfer,rent,Bangalore,completed,,
TXN-3998081883EC,2026-07-20 09:10:27,ACC-0371,ACC-0259,21804.9,INR,UPI,transfer,,Hyderabad,completed,,
TXN-51D5ECD563F6,2026-07-20 09:23:23,ACC-0527,ACC-0144,18148.24,INR,CASH,transfer,rent,Delhi,completed,,
TXN-0CD0D738032C,2026-07-20 09:23:45,ACC-0559,ACC-0404,11818.58,INR,UPI,transfer,fuel,Ahmedabad,completed,,
TXN-050706AF2988,2026-07-20 09:27:07,ACC-0545,ACC-0181,20373.49,INR,RTGS,transfer,restaurant,Delhi,completed,,
TXN-182A87B2C4C6,2026-07-20 09:33:10,ACC-0251,ACC-0186,13077.28,INR,UPI,transfer,,Mumbai,completed,,
TXN-D8D896BD6924,2026-07-20 09:33:11,ACC-0199,ACC-0128,33142.44,INR,NEFT,transfer,subscription,Mumbai,completed,,
TXN-26E9902D5B7E,2026-07-20 09:39:00,ACC-0309,ACC-0433,16149.28,INR,RTGS,transfer,fuel,Bangalore,completed,,
TXN-42C873E57CA1,2026-07-20 09:44:54,ACC-0517,ACC-0367,98544.73,INR,IMPS,transfer,utilities,Mumbai,completed,,
TXN-5ED7ABE3837D,2026-07-20 09:49:34,ACC-0136,ACC-0100,12731.81,INR,RTGS,transfer,subscription,Chennai,completed,,
TXN-66D05EA4333D,2026-07-20 10:00:43,ACC-0464,ACC-0465,11971.48,INR,IMPS,transfer,shopping,Ahmedabad,completed,,
TXN-8740591AB075,2026-07-20 10:01:15,ACC-0518,ACC-0250,18119.83,INR,IMPS,transfer,utilities,Kolkata,completed,,
TXN-251F92106BF6,2026-07-20 10:01:40,ACC-0294,ACC-0296,24750.72,INR,UPI,transfer,fuel,Ahmedabad,completed,,
TXN-D01EA8A3227D,2026-07-20 10:10:25,ACC-0551,ACC-0289,15515.03,INR,UPI,transfer,rent,Delhi,completed,,
TXN-DFBCA807BF47,2026-07-20 10:15:37,ACC-0225,ACC-0547,2780.57,INR,UPI,transfer,medical,Mumbai,completed,,
TXN-A38DBE219098,2026-07-20 10:19:39,ACC-0214,ACC-0473,84884.91,INR,IMPS,transfer,shopping,Delhi,completed,,
TXN-C9E935015F14,2026-07-20 10:26:59,ACC-0303,ACC-0326,6229.03,INR,UPI,transfer,subscription,Chennai,completed,,
TXN-A8FEB815D82E,2026-07-20 10:27:37,ACC-0103,ACC-0158,13082.86,INR,RTGS,transfer,rent,Pune,completed,,
TXN-7F130E114BFB,2026-07-20 10:30:53,ACC-0449,ACC-0396,20973.36,INR,RTGS,transfer,rent,Delhi,completed,,
TXN-688318E9ADF7,2026-07-20 10:43:50,ACC-0142,ACC-0331,27035.33,INR,IMPS,transfer,rent,Delhi,completed,,
TXN-EF008C8BCF3A,2026-07-20 11:06:29,ACC-0483,ACC-0232,9876.94,INR,UPI,transfer,rent,Kolkata,completed,,
TXN-548E2180747B,2026-07-20 11:08:55,ACC-0414,ACC-0438,12890.85,INR,UPI,transfer,fuel,Chennai,completed,,
TXN-66854B1F499E,2026-07-20 11:09:26,ACC-0189,ACC-0592,15967.65,INR,UPI,transfer,rent,Ahmedabad,completed,,
TXN-B33D75F1BD17,2026-07-20 11:18:28,ACC-0580,ACC-0120,10763.08,INR,IMPS,transfer,shopping,Pune,completed,,
TXN-D904066272C1,2026-07-20 11:32:46,ACC-0492,ACC-0508,34210.73,INR,IMPS,transfer,groceries,Kolkata,completed,,
TXN-D5A37682026D,2026-07-20 11:47:18,ACC-0516,ACC-0116,22523.25,INR,NEFT,transfer,utilities,Kolkata,completed,,
TXN-4E10CBCB3FBF,2026-07-20 11:48:23,ACC-0341,ACC-0454,22873.67,INR,UPI,transfer,utilities,Pune,completed,,
TXN-704345929813,2026-07-20 12:04:45,ACC-0195,ACC-0337,21578.69,INR,RTGS,transfer,,Bangalore,completed,,
TXN-F469417AD77C,2026-07-20 12:43:46,ACC-0497,ACC-0157,17367.53,INR,UPI,transfer,fuel,Delhi,completed,,
TXN-9ED38AC11AD2,2026-07-20 12:43:59,ACC-0565,ACC-0291,22976.77,INR,IMPS,transfer,fuel,Delhi,completed,,
TXN-1E715945C5C3,2026-07-20 12:46:06,ACC-0293,ACC-0108,41481.71,INR,UPI,transfer,fuel,Delhi,completed,,
TXN-B97F0EED5224,2026-07-20 12:58:43,ACC-0100,ACC-0113,1971.96,INR,NEFT,transfer,medical,Ahmedabad,completed,,
TXN-A07E9AE584AE,2026-07-20 13:04:42,ACC-0272,ACC-0543,4555.86,INR,UPI,transfer,subscription,Pune,completed,,
TXN-685C941E378F,2026-07-20 13:32:01,ACC-0141,ACC-0182,14345.14,INR,RTGS,transfer,rent,Mumbai,completed,,
TXN-01B4633E6611,2026-07-20 13:33:09,ACC-0432,ACC-0538,23717.64,INR,UPI,transfer,fuel,Pune,completed,,
TXN-A64B122B6860,2026-07-20 13:38:47,ACC-0440,ACC-0408,18889.82,INR,IMPS,transfer,subscription,Ahmedabad,completed,,
TXN-B5671541BD9F,2026-07-20 13:47:30,ACC-0190,ACC-0344,11641.6,INR,UPI,transfer,,Pune,completed,,
TXN-AF432B8D73E5,2026-07-20 13:51:52,ACC-0266,ACC-C-001,27237.23,INR,NEFT,transfer,,Chennai,completed,,
TXN-450F5B84F8A4,2026-07-20 14:02:53,ACC-0297,ACC-0327,25325.36,INR,UPI,transfer,,Hyderabad,completed,,
TXN-5373CF523E02,2026-07-20 14:14:02,ACC-0308,ACC-0520,17126.22,INR,NEFT,transfer,,Delhi,completed,,
TXN-66CF00FB17C4,2026-07-20 14:24:44,ACC-0391,ACC-0422,32608.23,INR,UPI,transfer,groceries,Ahmedabad,completed,,
TXN-0CBED17F473E,2026-07-20 14:33:19,ACC-0123,ACC-0421,12028.72,INR,IMPS,transfer,fuel,Hyderabad,completed,,
TXN-7E395A7C718F,2026-07-20 14:35:43,ACC-0282,ACC-0133,22832.43,INR,NEFT,transfer,restaurant,Kolkata,completed,,
TXN-78733967B4F7,2026-07-20 14:36:30,ACC-0563,ACC-0161,11219.61,INR,IMPS,transfer,restaurant,Hyderabad,completed,,
TXN-BCFA1151E919,2026-07-20 14:40:51,ACC-0173,ACC-0531,19857.43,INR,UPI,transfer,rent,Kolkata,completed,,
TXN-1D95500FAE81,2026-07-20 15:30:37,ACC-0284,ACC-0121,11398.34,INR,RTGS,transfer,utilities,Ahmedabad,completed,,
TXN-A7F30412E3D2,2026-07-20 15:34:49,ACC-0285,ACC-0397,21583.21,INR,IMPS,transfer,rent,Mumbai,completed,,
TXN-99CDB22CB65B,2026-07-20 15:38:17,ACC-0404,ACC-0480,24002.33,INR,IMPS,transfer,fuel,Bangalore,completed,,
TXN-B4AFE72EF714,2026-07-20 15:45:20,ACC-0212,ACC-0143,25557.51,INR,NEFT,transfer,subscription,Pune,completed,,
TXN-BEAC5B7CCBD7,2026-07-20 15:47:23,ACC-0205,ACC-0409,3310.08,INR,IMPS,transfer,fuel,Delhi,completed,,
TXN-CBB82145A133,2026-07-20 15:48:22,ACC-0238,ACC-0152,7731.06,INR,NEFT,transfer,,Chennai,completed,,
TXN-DC436A1309E4,2026-07-20 15:52:52,ACC-0419,ACC-0372,12321.31,INR,UPI,transfer,groceries,Hyderabad,completed,,
TXN-BEF48DE997BB,2026-07-20 15:53:03,ACC-0540,ACC-0438,18024.97,INR,UPI,transfer,groceries,Mumbai,completed,,
TXN-39F9D9AA5713,2026-07-20 15:53:05,ACC-0512,ACC-0513,18217.99,INR,UPI,transfer,,Chennai,completed,,
TXN-7439992D9ED2,2026-07-20 16:23:51,ACC-0492,ACC-0190,33303.52,INR,UPI,transfer,groceries,Hyderabad,completed,,
TXN-5C141A1C8A05,2026-07-20 16:26:50,ACC-0205,ACC-0167,39987.11,INR,UPI,transfer,fuel,Ahmedabad,completed,,
TXN-3C9EE9BAFC34,2026-07-20 16:43:15,ACC-0122,ACC-0233,88572.31,INR,UPI,transfer,utilities,Hyderabad,completed,,
TXN-01240EAE0836,2026-07-20 16:43:18,ACC-0509,ACC-0159,12925.51,INR,UPI,transfer,rent,Pune,completed,,
TXN-B7C52BF98AA8,2026-07-20 16:48:10,ACC-0126,ACC-0385,134416.3,INR,UPI,transfer,fuel,Hyderabad,completed,,
TXN-8E03BA32A5E7,2026-07-20 16:51:57,ACC-0169,ACC-0331,18710.72,INR,RTGS,transfer,shopping,Mumbai,completed,,
TXN-A7EC8DBC8F15,2026-07-20 16:54:02,ACC-0341,ACC-0154,20338.02,INR,UPI,transfer,medical,Bangalore,completed,,
TXN-ECE177A058A8,2026-07-20 17:41:19,ACC-0150,ACC-0585,15102.81,INR,IMPS,transfer,rent,Bangalore,completed,,
TXN-C63A8E96DB24,2026-07-20 17:46:59,ACC-0459,ACC-0302,7870.92,INR,UPI,transfer,subscription,Kolkata,completed,,
TXN-77E1FEF6D741,2026-07-20 17:52:09,ACC-0225,ACC-0497,12955.66,INR,RTGS,transfer,groceries,Kolkata,completed,,
TXN-B91D9A33E9DC,2026-07-20 17:57:03,ACC-0246,ACC-0445,13022.93,INR,NEFT,transfer,restaurant,Hyderabad,completed,,
TXN-04FF6A85F9FE,2026-07-20 17:57:40,ACC-0398,ACC-0118,11293.44,INR,RTGS,transfer,groceries,Mumbai,completed,,
TXN-D5482CD48072,2026-07-20 18:14:05,ACC-0137,ACC-0187,26866.34,INR,IMPS,transfer,medical,Kolkata,completed,,
TXN-34EBF55D661D,2026-07-20 18:35:53,ACC-0588,ACC-0491,50407.35,INR,UPI,transfer,utilities,Chennai,completed,,
TXN-E2037A28A8CB,2026-07-20 18:39:29,ACC-0193,ACC-0493,21306.98,INR,IMPS,transfer,shopping,Hyderabad,completed,,
TXN-82AD8C754C82,2026-07-20 19:13:18,ACC-0414,ACC-0562,7504.69,INR,IMPS,transfer,rent,Delhi,completed,,
TXN-FEBDFB909A14,2026-07-20 19:14:08,ACC-0526,ACC-0331,13325.6,INR,CASH,transfer,utilities,Pune,completed,,
TXN-F5019F28313D,2026-07-20 19:23:41,ACC-0334,ACC-0340,23915.43,INR,UPI,transfer,groceries,Kolkata,completed,,
TXN-B86A70313E89,2026-07-20 20:05:16,ACC-0380,ACC-0273,11744.61,INR,UPI,transfer,rent,Mumbai,completed,,
TXN-E298E90F73D2,2026-07-20 20:08:50,ACC-0238,ACC-0324,6335.64,INR,NEFT,transfer,subscription,Hyderabad,completed,,
TXN-F766CE3220A2,2026-07-20 20:12:36,ACC-0510,ACC-0120,21394.38,INR,NEFT,transfer,shopping,Ahmedabad,completed,,
TXN-93EB343F065A,2026-07-20 20:18:35,ACC-0135,ACC-0486,12196.04,INR,IMPS,transfer,,Delhi,completed,,
TXN-D3B2E0E04245,2026-07-20 20:19:02,ACC-0345,ACC-0180,36420.67,INR,UPI,transfer,fuel,Pune,completed,,
TXN-8BE6C17182B4,2026-07-20 20:31:37,ACC-0493,ACC-0414,11111.3,INR,IMPS,transfer,,Pune,completed,,
TXN-F356913696E6,2026-07-20 20:36:02,ACC-0345,ACC-0157,4441.52,INR,UPI,transfer,medical,Pune,completed,,
TXN-F80812027D4D,2026-07-20 20:42:00,ACC-0422,ACC-0258,24150.16,INR,UPI,transfer,utilities,Mumbai,completed,,
TXN-E6ADCA859295,2026-07-20 20:48:43,ACC-0316,ACC-C-001,28998.83,INR,UPI,transfer,groceries,Delhi,completed,,
TXN-1D6984394641,2026-07-20 21:13:00,ACC-0132,ACC-0170,25314.56,INR,IMPS,transfer,groceries,Chennai,completed,,
TXN-C08B53A4EE00,2026-07-20 21:17:07,ACC-0548,ACC-0120,21337.83,INR,UPI,transfer,subscription,Mumbai,completed,,
TXN-43B910780D86,2026-07-20 21:19:01,ACC-0134,ACC-0258,24680.79,INR,UPI,transfer,rent,Pune,completed,,
TXN-E66E4B182A9F,2026-07-20 21:21:36,ACC-0566,ACC-0239,18685.53,INR,NEFT,transfer,utilities,Pune,completed,,
TXN-8D8A92FB0681,2026-07-20 21:27:06,ACC-0237,ACC-0163,17507.44,INR,IMPS,transfer,subscription,Kolkata,completed,,
TXN-7847E932F53E,2026-07-20 21:30:46,ACC-0578,ACC-0359,13457.48,INR,IMPS,transfer,groceries,Bangalore,completed,,
TXN-636B386BA107,2026-07-20 21:33:21,ACC-0408,ACC-0591,24231.26,INR,RTGS,transfer,medical,Delhi,completed,,
TXN-9D2B040DCF71,2026-07-20 21:35:31,ACC-0216,ACC-0398,10672.13,INR,NEFT,transfer,groceries,Delhi,completed,,
TXN-5EB0814E2C45,2026-07-20 21:38:53,ACC-0269,ACC-0450,4651.56,INR,UPI,transfer,subscription,Mumbai,completed,,
TXN-449833D26C7B,2026-07-20 21:42:07,ACC-0532,ACC-0208,17929.23,INR,UPI,transfer,shopping,Kolkata,completed,,
TXN-BB50942CBE2B,2026-07-20 21:56:05,ACC-0534,ACC-0558,9834.22,INR,RTGS,transfer,subscription,Chennai,completed,,
TXN-F0CDA6228440,2026-07-20 22:04:37,ACC-0465,ACC-0369,22534.64,INR,UPI,transfer,,Mumbai,completed,,
TXN-DE44C0E09F04,2026-07-20 22:26:20,ACC-0555,ACC-0169,15531.25,INR,UPI,transfer,subscription,Mumbai,completed,,
TXN-339023EC0E93,2026-07-20 22:58:04,ACC-0308,ACC-0127,14959.34,INR,CASH,transfer,subscription,Kolkata,completed,,
TXN-6126500F2C17,2026-07-20 23:03:40,ACC-0328,ACC-0347,29673.2,INR,IMPS,transfer,rent,Delhi,completed,,
TXN-D85A2AC0B2C1,2026-07-20 23:14:34,ACC-0233,ACC-0192,242.15,INR,UPI,transfer,subscription,Hyderabad,completed,,
TXN-8F060778AB43,2026-07-20 23:14:59,ACC-0355,ACC-0434,30046.23,INR,RTGS,transfer,,Bangalore,completed,,
TXN-83D47526E338,2026-07-20 23:17:50,ACC-0198,ACC-0188,22288.23,INR,UPI,transfer,utilities,Chennai,completed,,
TXN-6D81C7BB211C,2026-07-20 23:23:02,ACC-0366,ACC-0205,58316.44,INR,UPI,transfer,subscription,Delhi,completed,,
TXN-6684B6580098,2026-07-20 23:26:57,ACC-0196,ACC-D-001,20514.47,INR,UPI,transfer,rent,Bangalore,completed,,
TXN-437A26F34271,2026-07-20 23:36:34,ACC-0452,ACC-0580,58635.21,INR,UPI,transfer,medical,Ahmedabad,completed,,
TXN-2AD78C2CC2EE,2026-07-20 23:48:31,ACC-0389,ACC-0208,11475.84,INR,IMPS,transfer,subscription,Bangalore,completed,,
TXN-7C4A10165FDC,2026-07-20 23:50:45,ACC-0454,ACC-0282,17492.13,INR,NEFT,transfer,utilities,Bangalore,completed,,
TXN-5AC3BE39065E,2026-07-21 00:05:11,ACC-0588,ACC-0185,5901.4,INR,IMPS,transfer,restaurant,Delhi,completed,,
TXN-D4B6602B0E24,2026-07-21 00:15:46,ACC-0530,ACC-0124,20745.66,INR,NEFT,transfer,shopping,Pune,completed,,
TXN-895ED8FA6969,2026-07-21 00:18:19,ACC-0301,ACC-0216,64585.31,INR,UPI,transfer,groceries,Chennai,completed,,
TXN-CAC84677619C,2026-07-21 00:37:45,ACC-0486,ACC-E-001,126441.77,INR,RTGS,transfer,restaurant,Kolkata,completed,,
TXN-AAC810E0D64F,2026-07-21 00:40:12,ACC-0529,ACC-0132,14572.26,INR,IMPS,transfer,fuel,Hyderabad,completed,,
TXN-E8ADBB07C21A,2026-07-21 00:44:52,ACC-0392,ACC-0385,22212.16,INR,CASH,transfer,subscription,Mumbai,completed,,
TXN-AFED66E00045,2026-07-21 01:21:06,ACC-0277,ACC-0141,22435.62,INR,UPI,transfer,,Ahmedabad,completed,,
TXN-00F0EBA69E21,2026-07-21 01:26:32,ACC-0558,ACC-0321,15940.96,INR,UPI,transfer,restaurant,Bangalore,completed,,
TXN-CA0F7FA8BCAA,2026-07-21 01:34:36,ACC-0297,ACC-0109,19681.43,INR,UPI,transfer,restaurant,Kolkata,completed,,
TXN-D14A31FBC78B,2026-07-21 01:37:34,ACC-0443,ACC-0393,23191.98,INR,IMPS,transfer,subscription,Bangalore,completed,,
TXN-1D3F7FAFEDD1,2026-07-21 01:40:55,ACC-0531,ACC-0425,19691.12,INR,NEFT,transfer,fuel,Kolkata,completed,,
TXN-4A37211909AB,2026-07-21 01:44:17,ACC-0537,ACC-0280,871.0,INR,IMPS,transfer,groceries,Pune,completed,,
TXN-BEDFB1358D23,2026-07-21 01:45:00,ACC-0163,ACC-0493,14079.52,INR,UPI,transfer,subscription,Pune,completed,,
TXN-E1CD36303BE3,2026-07-21 01:50:57,ACC-0293,ACC-0516,23205.52,INR,NEFT,transfer,subscription,Kolkata,completed,,
TXN-A46ED81528F1,2026-07-21 02:00:28,ACC-0237,ACC-0487,26679.62,INR,IMPS,transfer,shopping,Kolkata,completed,,
TXN-3C9DC1063152,2026-07-21 02:05:02,ACC-0508,ACC-0457,13797.35,INR,UPI,transfer,restaurant,Delhi,completed,,
TXN-B54C26DCEA76,2026-07-21 02:19:55,ACC-0110,ACC-0567,8974.53,INR,NEFT,transfer,rent,Ahmedabad,completed,,
TXN-9846962313E8,2026-07-21 02:23:22,ACC-0541,ACC-0391,2966.81,INR,IMPS,transfer,rent,Mumbai,completed,,
TXN-B8A9C41FCD81,2026-07-21 02:34:39,ACC-0336,ACC-0527,11422.03,INR,UPI,transfer,medical,Ahmedabad,completed,,
TXN-7139537C7933,2026-07-21 02:56:32,ACC-0325,ACC-0404,18786.6,INR,UPI,transfer,utilities,Delhi,completed,,
TXN-498140CAF0FA,2026-07-21 03:09:24,ACC-0498,ACC-0347,7093.54,INR,UPI,transfer,rent,Delhi,completed,,
TXN-120D9BE1C91A,2026-07-21 03:15:14,ACC-0507,ACC-0452,18451.48,INR,UPI,transfer,rent,Bangalore,completed,,
TXN-B373DDD30BD0,2026-07-21 03:42:30,ACC-0480,ACC-0128,13942.12,INR,UPI,transfer,,Ahmedabad,completed,,
TXN-60487A1EE39B,2026-07-21 03:52:51,ACC-G-001,ACC-0156,10429.63,INR,UPI,transfer,subscription,Chennai,completed,,
TXN-160AA9C8662A,2026-07-21 04:03:47,ACC-0126,ACC-0122,72594.29,INR,IMPS,transfer,medical,Chennai,completed,,
TXN-181122692514,2026-07-21 04:07:51,ACC-0166,ACC-0228,20897.81,INR,UPI,transfer,rent,Ahmedabad,completed,,
TXN-F515C9725195,2026-07-21 04:13:06,ACC-0176,ACC-0216,79607.13,INR,UPI,transfer,restaurant,Bangalore,completed,,
TXN-0C39D699263D,2026-07-21 04:17:00,ACC-0156,ACC-0116,13859.84,INR,UPI,transfer,shopping,Bangalore,completed,,
TXN-C914382F8FDB,2026-07-21 04:40:59,ACC-0573,ACC-0191,8401.74,INR,RTGS,transfer,subscription,Chennai,completed,,
TXN-53B6B5E4F56E,2026-07-21 04:41:41,ACC-0588,ACC-0431,42026.67,INR,UPI,transfer,,Bangalore,completed,,
TXN-81FF8FF4FE2A,2026-07-21 04:51:49,ACC-0316,ACC-0546,123.77,INR,UPI,transfer,rent,Hyderabad,completed,,
TXN-2B9DC0ABC786,2026-07-21 04:51:58,ACC-0388,ACC-0142,4519.08,INR,CASH,transfer,shopping,Pune,completed,,
TXN-32A338111289,2026-07-21 05:05:37,ACC-0223,ACC-0394,32015.57,INR,RTGS,transfer,subscription,Bangalore,completed,,
TXN-D5637E26F8D5,2026-07-21 05:08:59,ACC-0297,ACC-0422,17568.5,INR,NEFT,transfer,medical,Mumbai,completed,,
TXN-AECB24E96E91,2026-07-21 05:15:11,ACC-0548,ACC-0433,20882.17,INR,CASH,transfer,,Kolkata,completed,,
TXN-054E7B826691,2026-07-21 05:22:47,ACC-0211,ACC-0460,13562.59,INR,UPI,transfer,utilities,Kolkata,completed,,
TXN-B1D2CE45A86A,2026-07-21 05:34:20,ACC-0200,ACC-0174,24153.52,INR,IMPS,transfer,subscription,Kolkata,completed,,
TXN-D8D74C2D86F9,2026-07-21 05:43:23,ACC-0205,ACC-0248,12045.76,INR,UPI,transfer,,Ahmedabad,completed,,
TXN-334C600F27E6,2026-07-21 05:47:39,ACC-0100,ACC-0495,15161.78,INR,NEFT,transfer,restaurant,Chennai,completed,,
TXN-0188B61C93B7,2026-07-21 05:51:36,ACC-0274,ACC-0229,42426.32,INR,IMPS,transfer,utilities,Pune,completed,,
TXN-89FBC24D1970,2026-07-21 05:56:21,ACC-0317,ACC-0412,20972.02,INR,UPI,transfer,restaurant,Bangalore,completed,,
TXN-B05D3CE83D26,2026-07-21 05:57:45,ACC-0532,ACC-0189,19557.34,INR,UPI,transfer,fuel,Bangalore,completed,,
TXN-81A809333F5B,2026-07-21 06:21:21,ACC-0477,ACC-0253,16972.94,INR,NEFT,transfer,rent,Chennai,completed,,
TXN-9A9351AD0E40,2026-07-21 06:22:20,ACC-0565,ACC-0582,22804.69,INR,NEFT,transfer,medical,Delhi,completed,,
TXN-04A99702BA07,2026-07-21 06:38:21,ACC-0442,ACC-0569,6251.05,INR,NEFT,transfer,groceries,Kolkata,completed,,
TXN-ACA5AFD5C5AD,2026-07-21 06:40:46,ACC-0458,ACC-0244,17805.1,INR,UPI,transfer,restaurant,Delhi,completed,,
TXN-360C6EA356F4,2026-07-21 06:46:27,ACC-0156,ACC-0224,20724.25,INR,UPI,transfer,groceries,Mumbai,completed,,
TXN-B2C70A1BFDF4,2026-07-21 07:08:32,ACC-0136,ACC-0309,11956.11,INR,UPI,transfer,groceries,Pune,completed,,
TXN-A057C8EBD49A,2026-07-21 07:44:27,ACC-0564,ACC-0150,21041.29,INR,UPI,transfer,medical,Ahmedabad,completed,,
TXN-1ED56C79FFDC,2026-07-21 07:45:08,ACC-0166,ACC-0190,12124.31,INR,UPI,transfer,fuel,Pune,completed,,
TXN-40431D8D03EB,2026-07-21 08:10:32,ACC-0456,ACC-0282,12534.38,INR,UPI,transfer,medical,Bangalore,completed,,
TXN-79E9F2E2C16A,2026-07-21 08:25:57,ACC-0309,ACC-0566,8548.07,INR,IMPS,transfer,shopping,Delhi,completed,,
TXN-A47D5E584A96,2026-07-21 08:44:48,ACC-0574,ACC-0313,1361.81,INR,UPI,transfer,utilities,Pune,completed,,
TXN-A504A77631A2,2026-07-21 08:56:09,ACC-0286,ACC-0577,14441.71,INR,UPI,transfer,shopping,Chennai,completed,,
TXN-3C984AD5F726,2026-07-21 09:00:55,ACC-0403,ACC-0545,19922.32,INR,NEFT,transfer,shopping,Chennai,completed,,
TXN-6DC3814DC4D6,2026-07-21 09:15:06,ACC-0104,ACC-0305,18461.78,INR,UPI,transfer,,Chennai,completed,,
TXN-ACA94F6FBFCA,2026-07-21 09:15:27,ACC-0369,ACC-0470,25643.73,INR,IMPS,transfer,,Mumbai,completed,,
TXN-8892445CEE21,2026-07-21 09:27:22,ACC-0528,ACC-0422,25270.39,INR,IMPS,transfer,,Delhi,completed,,
TXN-0B088737CBEF,2026-07-21 09:27:44,ACC-0100,ACC-0249,18153.53,INR,UPI,transfer,,Bangalore,completed,,
TXN-DB44C6BA0FBE,2026-07-21 09:31:54,ACC-0360,ACC-0478,22552.2,INR,UPI,transfer,subscription,Delhi,completed,,
TXN-661851AB4EA1,2026-07-21 09:32:46,ACC-0367,ACC-0248,24434.81,INR,IMPS,transfer,medical,Ahmedabad,completed,,
TXN-360D5E4851A4,2026-07-21 09:47:38,ACC-0460,ACC-0291,25663.0,INR,UPI,transfer,utilities,Hyderabad,completed,,
TXN-BCC1046FD6EA,2026-07-21 09:53:44,ACC-0580,ACC-0400,11940.67,INR,RTGS,transfer,utilities,Delhi,completed,,
TXN-5837F7E4A079,2026-07-21 09:55:14,ACC-0122,ACC-0569,88247.68,INR,UPI,transfer,subscription,Bangalore,completed,,
TXN-670906E19F8B,2026-07-21 10:31:36,ACC-0184,ACC-0467,3529.98,INR,UPI,transfer,,Pune,completed,,
TXN-C1791144BD0C,2026-07-21 10:34:30,ACC-0420,ACC-0322,19908.53,INR,NEFT,transfer,shopping,Ahmedabad,completed,,
TXN-4409A9BA045F,2026-07-21 10:58:00,ACC-0350,ACC-0364,14482.72,INR,NEFT,transfer,,Hyderabad,completed,,
TXN-78EC23F145EA,2026-07-21 11:10:57,ACC-0107,ACC-0403,14084.35,INR,IMPS,transfer,fuel,Chennai,completed,,
TXN-7EDC971304D4,2026-07-21 11:15:36,ACC-0521,ACC-0407,19034.97,INR,UPI,transfer,subscription,Pune,completed,,
TXN-773D974D65A9,2026-07-21 11:16:42,ACC-0296,ACC-0452,16984.14,INR,IMPS,transfer,,Hyderabad,completed,,
TXN-C3C0876F14FF,2026-07-21 11:17:10,ACC-0513,ACC-0164,10419.88,INR,IMPS,transfer,subscription,Kolkata,completed,,
TXN-AB944EC95302,2026-07-21 11:29:18,ACC-0165,ACC-0480,22502.67,INR,NEFT,transfer,medical,Pune,completed,,
TXN-FC34AE3E2C71,2026-07-21 11:32:03,ACC-0533,ACC-0430,9073.65,INR,UPI,transfer,groceries,Bangalore,completed,,
TXN-6147308B24D1,2026-07-21 11:41:35,ACC-0423,ACC-0399,18676.84,INR,UPI,transfer,subscription,Hyderabad,completed,,
TXN-977677DBB217,2026-07-21 11:50:45,ACC-0252,ACC-0352,18048.35,INR,UPI,transfer,,Ahmedabad,completed,,
TXN-C11CACF42624,2026-07-21 11:51:16,ACC-0551,ACC-0299,18283.02,INR,RTGS,transfer,,Bangalore,completed,,
TXN-6CB756AE9564,2026-07-21 11:52:51,ACC-0287,ACC-0405,13210.68,INR,UPI,transfer,shopping,Chennai,completed,,
TXN-94C64CD24CFF,2026-07-21 11:53:31,ACC-0581,ACC-0147,28224.83,INR,UPI,transfer,fuel,Ahmedabad,completed,,
TXN-123E8631EEDE,2026-07-21 12:12:57,ACC-0381,ACC-0425,8769.91,INR,NEFT,transfer,utilities,Chennai,completed,,
TXN-A440B14A19A1,2026-07-21 12:32:09,ACC-0104,ACC-0410,21898.79,INR,UPI,transfer,medical,Chennai,completed,,
TXN-A1ACBE427E62,2026-07-21 12:50:50,ACC-0435,ACC-0333,69113.73,INR,IMPS,transfer,groceries,Mumbai,completed,,
TXN-1BD00A0DCCDA,2026-07-21 12:58:58,ACC-0285,ACC-0588,14736.74,INR,UPI,transfer,,Mumbai,completed,,
TXN-47AD51B0F0BA,2026-07-21 13:07:36,ACC-0508,ACC-0342,23903.27,INR,UPI,transfer,medical,Chennai,completed,,
TXN-E90ABA83A7A3,2026-07-21 13:13:34,ACC-0221,ACC-0410,109407.33,INR,RTGS,transfer,fuel,Ahmedabad,completed,,
TXN-4584AE413B33,2026-07-21 13:16:24,ACC-0187,ACC-0214,10820.17,INR,UPI,transfer,rent,Delhi,completed,,
TXN-75B1B3CDFD12,2026-07-21 13:20:38,ACC-0157,ACC-0118,21210.54,INR,UPI,transfer,,Mumbai,completed,,
TXN-BBDF228489DE,2026-07-21 13:25:56,ACC-0109,ACC-0439,21008.96,INR,UPI,transfer,,Bangalore,completed,,
TXN-CB9EFD9C62BD,2026-07-21 13:41:07,ACC-0563,ACC-0514,4078.97,INR,IMPS,transfer,medical,Ahmedabad,completed,,
TXN-DE0B4A6DE667,2026-07-21 13:47:27,ACC-0361,ACC-0287,12452.69,INR,RTGS,transfer,medical,Mumbai,completed,,
TXN-BFCB838864B8,2026-07-21 13:56:40,ACC-0339,ACC-0297,14539.91,INR,RTGS,transfer,,Chennai,completed,,
TXN-8701C8EEEA8D,2026-07-21 13:59:33,ACC-0449,ACC-0442,21352.09,INR,RTGS,transfer,shopping,Chennai,completed,,
TXN-F6FCE998EBAE,2026-07-21 14:01:09,ACC-0297,ACC-0341,11688.75,INR,RTGS,transfer,rent,Pune,completed,,
TXN-0B1146E9C419,2026-07-21 14:16:31,ACC-0540,ACC-0437,20488.04,INR,UPI,transfer,utilities,Mumbai,completed,,
TXN-22CA2CF0DFB6,2026-07-21 14:16:51,ACC-0592,ACC-0168,24950.62,INR,UPI,transfer,fuel,Chennai,completed,,
TXN-A06F114D1CA2,2026-07-21 14:24:20,ACC-0533,ACC-0492,13691.69,INR,UPI,transfer,groceries,Mumbai,completed,,
TXN-017988F4A36C,2026-07-21 14:28:16,ACC-0576,ACC-0520,10548.27,INR,NEFT,transfer,,Delhi,completed,,
TXN-43329C3EADB9,2026-07-21 14:46:45,ACC-0557,ACC-0387,26998.31,INR,NEFT,transfer,fuel,Pune,completed,,
TXN-96F847F407CB,2026-07-21 14:55:42,ACC-0149,ACC-0324,18227.82,INR,UPI,transfer,utilities,Hyderabad,completed,,
TXN-3FC72E73D0F8,2026-07-21 15:01:02,ACC-0507,ACC-0192,21123.97,INR,UPI,transfer,utilities,Kolkata,completed,,
TXN-67ACFA3E067D,2026-07-21 15:03:14,ACC-0481,ACC-0145,24727.56,INR,IMPS,transfer,rent,Kolkata,completed,,
TXN-C483C8D45BCB,2026-07-21 15:11:07,ACC-0457,ACC-0505,32772.43,INR,NEFT,transfer,,Kolkata,completed,,
TXN-1A472E4130D1,2026-07-21 15:15:51,ACC-0474,ACC-0145,19167.53,INR,IMPS,transfer,medical,Mumbai,completed,,
TXN-BD19D36E7A84,2026-07-21 15:16:49,ACC-0320,ACC-0415,20346.36,INR,UPI,transfer,rent,Mumbai,completed,,
TXN-80AA138741F7,2026-07-21 15:47:26,ACC-0332,ACC-0404,16857.64,INR,UPI,transfer,fuel,Bangalore,completed,,
TXN-12DEAAC97641,2026-07-21 15:49:08,ACC-0581,ACC-0175,25028.6,INR,IMPS,transfer,groceries,Pune,completed,,
TXN-DE8521354AAA,2026-07-21 15:54:50,ACC-0168,ACC-0436,31363.69,INR,IMPS,transfer,rent,Delhi,completed,,
TXN-6A0460CAE183,2026-07-21 16:06:36,ACC-0167,ACC-0353,24757.88,INR,NEFT,transfer,subscription,Bangalore,completed,,
TXN-CA7ED2E1B63C,2026-07-21 16:10:02,ACC-0171,ACC-0196,13878.15,INR,UPI,transfer,groceries,Kolkata,completed,,
TXN-51C81E89BE0B,2026-07-21 16:13:29,ACC-0538,ACC-0347,45508.77,INR,UPI,transfer,rent,Bangalore,completed,,
TXN-8AACE1468689,2026-07-21 16:20:45,ACC-0477,ACC-0559,31796.38,INR,NEFT,transfer,,Kolkata,completed,,
TXN-14AEA3358501,2026-07-21 16:27:07,ACC-0387,ACC-0282,19162.71,INR,IMPS,transfer,medical,Mumbai,completed,,
TXN-F3D7ABB144B1,2026-07-21 16:28:23,ACC-0488,ACC-0132,24273.52,INR,NEFT,transfer,subscription,Kolkata,completed,,
TXN-484F1400122D,2026-07-21 16:35:23,ACC-0140,ACC-0260,18044.6,INR,UPI,transfer,medical,Pune,completed,,
TXN-91FCABF1C9E6,2026-07-21 16:48:00,ACC-0189,ACC-0374,23432.06,INR,UPI,transfer,restaurant,Hyderabad,completed,,
TXN-06342A87AB3E,2026-07-21 16:57:53,ACC-0295,ACC-0406,29511.76,INR,IMPS,transfer,restaurant,Chennai,completed,,
TXN-F69010ACC234,2026-07-21 16:59:49,ACC-0218,ACC-0116,6498.97,INR,NEFT,transfer,rent,Bangalore,completed,,
TXN-17B269564D63,2026-07-21 17:08:15,ACC-0500,ACC-0529,14569.93,INR,UPI,transfer,shopping,Hyderabad,completed,,
TXN-A7F724906968,2026-07-21 17:15:27,ACC-0463,ACC-0299,12533.5,INR,IMPS,transfer,fuel,Ahmedabad,completed,,
TXN-FD967970F10A,2026-07-21 17:25:04,ACC-0127,ACC-0396,22200.21,INR,RTGS,transfer,rent,Hyderabad,completed,,
TXN-46F5025B71A6,2026-07-21 17:34:32,ACC-0468,ACC-0512,461.93,INR,UPI,transfer,,Pune,completed,,
TXN-73B6C5B9525F,2026-07-21 18:01:31,ACC-0559,ACC-0589,11848.08,INR,UPI,transfer,,Ahmedabad,completed,,
TXN-F2529070F3D9,2026-07-21 18:10:32,ACC-0185,ACC-0352,10340.56,INR,UPI,transfer,,Delhi,completed,,
TXN-2D43DC8DC151,2026-07-21 18:16:39,ACC-0303,ACC-0533,17871.16,INR,UPI,transfer,,Pune,completed,,
TXN-3CDE8DB6126E,2026-07-21 18:27:17,ACC-0350,ACC-0362,20617.97,INR,IMPS,transfer,restaurant,Kolkata,completed,,
TXN-ADC0FD0A96B9,2026-07-21 18:45:49,ACC-0105,ACC-0276,35631.35,INR,UPI,transfer,utilities,Mumbai,completed,,
TXN-238648589366,2026-07-21 18:51:00,ACC-0326,ACC-0191,20308.63,INR,IMPS,transfer,medical,Bangalore,completed,,
TXN-333B3A4CE0FF,2026-07-21 19:11:52,ACC-0521,ACC-0575,17959.93,INR,UPI,transfer,groceries,Chennai,completed,,
TXN-4E4C228847E2,2026-07-21 19:12:10,ACC-0521,ACC-0173,21278.1,INR,IMPS,transfer,,Kolkata,completed,,
TXN-FDE3FC5C4BB8,2026-07-21 19:13:36,ACC-0317,ACC-0540,17683.5,INR,UPI,transfer,shopping,Pune,completed,,
TXN-9C24DC87B6C2,2026-07-21 19:19:05,ACC-0104,ACC-0145,15632.26,INR,IMPS,transfer,fuel,Bangalore,completed,,
TXN-0E74968EF874,2026-07-21 19:21:10,ACC-0532,ACC-0403,22726.0,INR,UPI,transfer,,Bangalore,completed,,
TXN-3BED7AD36B04,2026-07-21 19:32:05,ACC-0125,ACC-0312,26454.85,INR,NEFT,transfer,subscription,Delhi,completed,,
TXN-0E20490A8364,2026-07-21 19:50:38,ACC-0141,ACC-0341,19488.33,INR,IMPS,transfer,,Mumbai,completed,,
TXN-F33EA26FCD4D,2026-07-21 20:01:35,ACC-0548,ACC-0148,22889.53,INR,NEFT,transfer,,Delhi,completed,,
TXN-19A3A4A02BA4,2026-07-21 20:05:14,ACC-0218,ACC-0454,57977.96,INR,UPI,transfer,groceries,Hyderabad,completed,,
TXN-3114BE596452,2026-07-21 20:05:58,ACC-0106,ACC-0475,13722.67,INR,CASH,transfer,restaurant,Bangalore,completed,,
TXN-8E23E6E3839A,2026-07-21 20:13:28,ACC-0535,ACC-0444,11398.17,INR,NEFT,transfer,subscription,Delhi,completed,,
TXN-ED8FA017DCE0,2026-07-21 20:17:10,ACC-0316,ACC-0434,58293.17,INR,UPI,transfer,fuel,Pune,completed,,
TXN-DB6E6010887F,2026-07-21 20:51:04,ACC-0429,ACC-0299,18254.46,INR,IMPS,transfer,fuel,Delhi,completed,,
TXN-9A29A65E9AE6,2026-07-21 20:51:22,ACC-0323,ACC-0497,29680.91,INR,UPI,transfer,restaurant,Kolkata,completed,,
TXN-A9FF2475448A,2026-07-21 20:51:56,ACC-0210,ACC-0208,20979.87,INR,UPI,transfer,groceries,Bangalore,completed,,
TXN-0EE6FC5EA54E,2026-07-21 21:06:27,ACC-0289,ACC-0112,17788.32,INR,UPI,transfer,,Delhi,completed,,
TXN-7AEC13E0645E,2026-07-21 21:26:59,ACC-0483,ACC-0555,13710.22,INR,UPI,transfer,restaurant,Bangalore,completed,,
TXN-1ADB5D354DBA,2026-07-21 21:31:32,ACC-0323,ACC-0372,63467.2,INR,UPI,transfer,rent,Chennai,completed,,
TXN-710FE3B740BD,2026-07-21 21:32:39,ACC-0204,ACC-0159,12017.87,INR,RTGS,transfer,,Hyderabad,completed,,
TXN-D7BA24A4A7B0,2026-07-21 21:38:09,ACC-0464,ACC-0461,13228.17,INR,NEFT,transfer,utilities,Bangalore,completed,,
TXN-5E34A46A2079,2026-07-21 21:41:50,ACC-0543,ACC-0333,17287.5,INR,UPI,transfer,,Kolkata,completed,,
TXN-3C4311FE67D1,2026-07-21 21:44:16,ACC-0249,ACC-0385,11265.84,INR,IMPS,transfer,fuel,Bangalore,completed,,
TXN-F4B10ECFF473,2026-07-21 21:44:20,ACC-0326,ACC-0395,16238.4,INR,UPI,transfer,rent,Bangalore,completed,,
TXN-C2590DB466DC,2026-07-21 21:46:16,ACC-0572,ACC-0256,19708.68,INR,UPI,transfer,,Kolkata,completed,,
TXN-9B82C375B4BE,2026-07-21 22:04:07,ACC-0437,ACC-0283,26295.95,INR,CASH,transfer,,Mumbai,completed,,
TXN-B0E1D9011125,2026-07-21 22:05:49,ACC-0397,ACC-0312,27376.79,INR,UPI,transfer,,Mumbai,completed,,
TXN-BCE93096F78E,2026-07-21 22:11:14,ACC-0456,ACC-0269,13040.22,INR,IMPS,transfer,fuel,Chennai,completed,,
TXN-37AA79866362,2026-07-21 22:17:38,ACC-0301,ACC-0294,14971.79,INR,UPI,transfer,groceries,Bangalore,completed,,
TXN-9FB2D6356ED5,2026-07-21 22:23:49,ACC-0141,ACC-0156,22761.89,INR,IMPS,transfer,subscription,Hyderabad,completed,,
TXN-F5D865D60D25,2026-07-21 22:34:00,ACC-0139,ACC-0574,17843.85,INR,CASH,transfer,restaurant,Pune,completed,,
TXN-E5F32F1DB96E,2026-07-21 22:35:45,ACC-0453,ACC-0538,12984.83,INR,UPI,transfer,restaurant,Chennai,completed,,
TXN-9ED250E7F213,2026-07-21 22:36:23,ACC-0338,ACC-0133,21364.61,INR,NEFT,transfer,,Ahmedabad,completed,,
TXN-8C112ABEBB43,2026-07-21 22:42:51,ACC-0507,ACC-0365,22034.43,INR,UPI,transfer,groceries,Pune,completed,,
TXN-625D9884D05D,2026-07-21 22:54:43,ACC-0444,ACC-0296,13535.56,INR,CASH,transfer,fuel,Delhi,completed,,
TXN-A1FB70B0EC9A,2026-07-21 23:15:38,ACC-0202,ACC-0497,11083.71,INR,UPI,transfer,medical,Hyderabad,completed,,
TXN-3F267CC18B94,2026-07-21 23:22:18,ACC-0314,ACC-0455,22745.27,INR,CASH,transfer,shopping,Ahmedabad,completed,,
TXN-29C5A7E36FC0,2026-07-21 23:30:41,ACC-0195,ACC-0197,19267.4,INR,NEFT,transfer,rent,Chennai,completed,,
TXN-9DDDA4DCBD32,2026-07-21 23:33:00,ACC-0338,ACC-0542,18718.61,INR,UPI,transfer,,Pune,completed,,
TXN-529AF73010E7,2026-07-21 23:35:52,ACC-0577,ACC-0411,9916.05,INR,NEFT,transfer,restaurant,Mumbai,completed,,
TXN-D57A69C42111,2026-07-21 23:36:53,ACC-0252,ACC-0250,20492.31,INR,IMPS,transfer,groceries,Mumbai,completed,,
TXN-15CCA3E68E58,2026-07-21 23:38:48,ACC-0379,ACC-0336,18135.85,INR,IMPS,transfer,groceries,Pune,completed,,
TXN-FBFE00D9505F,2026-07-21 23:52:33,ACC-0316,ACC-0549,4444.41,INR,UPI,transfer,subscription,Pune,completed,,
TXN-0C73BEEEFD9C,2026-07-22 00:06:19,ACC-0507,ACC-0144,18427.79,INR,UPI,transfer,restaurant,Ahmedabad,completed,,
TXN-CDB60FC48275,2026-07-22 00:30:22,ACC-0375,ACC-0137,17673.28,INR,IMPS,transfer,fuel,Ahmedabad,completed,,
TXN-BC79950F3B9B,2026-07-22 00:30:48,ACC-0253,ACC-0300,23367.93,INR,IMPS,transfer,,Delhi,completed,,
TXN-548F11CD1A45,2026-07-22 00:41:43,ACC-0584,ACC-0448,27812.51,INR,UPI,transfer,shopping,Bangalore,completed,,
TXN-A31ACB525FA3,2026-07-22 00:49:36,ACC-0481,ACC-0338,15889.3,INR,RTGS,transfer,,Delhi,completed,,
TXN-AF3BF8533292,2026-07-22 00:57:05,ACC-0315,ACC-0205,16465.42,INR,NEFT,transfer,subscription,Chennai,completed,,
TXN-065A99412D5B,2026-07-22 01:00:56,ACC-0150,ACC-0158,18354.03,INR,RTGS,transfer,rent,Mumbai,completed,,
TXN-1C157CBF494F,2026-07-22 02:08:20,ACC-0571,ACC-0437,12997.39,INR,UPI,transfer,shopping,Chennai,completed,,
TXN-2C4D7BD4F951,2026-07-22 02:33:32,ACC-0499,ACC-0422,20791.64,INR,UPI,transfer,shopping,Hyderabad,completed,,
TXN-96A918F01258,2026-07-22 02:48:05,ACC-A-001,ACC-0362,38947.67,INR,UPI,transfer,subscription,Mumbai,completed,,
TXN-E1BF2AC72B4F,2026-07-22 03:16:22,ACC-0457,ACC-0113,20541.35,INR,NEFT,transfer,utilities,Pune,completed,,
TXN-ADD3E0213045,2026-07-22 03:24:16,ACC-0228,ACC-0138,19462.77,INR,CASH,transfer,utilities,Pune,completed,,
TXN-4D5B3C909C12,2026-07-22 03:26:29,ACC-0299,ACC-0177,26084.02,INR,IMPS,transfer,,Kolkata,completed,,
TXN-9229CFF43897,2026-07-22 03:27:08,ACC-0524,ACC-0148,22858.44,INR,IMPS,transfer,fuel,Ahmedabad,completed,,
TXN-034E4FCD6041,2026-07-22 03:29:25,ACC-0473,ACC-0120,24249.38,INR,UPI,transfer,,Mumbai,completed,,
TXN-5B4CA1270E13,2026-07-22 03:31:21,ACC-0574,ACC-0247,13906.88,INR,RTGS,transfer,medical,Bangalore,completed,,
TXN-1E869CBFF392,2026-07-22 03:36:41,ACC-0146,ACC-0384,11272.04,INR,UPI,transfer,groceries,Chennai,completed,,
TXN-A1563776F1AA,2026-07-22 03:41:18,ACC-0544,ACC-0509,13185.56,INR,UPI,transfer,shopping,Ahmedabad,completed,,
TXN-61BB991226A2,2026-07-22 03:51:47,ACC-0155,ACC-0100,5677.15,INR,RTGS,transfer,rent,Ahmedabad,completed,,
TXN-051CB4419D55,2026-07-22 03:54:01,ACC-0519,ACC-0440,9059.96,INR,UPI,transfer,utilities,Pune,completed,,
TXN-9A80E6FCD3FF,2026-07-22 04:09:06,ACC-0544,ACC-0317,12675.91,INR,CASH,transfer,medical,Ahmedabad,completed,,
TXN-9078DCA419B7,2026-07-22 04:09:38,ACC-0145,ACC-0443,18137.08,INR,UPI,transfer,,Bangalore,completed,,
TXN-BB2BDDF768E7,2026-07-22 04:13:51,ACC-0558,ACC-0570,18027.51,INR,UPI,transfer,rent,Delhi,completed,,
TXN-F62599329376,2026-07-22 04:21:50,ACC-0402,ACC-0223,10926.36,INR,UPI,transfer,restaurant,Ahmedabad,completed,,
TXN-653A7264E30D,2026-07-22 04:27:14,ACC-0119,ACC-0223,11819.43,INR,UPI,transfer,fuel,Bangalore,completed,,
TXN-63F1F26362D4,2026-07-22 04:46:30,ACC-0497,ACC-0210,20869.73,INR,IMPS,transfer,medical,Kolkata,completed,,
TXN-B976D10508AD,2026-07-22 04:54:16,ACC-0562,ACC-0519,20906.74,INR,UPI,transfer,utilities,Delhi,completed,,
TXN-5C6DDE1B3DB2,2026-07-22 05:02:12,ACC-0535,ACC-0179,13398.29,INR,NEFT,transfer,restaurant,Pune,completed,,
TXN-A3E230C755D6,2026-07-22 05:12:17,ACC-0337,ACC-0307,20874.14,INR,UPI,transfer,rent,Chennai,completed,,
TXN-D81C8BAD0873,2026-07-22 05:30:30,ACC-0326,ACC-0332,26190.02,INR,IMPS,transfer,medical,Bangalore,completed,,
TXN-BD5D49B7C601,2026-07-22 06:02:03,ACC-0386,ACC-0129,11646.13,INR,NEFT,transfer,restaurant,Kolkata,completed,,
TXN-4267FC780917,2026-07-22 06:09:19,ACC-0438,ACC-0349,9502.88,INR,NEFT,transfer,shopping,Hyderabad,completed,,
TXN-1DE7BB51B168,2026-07-22 06:13:13,ACC-0178,ACC-0410,17142.59,INR,IMPS,transfer,shopping,Mumbai,completed,,
TXN-C7D3C8278655,2026-07-22 06:21:13,ACC-0278,ACC-0529,13621.19,INR,UPI,transfer,rent,Kolkata,completed,,
TXN-F54BD920CE85,2026-07-22 06:26:23,ACC-0554,ACC-0114,39643.18,INR,RTGS,transfer,utilities,Hyderabad,completed,,
TXN-09304ED91A3B,2026-07-22 06:29:02,ACC-0564,ACC-0362,18761.4,INR,UPI,transfer,utilities,Hyderabad,completed,,
TXN-E590DC57177A,2026-07-22 06:34:37,ACC-0177,ACC-0299,18339.14,INR,CASH,transfer,groceries,Kolkata,completed,,
TXN-8818B3672CF3,2026-07-22 06:41:11,ACC-0332,ACC-0480,18386.92,INR,UPI,transfer,,Delhi,completed,,
TXN-5EA5F762CAD6,2026-07-22 07:01:46,ACC-0432,ACC-0257,19479.43,INR,RTGS,transfer,subscription,Hyderabad,completed,,
TXN-5EB8A95FC297,2026-07-22 07:01:52,ACC-0476,ACC-0251,23831.36,INR,RTGS,transfer,,Chennai,completed,,
TXN-BCA27CABE8DC,2026-07-22 07:03:15,ACC-0290,ACC-0481,10946.92,INR,IMPS,transfer,utilities,Pune,completed,,
TXN-9646F4E7848A,2026-07-22 07:09:27,ACC-0329,ACC-0461,23900.79,INR,UPI,transfer,fuel,Kolkata,completed,,
TXN-D334EF02D882,2026-07-22 07:22:06,ACC-0359,ACC-0173,25959.45,INR,RTGS,transfer,groceries,Mumbai,completed,,
TXN-FF4E9A7C2451,2026-07-22 07:32:37,ACC-0481,ACC-0357,19571.88,INR,UPI,transfer,rent,Bangalore,completed,,
TXN-62F86C68EB59,2026-07-22 07:34:28,ACC-0142,ACC-0526,45740.13,INR,IMPS,transfer,restaurant,Ahmedabad,completed,,
TXN-553E3239457E,2026-07-22 07:46:02,ACC-0198,ACC-0111,25259.66,INR,IMPS,transfer,restaurant,Kolkata,completed,,
TXN-E27E0A074205,2026-07-22 07:51:41,ACC-0573,ACC-0348,73400.69,INR,UPI,transfer,utilities,Chennai,completed,,
TXN-0B36A7FE8DDD,2026-07-22 08:07:00,ACC-0507,ACC-0442,10303.04,INR,IMPS,transfer,rent,Pune,completed,,
TXN-433CFAD3D495,2026-07-22 08:40:54,ACC-0374,ACC-0341,5284.31,INR,RTGS,transfer,groceries,Kolkata,completed,,
TXN-A14335BDB492,2026-07-22 08:41:40,ACC-0187,ACC-0286,38142.86,INR,NEFT,transfer,medical,Bangalore,completed,,
TXN-F233F310E206,2026-07-22 08:45:42,ACC-0466,ACC-0207,10493.92,INR,IMPS,transfer,utilities,Delhi,completed,,
TXN-896B775985CF,2026-07-22 08:47:01,ACC-0515,ACC-0108,35071.81,INR,IMPS,transfer,restaurant,Delhi,completed,,
TXN-3DA988A28824,2026-07-22 08:51:38,ACC-0438,ACC-0127,4405.33,INR,RTGS,transfer,,Hyderabad,completed,,
TXN-5D3BD78CF1B1,2026-07-22 08:53:04,ACC-0262,ACC-0351,16026.57,INR,IMPS,transfer,fuel,Bangalore,completed,,
TXN-D666D843A2ED,2026-07-22 08:53:48,ACC-0120,ACC-0419,11085.73,INR,IMPS,transfer,rent,Delhi,completed,,
TXN-255FD55FE349,2026-07-22 09:00:57,ACC-0447,ACC-0172,50368.98,INR,CASH,transfer,,Mumbai,completed,,
TXN-073899BC95D7,2026-07-22 09:03:48,ACC-0153,ACC-0520,17734.81,INR,UPI,transfer,restaurant,Ahmedabad,completed,,
TXN-D1C6AE8B2BE0,2026-07-22 09:10:18,ACC-0404,ACC-0335,18096.82,INR,NEFT,transfer,restaurant,Pune,completed,,
TXN-F41076682F3C,2026-07-22 09:10:40,ACC-0367,ACC-0149,21531.96,INR,IMPS,transfer,subscription,Bangalore,completed,,
TXN-15EBD443B004,2026-07-22 09:17:13,ACC-0290,ACC-0146,12759.36,INR,RTGS,transfer,,Kolkata,completed,,
TXN-3C4A8203B018,2026-07-22 09:20:39,ACC-0480,ACC-0136,16747.94,INR,CASH,transfer,groceries,Hyderabad,completed,,
TXN-1F1691530158,2026-07-22 09:23:48,ACC-0156,ACC-0285,22685.36,INR,UPI,transfer,shopping,Ahmedabad,completed,,
TXN-CD1B0A3A6953,2026-07-22 09:26:07,ACC-0532,ACC-0312,20204.79,INR,IMPS,transfer,,Pune,completed,,
TXN-6F41C78A601E,2026-07-22 09:35:09,ACC-0369,ACC-0121,28391.76,INR,UPI,transfer,fuel,Hyderabad,completed,,
TXN-C756FBB77872,2026-07-22 09:50:15,ACC-0146,ACC-0292,10905.6,INR,UPI,transfer,restaurant,Chennai,completed,,
TXN-7C1DBE6F8296,2026-07-22 09:51:38,ACC-0159,ACC-0533,14348.29,INR,RTGS,transfer,fuel,Bangalore,completed,,
TXN-F7F9BFA4E16E,2026-07-22 09:52:10,ACC-0494,ACC-0590,22379.02,INR,UPI,transfer,rent,Chennai,completed,,
TXN-BA2212037D4F,2026-07-22 09:55:04,ACC-0199,ACC-0322,23771.07,INR,RTGS,transfer,restaurant,Mumbai,completed,,
TXN-3ECBDDCB9B3F,2026-07-22 10:08:09,ACC-0506,ACC-0577,12836.54,INR,UPI,transfer,utilities,Delhi,completed,,
TXN-871AF357DDB5,2026-07-22 10:08:10,ACC-0484,ACC-0381,14344.33,INR,NEFT,transfer,,Hyderabad,completed,,
TXN-D50EE71D0757,2026-07-22 10:10:02,ACC-0506,ACC-0101,12100.49,INR,IMPS,transfer,fuel,Delhi,completed,,
TXN-50F5D50FFC1E,2026-07-22 10:13:21,ACC-0430,ACC-0158,23262.95,INR,UPI,transfer,fuel,Mumbai,completed,,
TXN-4830F8CFEA0A,2026-07-22 10:19:33,ACC-0318,ACC-0473,16766.94,INR,UPI,transfer,groceries,Chennai,completed,,
TXN-1CADC5816B02,2026-07-22 10:27:17,ACC-0342,ACC-0108,19399.78,INR,UPI,transfer,,Kolkata,completed,,
TXN-00FAF9BA52E3,2026-07-22 10:41:46,ACC-0586,ACC-0450,17869.2,INR,UPI,transfer,groceries,Kolkata,completed,,
TXN-DDE2BAB746BF,2026-07-22 10:49:27,ACC-0566,ACC-0492,21831.22,INR,NEFT,transfer,subscription,Ahmedabad,completed,,
TXN-9DDA38214287,2026-07-22 10:53:15,ACC-0200,ACC-0516,24737.03,INR,NEFT,transfer,utilities,Kolkata,completed,,
TXN-2DDC46C511FA,2026-07-22 10:53:28,ACC-0440,ACC-0311,22031.34,INR,NEFT,transfer,utilities,Hyderabad,completed,,
TXN-BF2C6EB2D5DA,2026-07-22 10:54:37,ACC-0215,ACC-0249,11422.38,INR,CASH,transfer,,Chennai,completed,,
TXN-30AB74BB977A,2026-07-22 10:57:02,ACC-0491,ACC-0261,14963.71,INR,IMPS,transfer,utilities,Bangalore,completed,,
TXN-78598BD75888,2026-07-22 11:10:25,ACC-0283,ACC-0113,40891.15,INR,IMPS,transfer,shopping,Mumbai,completed,,
TXN-A7B3E4612FBE,2026-07-22 11:22:18,ACC-0205,ACC-0191,39111.46,INR,RTGS,transfer,,Ahmedabad,completed,,
TXN-AC9624DFA29D,2026-07-22 11:30:13,ACC-0136,ACC-0573,13378.84,INR,NEFT,transfer,,Delhi,completed,,
TXN-C9EDD57A1EDD,2026-07-22 11:39:27,ACC-0298,ACC-0256,15719.23,INR,UPI,transfer,utilities,Chennai,completed,,
TXN-1B1ABA90A59C,2026-07-22 11:50:29,ACC-0227,ACC-0198,20707.28,INR,UPI,transfer,groceries,Kolkata,completed,,
TXN-D5795E525842,2026-07-22 11:51:36,ACC-0585,ACC-0418,26009.43,INR,UPI,transfer,restaurant,Mumbai,completed,,
TXN-9A309E103CCD,2026-07-22 12:02:02,ACC-0188,ACC-0279,12483.12,INR,UPI,transfer,medical,Mumbai,completed,,
TXN-A3A066901338,2026-07-22 12:09:09,ACC-0429,ACC-0184,19820.43,INR,CASH,transfer,medical,Chennai,completed,,
TXN-7C777E07F914,2026-07-22 12:28:47,ACC-0177,ACC-0539,21957.5,INR,UPI,transfer,groceries,Kolkata,completed,,
TXN-98D951586509,2026-07-22 12:31:22,ACC-0158,ACC-0467,22636.98,INR,NEFT,transfer,medical,Hyderabad,completed,,
TXN-2DB7DA569045,2026-07-22 12:52:07,ACC-0549,ACC-0317,29821.2,INR,UPI,transfer,,Ahmedabad,completed,,
TXN-C5196864120E,2026-07-22 12:53:55,ACC-0476,ACC-0582,23975.13,INR,IMPS,transfer,,Delhi,completed,,
TXN-63FDBFC23A73,2026-07-22 12:59:45,ACC-0269,ACC-0354,115739.85,INR,NEFT,transfer,,Bangalore,completed,,
TXN-F0DF3B4B9AB7,2026-07-22 13:06:53,ACC-0314,ACC-0560,20055.72,INR,RTGS,transfer,,Bangalore,completed,,
TXN-E2868FD8BF92,2026-07-22 13:06:59,ACC-0119,ACC-0288,12713.05,INR,NEFT,transfer,utilities,Ahmedabad,completed,,
TXN-88252664C5A5,2026-07-22 13:14:22,ACC-0196,ACC-0443,27253.63,INR,IMPS,transfer,medical,Delhi,completed,,
TXN-05F6B95E8F1F,2026-07-22 13:19:04,ACC-0106,ACC-0290,11828.19,INR,UPI,transfer,groceries,Chennai,completed,,
TXN-E84AEC9DAA57,2026-07-22 13:32:46,ACC-0256,ACC-0524,20792.34,INR,RTGS,transfer,restaurant,Kolkata,completed,,
TXN-24EC26A2638E,2026-07-22 13:36:10,ACC-0537,ACC-0190,7027.68,INR,UPI,transfer,restaurant,Delhi,completed,,
TXN-8F4EE8F15992,2026-07-22 14:15:43,ACC-0391,ACC-0123,21116.09,INR,UPI,transfer,rent,Pune,completed,,
TXN-1046B5CD32DB,2026-07-22 14:21:51,ACC-0144,ACC-0287,2806.86,INR,UPI,transfer,restaurant,Kolkata,completed,,
TXN-45E045A13C4E,2026-07-22 14:39:25,ACC-0582,ACC-0489,26316.85,INR,UPI,transfer,fuel,Delhi,completed,,
TXN-C959EECB722F,2026-07-22 14:40:30,ACC-0569,ACC-0505,15081.8,INR,UPI,transfer,subscription,Mumbai,completed,,
TXN-623ABD00BC99,2026-07-22 14:51:19,ACC-0152,ACC-0434,13928.51,INR,IMPS,transfer,utilities,Mumbai,completed,,
TXN-B806C951E87F,2026-07-22 14:54:56,ACC-0509,ACC-0121,11541.57,INR,IMPS,transfer,utilities,Ahmedabad,completed,,
TXN-028526A9C531,2026-07-22 15:24:04,ACC-0468,ACC-0369,29001.59,INR,UPI,transfer,subscription,Chennai,completed,,
TXN-83C6369DF2BD,2026-07-22 15:27:56,ACC-0316,ACC-0491,41283.54,INR,UPI,transfer,,Bangalore,completed,,
TXN-0BAECE9B1D3E,2026-07-22 15:31:46,ACC-0577,ACC-0423,11606.01,INR,NEFT,transfer,utilities,Delhi,completed,,
TXN-133AE58F5EC7,2026-07-22 15:57:08,ACC-0501,ACC-0268,90715.44,INR,UPI,transfer,subscription,Ahmedabad,completed,,
TXN-1982C082FB16,2026-07-22 16:03:22,ACC-0579,ACC-0411,13466.36,INR,IMPS,transfer,fuel,Mumbai,completed,,
TXN-094DD1837DED,2026-07-22 16:17:26,ACC-0197,ACC-0516,17509.2,INR,IMPS,transfer,fuel,Pune,completed,,
TXN-D1E6E3F9F79B,2026-07-22 16:17:34,ACC-0538,ACC-0455,18092.42,INR,UPI,transfer,restaurant,Delhi,completed,,
TXN-3BBA0910A4F7,2026-07-22 16:27:37,ACC-0483,ACC-0165,12393.84,INR,NEFT,transfer,groceries,Chennai,completed,,
TXN-28FEB8B12E51,2026-07-22 16:52:37,ACC-0569,ACC-0126,11577.41,INR,RTGS,transfer,shopping,Mumbai,completed,,
TXN-DCEBF1B492B2,2026-07-22 17:05:40,ACC-0397,ACC-0316,14942.53,INR,NEFT,transfer,medical,Chennai,completed,,
TXN-550D404854C7,2026-07-22 17:10:11,ACC-0428,ACC-0491,22080.93,INR,UPI,transfer,shopping,Hyderabad,completed,,
TXN-3F1060C2E6C9,2026-07-22 17:21:36,ACC-0158,ACC-0238,18457.31,INR,UPI,transfer,medical,Kolkata,completed,,
TXN-E4D8E5A53BE0,2026-07-22 17:50:59,ACC-0481,ACC-0169,14593.26,INR,NEFT,transfer,fuel,Kolkata,completed,,
TXN-23114AF2282E,2026-07-22 17:54:34,ACC-0235,ACC-0574,119843.56,INR,UPI,transfer,rent,Bangalore,completed,,
TXN-AD84A2F46BDE,2026-07-22 18:02:41,ACC-0539,ACC-0417,25794.0,INR,UPI,transfer,groceries,Kolkata,completed,,
TXN-3A20333E3790,2026-07-22 18:09:49,ACC-0440,ACC-0295,20028.25,INR,UPI,transfer,shopping,Pune,completed,,
TXN-96DE35971F4A,2026-07-22 18:16:29,ACC-0370,ACC-0350,11106.7,INR,UPI,transfer,rent,Kolkata,completed,,
TXN-16D0913C94A7,2026-07-22 18:20:45,ACC-0151,ACC-0307,32675.41,INR,UPI,transfer,,Delhi,completed,,
TXN-96A37777ED41,2026-07-22 18:23:50,ACC-0581,ACC-0527,19252.42,INR,RTGS,transfer,utilities,Hyderabad,completed,,
TXN-490F528CBAB3,2026-07-22 18:39:57,ACC-0290,ACC-0372,13943.81,INR,IMPS,transfer,,Kolkata,completed,,
TXN-BE63B95B7CBC,2026-07-22 18:42:20,ACC-0261,ACC-0320,20626.7,INR,NEFT,transfer,shopping,Pune,completed,,
TXN-52A9C6342819,2026-07-22 18:58:48,ACC-0351,ACC-0508,18915.51,INR,UPI,transfer,medical,Ahmedabad,completed,,
TXN-A4B573031801,2026-07-22 19:01:08,ACC-0441,ACC-0311,17872.43,INR,IMPS,transfer,fuel,Hyderabad,completed,,
TXN-3A6D87D5BAC2,2026-07-22 19:01:19,ACC-0175,ACC-0300,24558.22,INR,NEFT,transfer,,Kolkata,completed,,
TXN-9E0EE14B0C5B,2026-07-22 19:18:48,ACC-0169,ACC-0218,23509.45,INR,RTGS,transfer,fuel,Kolkata,completed,,
TXN-EB3372A6F5EE,2026-07-22 19:29:06,ACC-0314,ACC-0202,23993.24,INR,UPI,transfer,medical,Pune,completed,,
TXN-31BBFA8D20EF,2026-07-22 19:37:06,ACC-0566,ACC-0397,27397.45,INR,UPI,transfer,restaurant,Ahmedabad,completed,,
TXN-423A7066D81D,2026-07-22 19:40:10,ACC-0305,ACC-0121,22513.38,INR,UPI,transfer,shopping,Pune,completed,,
TXN-3A02A7150CCD,2026-07-22 19:42:47,ACC-0579,ACC-0150,7360.92,INR,UPI,transfer,medical,Hyderabad,completed,,
TXN-FB3DEB1E1775,2026-07-22 20:07:27,ACC-0219,ACC-0163,9842.83,INR,UPI,transfer,subscription,Delhi,completed,,
TXN-827C8AB38A5E,2026-07-22 20:17:01,ACC-0230,ACC-0439,20314.31,INR,UPI,transfer,,Mumbai,completed,,
TXN-516A229FF98F,2026-07-22 20:22:30,ACC-0266,ACC-0541,17151.12,INR,UPI,transfer,groceries,Kolkata,completed,,
TXN-2B0B12B70912,2026-07-22 20:26:52,ACC-0572,ACC-0570,11291.74,INR,IMPS,transfer,groceries,Pune,completed,,
TXN-FE8A72604CC7,2026-07-22 20:40:02,ACC-0205,ACC-0115,39529.93,INR,NEFT,transfer,restaurant,Kolkata,completed,,
TXN-8072ACEEB25A,2026-07-22 20:44:48,ACC-0524,ACC-0215,16325.25,INR,UPI,transfer,,Pune,completed,,
TXN-3496305AAECD,2026-07-22 20:49:34,ACC-0363,ACC-0402,63639.62,INR,NEFT,transfer,,Mumbai,completed,,
TXN-5F43CB086AA7,2026-07-22 20:50:05,ACC-0515,ACC-0321,14176.41,INR,NEFT,transfer,subscription,Chennai,completed,,
TXN-11122B26351B,2026-07-22 21:06:45,ACC-0555,ACC-0544,18824.13,INR,UPI,transfer,utilities,Kolkata,completed,,
TXN-150E45B7F0BE,2026-07-22 21:09:08,ACC-0525,ACC-0571,8199.22,INR,NEFT,transfer,,Kolkata,completed,,
TXN-4B87A466AD31,2026-07-22 21:16:00,ACC-0258,ACC-0103,11847.5,INR,UPI,transfer,,Mumbai,completed,,
TXN-478AA55F838C,2026-07-22 21:19:55,ACC-0332,ACC-0325,6742.18,INR,RTGS,transfer,utilities,Bangalore,completed,,
TXN-A22CF79F6ABE,2026-07-22 21:20:04,ACC-0446,ACC-0353,12770.42,INR,IMPS,transfer,shopping,Ahmedabad,completed,,
TXN-0EDCD1167B6B,2026-07-22 21:23:27,ACC-0297,ACC-0202,19082.44,INR,NEFT,transfer,,Hyderabad,completed,,
TXN-9B6C72E5F451,2026-07-22 21:30:21,ACC-0461,ACC-0405,13425.07,INR,UPI,transfer,,Chennai,completed,,
TXN-F8FB06315786,2026-07-22 21:33:10,ACC-0449,ACC-0393,14782.12,INR,NEFT,transfer,restaurant,Pune,completed,,
TXN-CE6324D9AC39,2026-07-22 21:35:03,ACC-0133,ACC-0398,9878.85,INR,UPI,transfer,shopping,Hyderabad,completed,,
TXN-621514D30FEE,2026-07-22 21:40:13,ACC-0220,ACC-0411,12882.87,INR,RTGS,transfer,rent,Chennai,completed,,
TXN-1FB309B3AE27,2026-07-22 21:54:39,ACC-0508,ACC-0264,17577.14,INR,IMPS,transfer,shopping,Chennai,completed,,
TXN-494BACA24CAE,2026-07-22 21:58:52,ACC-0571,ACC-0309,14549.15,INR,UPI,transfer,subscription,Bangalore,completed,,
TXN-F8CD412DC140,2026-07-22 22:24:21,ACC-0336,ACC-0454,9827.87,INR,UPI,transfer,groceries,Hyderabad,completed,,
TXN-935DC48A055E,2026-07-22 22:25:06,ACC-0564,ACC-0554,22138.02,INR,NEFT,transfer,restaurant,Chennai,completed,,
TXN-16908408672F,2026-07-22 22:28:52,ACC-0108,ACC-0408,21508.4,INR,RTGS,transfer,rent,Bangalore,completed,,
TXN-BF7C4BB49AB2,2026-07-22 22:43:36,ACC-0242,ACC-0498,17753.77,INR,UPI,transfer,medical,Ahmedabad,completed,,
TXN-BA05B1037ED3,2026-07-22 22:49:49,ACC-0308,ACC-0515,24290.03,INR,UPI,transfer,medical,Kolkata,completed,,
TXN-71A86FFE60EC,2026-07-22 23:19:27,ACC-0352,ACC-0348,10921.75,INR,IMPS,transfer,rent,Pune,completed,,
TXN-73A073F49AC3,2026-07-22 23:19:40,ACC-0276,ACC-0425,29082.77,INR,RTGS,transfer,utilities,Bangalore,completed,,
TXN-7A25911BE184,2026-07-22 23:22:52,ACC-0128,ACC-0114,34336.68,INR,IMPS,transfer,restaurant,Pune,completed,,
TXN-9857993C475E,2026-07-22 23:34:34,ACC-0486,ACC-0376,69596.48,INR,NEFT,transfer,restaurant,Kolkata,completed,,
TXN-42461D85034A,2026-07-22 23:34:47,ACC-0425,ACC-0480,22174.4,INR,UPI,transfer,subscription,Kolkata,completed,,
TXN-C2021752E7FC,2026-07-22 23:35:01,ACC-0464,ACC-0219,13293.59,INR,RTGS,transfer,restaurant,Mumbai,completed,,
TXN-1F626ECE28FA,2026-07-22 23:44:44,ACC-0458,ACC-0496,20020.45,INR,RTGS,transfer,restaurant,Pune,completed,,
TXN-4D0B2DB3582C,2026-07-23 00:16:05,ACC-0219,ACC-0203,55924.46,INR,UPI,transfer,medical,Bangalore,completed,,
TXN-7DDB27E88FE5,2026-07-23 00:19:35,ACC-0208,ACC-0553,11664.8,INR,UPI,transfer,fuel,Mumbai,completed,,
TXN-B64567B4A30B,2026-07-23 00:19:48,ACC-0279,ACC-0148,14530.71,INR,UPI,transfer,,Hyderabad,completed,,
TXN-241400262C22,2026-07-23 00:37:03,ACC-0129,ACC-0366,16575.66,INR,UPI,transfer,fuel,Pune,completed,,
TXN-36B590088651,2026-07-23 00:52:56,ACC-0192,ACC-0403,64207.93,INR,CASH,transfer,restaurant,Ahmedabad,completed,,
TXN-2A8D9E7041DA,2026-07-23 01:13:21,ACC-0335,ACC-0261,17449.65,INR,NEFT,transfer,restaurant,Hyderabad,completed,,
TXN-213F28F7E708,2026-07-23 01:16:23,ACC-0546,ACC-0569,27290.39,INR,IMPS,transfer,restaurant,Mumbai,completed,,
TXN-4B14A69138AE,2026-07-23 01:18:36,ACC-0211,ACC-0514,10220.5,INR,UPI,transfer,,Chennai,completed,,
TXN-62C07FD04A00,2026-07-23 01:40:44,ACC-0377,ACC-0227,31393.55,INR,CASH,transfer,shopping,Pune,completed,,
TXN-A1400284A53B,2026-07-23 01:49:23,ACC-0192,ACC-0322,24443.55,INR,RTGS,transfer,,Hyderabad,completed,,
TXN-CA68B0F716EC,2026-07-23 01:59:52,ACC-0393,ACC-0140,23544.76,INR,CASH,transfer,subscription,Pune,completed,,
TXN-45354E350A91,2026-07-23 02:04:19,ACC-0227,ACC-0125,24920.89,INR,IMPS,transfer,,Pune,completed,,
TXN-50D25A4086BA,2026-07-23 02:06:55,ACC-0337,ACC-0382,25760.47,INR,NEFT,transfer,medical,Hyderabad,completed,,
TXN-91EDCD1F9CE6,2026-07-23 02:22:59,ACC-0551,ACC-0494,20702.14,INR,UPI,transfer,shopping,Delhi,completed,,
TXN-299B11F042E7,2026-07-23 02:26:02,ACC-0404,ACC-0300,18417.28,INR,IMPS,transfer,subscription,Hyderabad,completed,,
TXN-6B04123A1D14,2026-07-23 02:39:56,ACC-0445,ACC-0428,20964.96,INR,RTGS,transfer,,Ahmedabad,completed,,
TXN-71A8B07E8FD8,2026-07-23 02:46:31,ACC-0182,ACC-0555,19628.22,INR,UPI,transfer,shopping,Chennai,completed,,
TXN-E467592E4061,2026-07-23 02:50:01,ACC-G-001,ACC-0424,12747.0,INR,NEFT,transfer,subscription,Ahmedabad,completed,,
TXN-D2E80502058D,2026-07-23 02:53:17,ACC-0342,ACC-0245,27282.18,INR,NEFT,transfer,rent,Mumbai,completed,,
TXN-2460841201EE,2026-07-23 03:15:01,ACC-0424,ACC-0541,36893.59,INR,UPI,transfer,,Hyderabad,completed,,
TXN-788AC7EA5D4B,2026-07-23 03:20:04,ACC-0170,ACC-0190,27150.15,INR,UPI,transfer,utilities,Chennai,completed,,
TXN-B80DF6A5F73E,2026-07-23 03:22:51,ACC-0547,ACC-0325,26292.08,INR,IMPS,transfer,,Chennai,completed,,
TXN-9114FD3A5B09,2026-07-23 03:23:58,ACC-0220,ACC-0500,12758.95,INR,IMPS,transfer,utilities,Hyderabad,completed,,
TXN-AA7A17B8FDEE,2026-07-23 03:28:50,ACC-0410,ACC-0306,10757.25,INR,UPI,transfer,rent,Bangalore,completed,,
TXN-D65C917B168B,2026-07-23 03:30:19,ACC-0259,ACC-0163,106926.45,INR,RTGS,transfer,medical,Ahmedabad,completed,,
TXN-E42D6F314C1A,2026-07-23 03:32:26,ACC-0137,ACC-0486,71702.93,INR,UPI,transfer,rent,Kolkata,completed,,
TXN-02C095F1AA91,2026-07-23 03:38:03,ACC-0493,ACC-0244,12693.73,INR,NEFT,transfer,,Pune,completed,,
TXN-6E55F708367E,2026-07-23 03:42:29,ACC-0181,ACC-0512,12289.31,INR,IMPS,transfer,,Bangalore,completed,,
TXN-8DD2B394E5AC,2026-07-23 03:43:33,ACC-0145,ACC-0222,19676.49,INR,UPI,transfer,groceries,Ahmedabad,completed,,
TXN-7EA9F5FF1E87,2026-07-23 03:46:28,ACC-0394,ACC-0243,2094.57,INR,UPI,transfer,,Chennai,completed,,
TXN-1CE03E080642,2026-07-23 04:01:33,ACC-0392,ACC-0483,19539.1,INR,NEFT,transfer,subscription,Ahmedabad,completed,,
TXN-FA2E6762F82A,2026-07-23 04:05:15,ACC-0159,ACC-0331,8414.54,INR,CASH,transfer,subscription,Bangalore,completed,,
TXN-DFE9160F3B08,2026-07-23 04:17:06,ACC-0522,ACC-0398,8510.95,INR,UPI,transfer,restaurant,Bangalore,completed,,
TXN-DE65DCCF2CC0,2026-07-23 04:17:20,ACC-0352,ACC-0266,10133.02,INR,NEFT,transfer,,Ahmedabad,completed,,
TXN-3B82B0627420,2026-07-23 04:25:40,ACC-0180,ACC-0317,29089.74,INR,RTGS,transfer,utilities,Ahmedabad,completed,,
TXN-761C05BC2678,2026-07-23 04:26:08,ACC-0577,ACC-0460,13276.35,INR,NEFT,transfer,fuel,Ahmedabad,completed,,
TXN-B262CAAE4399,2026-07-23 04:32:36,ACC-0485,ACC-0352,28187.45,INR,IMPS,transfer,shopping,Kolkata,completed,,
TXN-254B24AA5F22,2026-07-23 04:46:50,ACC-0257,ACC-0227,10555.9,INR,IMPS,transfer,groceries,Chennai,completed,,
TXN-02906FD18C82,2026-07-23 04:47:18,ACC-0315,ACC-0332,4368.57,INR,UPI,transfer,groceries,Ahmedabad,completed,,
TXN-C9C6ED824443,2026-07-23 04:57:41,ACC-0456,ACC-0563,10697.56,INR,UPI,transfer,,Mumbai,completed,,
TXN-83E2F3801EB3,2026-07-23 05:19:43,ACC-0446,ACC-0126,12361.98,INR,NEFT,transfer,groceries,Bangalore,completed,,
TXN-0E8D5F76D6C4,2026-07-23 05:23:23,ACC-0534,ACC-0578,11635.98,INR,NEFT,transfer,,Chennai,completed,,
TXN-C51E05F966EC,2026-07-23 05:33:32,ACC-0540,ACC-0566,20000.83,INR,UPI,transfer,utilities,Mumbai,completed,,
TXN-B4A02B094D42,2026-07-23 06:05:00,ACC-0332,ACC-0251,11019.87,INR,UPI,transfer,,Hyderabad,completed,,
TXN-1B8D14464852,2026-07-23 06:06:49,ACC-0395,ACC-0312,23087.18,INR,UPI,transfer,,Hyderabad,completed,,
TXN-234418C884BD,2026-07-23 06:08:00,ACC-0348,ACC-0184,47690.45,INR,RTGS,transfer,groceries,Mumbai,completed,,
TXN-C398BC4AFB74,2026-07-23 06:12:16,ACC-0316,ACC-0580,7275.18,INR,NEFT,transfer,groceries,Pune,completed,,
TXN-9DE9F7901FBE,2026-07-23 06:26:04,ACC-0500,ACC-0181,21323.41,INR,IMPS,transfer,,Bangalore,completed,,
TXN-A1D30DCA8A0B,2026-07-23 06:26:43,ACC-0481,ACC-0419,15427.98,INR,UPI,transfer,,Hyderabad,completed,,
TXN-5FB0CA59546F,2026-07-23 06:47:05,ACC-0295,ACC-0488,7072.33,INR,IMPS,transfer,groceries,Chennai,completed,,
TXN-C1F6EE7BCDF2,2026-07-23 06:54:01,ACC-0132,ACC-0219,15242.35,INR,UPI,transfer,subscription,Ahmedabad,completed,,
TXN-5B0A85D3E7CE,2026-07-23 07:05:39,ACC-0515,ACC-0240,12537.72,INR,UPI,transfer,,Chennai,completed,,
TXN-2D21395C16DC,2026-07-23 07:30:11,ACC-0230,ACC-0479,24951.27,INR,CASH,transfer,fuel,Bangalore,completed,,
TXN-63B329F8D501,2026-07-23 07:32:44,ACC-0566,ACC-0118,16361.27,INR,NEFT,transfer,,Delhi,completed,,
TXN-D21FC26360E1,2026-07-23 07:58:19,ACC-0539,ACC-0499,16486.1,INR,UPI,transfer,rent,Bangalore,completed,,
TXN-103A1478C8FF,2026-07-23 08:17:44,ACC-0247,ACC-0182,10380.4,INR,UPI,transfer,subscription,Ahmedabad,completed,,
TXN-4015F05793D7,2026-07-23 08:30:17,ACC-0322,ACC-0495,5225.68,INR,UPI,transfer,,Kolkata,completed,,
TXN-258C25755872,2026-07-23 09:04:11,ACC-0308,ACC-0262,16658.61,INR,UPI,transfer,groceries,Ahmedabad,completed,,
TXN-3E34A41E8856,2026-07-23 09:13:00,ACC-0404,ACC-0365,11970.17,INR,CASH,transfer,fuel,Chennai,completed,,
TXN-EF579D786873,2026-07-23 09:15:45,ACC-0135,ACC-0219,8691.65,INR,NEFT,transfer,utilities,Pune,completed,,
TXN-75B680152457,2026-07-23 09:35:56,ACC-0397,ACC-0324,3806.27,INR,NEFT,transfer,shopping,Delhi,completed,,
TXN-C1465BBED2BF,2026-07-23 09:37:46,ACC-0216,ACC-0239,10683.03,INR,NEFT,transfer,utilities,Chennai,completed,,
TXN-58BE051D01E1,2026-07-23 09:44:41,ACC-0299,ACC-0485,17468.48,INR,NEFT,transfer,groceries,Ahmedabad,completed,,
TXN-5E82D58F2B8A,2026-07-23 09:57:37,ACC-0140,ACC-0327,17865.6,INR,CASH,transfer,rent,Hyderabad,completed,,
TXN-3DB1D144A0F7,2026-07-23 10:13:21,ACC-0296,ACC-0221,28301.6,INR,RTGS,transfer,medical,Kolkata,completed,,
TXN-6633F6D0EE21,2026-07-23 10:16:51,ACC-0289,ACC-0427,26113.87,INR,UPI,transfer,utilities,Hyderabad,completed,,
TXN-E407DDE3EC2F,2026-07-23 10:18:25,ACC-0297,ACC-0144,17392.66,INR,UPI,transfer,fuel,Ahmedabad,completed,,
TXN-01F9987549E8,2026-07-23 10:18:26,ACC-0218,ACC-0338,30564.91,INR,NEFT,transfer,fuel,Pune,completed,,
TXN-2CE27B1238FF,2026-07-23 10:20:21,ACC-0578,ACC-0118,28310.02,INR,UPI,transfer,,Hyderabad,completed,,
TXN-F9E6C686F93F,2026-07-23 10:36:30,ACC-0423,ACC-0589,20312.57,INR,IMPS,transfer,groceries,Kolkata,completed,,
TXN-3DF320213809,2026-07-23 10:55:02,ACC-0216,ACC-0485,9655.45,INR,IMPS,transfer,subscription,Kolkata,completed,,
TXN-FADD807BDB03,2026-07-23 11:04:00,ACC-0259,ACC-0449,107112.2,INR,RTGS,transfer,utilities,Delhi,completed,,
TXN-5EBFFA702C7E,2026-07-23 11:16:57,ACC-0539,ACC-0495,20762.54,INR,CASH,transfer,medical,Delhi,completed,,
TXN-5D31B74FBFAB,2026-07-23 11:21:35,ACC-0531,ACC-0109,15590.83,INR,NEFT,transfer,shopping,Mumbai,completed,,
TXN-8E8FA604010C,2026-07-23 11:29:11,ACC-0440,ACC-0504,20274.25,INR,IMPS,transfer,shopping,Bangalore,completed,,
TXN-C0647BA86C80,2026-07-23 11:33:53,ACC-0268,ACC-0302,11316.69,INR,UPI,transfer,restaurant,Bangalore,completed,,
TXN-D7883279F245,2026-07-23 11:42:20,ACC-0177,ACC-0237,18803.27,INR,UPI,transfer,groceries,Chennai,completed,,
TXN-8FC8742ADA80,2026-07-23 12:06:11,ACC-0478,ACC-0190,20974.75,INR,IMPS,transfer,medical,Mumbai,completed,,
TXN-0B0751C23898,2026-07-23 12:06:57,ACC-0218,ACC-0407,7970.17,INR,UPI,transfer,,Pune,completed,,
TXN-92BB653CCD30,2026-07-23 12:09:01,ACC-0136,ACC-0260,11949.58,INR,IMPS,transfer,,Delhi,completed,,
TXN-20E1D88B0302,2026-07-23 12:13:12,ACC-0317,ACC-0552,18164.46,INR,UPI,transfer,subscription,Bangalore,completed,,
TXN-5A59D9E4E4A0,2026-07-23 12:32:19,ACC-0402,ACC-0480,11964.67,INR,IMPS,transfer,subscription,Hyderabad,completed,,
TXN-B5A17A42BF1D,2026-07-23 12:51:02,ACC-0136,ACC-0285,10776.28,INR,UPI,transfer,fuel,Chennai,completed,,
TXN-DCC3CF5FF77E,2026-07-23 12:56:21,ACC-0392,ACC-0508,21182.5,INR,UPI,transfer,,Kolkata,completed,,
TXN-F93D6E992DCA,2026-07-23 12:56:33,ACC-0206,ACC-0334,17573.2,INR,IMPS,transfer,subscription,Delhi,completed,,
TXN-0FA106E7B872,2026-07-23 13:17:31,ACC-0398,ACC-0117,12855.76,INR,UPI,transfer,utilities,Pune,completed,,
TXN-3603AD6AE32D,2026-07-23 13:22:06,ACC-0414,ACC-0367,34066.04,INR,NEFT,transfer,medical,Bangalore,completed,,
TXN-CB1ABDEFA9EE,2026-07-23 13:49:14,ACC-0424,ACC-0422,6914.92,INR,NEFT,transfer,groceries,Chennai,completed,,
TXN-BE21D035D18A,2026-07-23 13:51:08,ACC-0177,ACC-0357,23790.11,INR,IMPS,transfer,,Chennai,completed,,
TXN-0DA44300E78D,2026-07-23 14:08:11,ACC-0303,ACC-0253,12067.51,INR,NEFT,transfer,shopping,Delhi,completed,,
TXN-7B76EF3303C5,2026-07-23 14:12:27,ACC-0294,ACC-0366,22415.16,INR,RTGS,transfer,utilities,Chennai,completed,,
TXN-8BED455AC017,2026-07-23 14:20:48,ACC-0546,ACC-0147,25298.43,INR,IMPS,transfer,,Kolkata,completed,,
TXN-FA54DCC8258D,2026-07-23 14:25:53,ACC-0344,ACC-0257,21840.38,INR,UPI,transfer,shopping,Hyderabad,completed,,
TXN-C8E613970856,2026-07-23 14:29:45,ACC-0325,ACC-0338,19582.63,INR,NEFT,transfer,utilities,Mumbai,completed,,
TXN-3793222DA1B2,2026-07-23 14:34:14,ACC-0295,ACC-0163,3837.98,INR,UPI,transfer,rent,Bangalore,completed,,
TXN-F2D1740C9A02,2026-07-23 14:37:22,ACC-0353,ACC-0147,24432.73,INR,NEFT,transfer,shopping,Pune,completed,,
TXN-6555A80F3773,2026-07-23 14:46:59,ACC-0150,ACC-0386,28168.3,INR,NEFT,transfer,utilities,Ahmedabad,completed,,
TXN-0973F0EA7B1D,2026-07-23 15:00:49,ACC-0428,ACC-0592,17623.83,INR,UPI,transfer,subscription,Hyderabad,completed,,
TXN-8C80A61C08BD,2026-07-23 15:20:47,ACC-0432,ACC-0423,25495.66,INR,NEFT,transfer,groceries,Kolkata,completed,,
TXN-781A55FF2E75,2026-07-23 15:36:10,ACC-0271,ACC-0257,8487.75,INR,NEFT,transfer,utilities,Pune,completed,,
TXN-DBF66EBFFD1C,2026-07-23 15:59:18,ACC-0487,ACC-0348,23448.89,INR,UPI,transfer,restaurant,Kolkata,completed,,
TXN-CF60CCBAE501,2026-07-23 15:59:38,ACC-0580,ACC-0312,11452.02,INR,IMPS,transfer,utilities,Pune,completed,,
TXN-578B82D01248,2026-07-23 16:01:25,ACC-0452,ACC-0585,72907.84,INR,UPI,transfer,,Bangalore,completed,,
TXN-8B6EEEB1D710,2026-07-23 16:10:36,ACC-0135,ACC-0266,11941.04,INR,UPI,transfer,,Delhi,completed,,
TXN-365F6C6DDE86,2026-07-23 16:21:15,ACC-0404,ACC-0323,20724.09,INR,RTGS,transfer,,Chennai,completed,,
TXN-3794E4646B78,2026-07-23 16:22:01,ACC-0480,ACC-0175,19735.47,INR,UPI,transfer,utilities,Chennai,completed,,
TXN-819A35AAF3FE,2026-07-23 16:28:45,ACC-0584,ACC-0313,25393.45,INR,UPI,transfer,shopping,Chennai,completed,,
TXN-3E95E31A8509,2026-07-23 17:05:08,ACC-0442,ACC-0511,7259.76,INR,RTGS,transfer,,Ahmedabad,completed,,
TXN-018B20819B25,2026-07-23 17:29:01,ACC-0444,ACC-0288,12606.08,INR,UPI,transfer,fuel,Hyderabad,completed,,
TXN-DD0EF98AC523,2026-07-23 17:32:58,ACC-0347,ACC-0194,21553.5,INR,UPI,transfer,restaurant,Mumbai,completed,,
TXN-1C62574A4C01,2026-07-23 18:02:55,ACC-0353,ACC-0247,16727.12,INR,IMPS,transfer,,Bangalore,completed,,
TXN-D7C02EC5C7DD,2026-07-23 18:04:47,ACC-0366,ACC-0452,64530.49,INR,RTGS,transfer,fuel,Kolkata,completed,,
TXN-100CB6A2C94A,2026-07-23 18:12:27,ACC-0584,ACC-0282,46550.86,INR,IMPS,transfer,utilities,Mumbai,completed,,
TXN-20FAB90ABF05,2026-07-23 18:17:55,ACC-0557,ACC-0241,23489.26,INR,RTGS,transfer,medical,Hyderabad,completed,,
TXN-836210EDB54A,2026-07-23 18:27:31,ACC-0232,ACC-0452,17568.71,INR,IMPS,transfer,,Ahmedabad,completed,,
TXN-96D818DCBDB8,2026-07-23 18:32:31,ACC-0338,ACC-0411,17668.97,INR,CASH,transfer,rent,Pune,completed,,
TXN-5280EE4BC0F7,2026-07-23 18:34:07,ACC-0218,ACC-0202,6665.36,INR,IMPS,transfer,utilities,Delhi,completed,,
TXN-1FC7DF2D68CB,2026-07-23 18:37:02,ACC-0518,ACC-0417,22580.86,INR,UPI,transfer,,Kolkata,completed,,
TXN-51EABA29D3B3,2026-07-23 18:39:40,ACC-0530,ACC-0164,21290.87,INR,UPI,transfer,subscription,Hyderabad,completed,,
TXN-B4F780DBB325,2026-07-23 18:59:53,ACC-0339,ACC-0330,12636.5,INR,UPI,transfer,restaurant,Bangalore,completed,,
TXN-C64925B423DD,2026-07-23 19:01:53,ACC-0367,ACC-0305,23783.48,INR,NEFT,transfer,groceries,Ahmedabad,completed,,
TXN-2C08DD6D00DD,2026-07-23 19:07:50,ACC-0346,ACC-0234,22675.36,INR,NEFT,transfer,groceries,Kolkata,completed,,
TXN-94A730504414,2026-07-23 19:31:08,ACC-0460,ACC-0571,8253.42,INR,UPI,transfer,medical,Delhi,completed,,
TXN-ACB5934C8091,2026-07-23 19:32:04,ACC-0240,ACC-0353,27656.13,INR,UPI,transfer,restaurant,Kolkata,completed,,
TXN-9260602197ED,2026-07-23 19:32:08,ACC-0171,ACC-0547,22725.45,INR,UPI,transfer,,Mumbai,completed,,
TXN-330544737D0F,2026-07-23 19:59:15,ACC-0250,ACC-0161,11327.19,INR,NEFT,transfer,fuel,Delhi,completed,,
TXN-632ADFC8F516,2026-07-23 20:05:32,ACC-0272,ACC-0190,8355.29,INR,UPI,transfer,shopping,Chennai,completed,,
TXN-8EE2F0F677F9,2026-07-23 20:12:38,ACC-0484,ACC-0206,11373.95,INR,IMPS,transfer,medical,Chennai,completed,,
TXN-227D31008C40,2026-07-23 20:16:30,ACC-0567,ACC-0299,12743.71,INR,NEFT,transfer,rent,Kolkata,completed,,
TXN-E13E10BF24A2,2026-07-23 20:16:45,ACC-0301,ACC-0498,57388.3,INR,UPI,transfer,,Hyderabad,completed,,
TXN-04C5904977D4,2026-07-23 20:27:43,ACC-0493,ACC-0512,13323.5,INR,IMPS,transfer,utilities,Pune,completed,,
TXN-8F2E4AF90620,2026-07-23 20:51:08,ACC-0533,ACC-0129,11758.22,INR,UPI,transfer,,Ahmedabad,completed,,
TXN-B1D4939D79A3,2026-07-23 20:52:53,ACC-0203,ACC-0144,79074.52,INR,UPI,transfer,,Delhi,completed,,
TXN-6D3913F0A048,2026-07-23 20:57:24,ACC-0239,ACC-0312,12336.32,INR,IMPS,transfer,fuel,Ahmedabad,completed,,
TXN-7D3B52C8C6A6,2026-07-23 21:16:52,ACC-0509,ACC-0227,10225.42,INR,IMPS,transfer,medical,Bangalore,completed,,
TXN-C08909A7BA6C,2026-07-23 21:17:31,ACC-0281,ACC-0374,10729.81,INR,IMPS,transfer,utilities,Mumbai,completed,,
TXN-FF49D187DB93,2026-07-23 21:18:11,ACC-0499,ACC-0513,18560.93,INR,UPI,transfer,rent,Chennai,completed,,
TXN-8E4C43518E9F,2026-07-23 21:24:45,ACC-0506,ACC-0511,11897.05,INR,RTGS,transfer,utilities,Bangalore,completed,,
TXN-BD17335955EB,2026-07-23 21:25:49,ACC-0541,ACC-0134,20625.52,INR,NEFT,transfer,restaurant,Ahmedabad,completed,,
TXN-C0C76D892CF8,2026-07-23 21:26:17,ACC-0580,ACC-0518,12520.06,INR,IMPS,transfer,restaurant,Hyderabad,completed,,
TXN-EF21FFDE8185,2026-07-23 21:42:53,ACC-0385,ACC-0182,48992.04,INR,NEFT,transfer,fuel,Ahmedabad,completed,,
TXN-EF78C46291A3,2026-07-23 21:57:08,ACC-0160,ACC-0125,13045.17,INR,UPI,transfer,subscription,Mumbai,completed,,
TXN-5ED868CBABA2,2026-07-23 22:09:12,ACC-0148,ACC-0205,15409.23,INR,UPI,transfer,shopping,Kolkata,completed,,
TXN-5B576719A06F,2026-07-23 22:23:21,ACC-0275,ACC-0573,11020.01,INR,UPI,transfer,,Pune,completed,,
TXN-E3451A72BBFA,2026-07-23 22:29:09,ACC-0189,ACC-0587,20481.18,INR,RTGS,transfer,utilities,Kolkata,completed,,
TXN-6B30979550B9,2026-07-23 22:37:30,ACC-0422,ACC-0320,17843.51,INR,RTGS,transfer,fuel,Chennai,completed,,
TXN-1FFB13D60E0B,2026-07-23 22:57:08,ACC-0221,ACC-0213,128972.48,INR,IMPS,transfer,medical,Bangalore,completed,,
TXN-098357616504,2026-07-23 22:57:38,ACC-0426,ACC-0256,17169.32,INR,RTGS,transfer,,Pune,completed,,
TXN-8F131AC605FC,2026-07-23 22:58:29,ACC-0361,ACC-0428,13125.87,INR,UPI,transfer,,Bangalore,completed,,
TXN-A09CF7562119,2026-07-23 23:08:10,ACC-0167,ACC-0241,23550.62,INR,CASH,transfer,medical,Hyderabad,completed,,
TXN-36425D7F1A6D,2026-07-23 23:18:12,ACC-0356,ACC-0126,65784.76,INR,RTGS,transfer,restaurant,Pune,completed,,
TXN-B9E995E647C8,2026-07-23 23:18:24,ACC-0418,ACC-0584,2563.44,INR,UPI,transfer,medical,Kolkata,completed,,
TXN-EC4D51681C3B,2026-07-23 23:55:27,ACC-0457,ACC-0223,27318.48,INR,UPI,transfer,shopping,Chennai,completed,,
TXN-533CFE553B0A,2026-07-24 00:00:09,ACC-0141,ACC-0591,20407.43,INR,NEFT,transfer,,Delhi,completed,,
TXN-5AC364AD3620,2026-07-24 00:06:28,ACC-0483,ACC-0503,9237.15,INR,NEFT,transfer,fuel,Bangalore,completed,,
TXN-7DD45B5A7F9D,2026-07-24 00:08:37,ACC-0267,ACC-0455,23396.41,INR,UPI,transfer,utilities,Bangalore,completed,,
TXN-252FC1589E13,2026-07-24 00:09:28,ACC-0419,ACC-0482,17640.42,INR,CASH,transfer,medical,Chennai,completed,,
TXN-3121FE50B381,2026-07-24 00:12:04,ACC-0281,ACC-0282,12987.82,INR,NEFT,transfer,utilities,Chennai,completed,,
TXN-0F35C860E2D8,2026-07-24 00:12:20,ACC-0578,ACC-0490,15655.99,INR,NEFT,transfer,subscription,Mumbai,completed,,
TXN-82C70D8EDF4C,2026-07-24 00:28:32,ACC-0146,ACC-0183,11703.09,INR,UPI,transfer,subscription,Kolkata,completed,,
TXN-1FDD791DAC94,2026-07-24 00:32:18,ACC-0371,ACC-0252,14956.46,INR,NEFT,transfer,utilities,Mumbai,completed,,
TXN-AC7F202EF9FC,2026-07-24 00:43:49,ACC-0110,ACC-0286,15445.09,INR,IMPS,transfer,medical,Mumbai,completed,,
TXN-790AB4B8FF2D,2026-07-24 00:47:59,ACC-0109,ACC-0140,18409.28,INR,UPI,transfer,rent,Kolkata,completed,,
TXN-2F533A9304B8,2026-07-24 00:48:31,ACC-0545,ACC-0522,17750.85,INR,IMPS,transfer,groceries,Kolkata,completed,,
TXN-A5AD1B943234,2026-07-24 01:08:42,ACC-0194,ACC-0105,12065.72,INR,IMPS,transfer,utilities,Mumbai,completed,,
TXN-17853704A587,2026-07-24 01:10:20,ACC-0188,ACC-0435,11489.1,INR,UPI,transfer,medical,Bangalore,completed,,
TXN-2A6DF55AE4EC,2026-07-24 01:11:01,ACC-0188,ACC-0512,13044.58,INR,UPI,transfer,subscription,Bangalore,completed,,
TXN-7F61BC56BF80,2026-07-24 01:13:36,ACC-0151,ACC-0287,14197.6,INR,UPI,transfer,restaurant,Hyderabad,completed,,
TXN-15D910A20A36,2026-07-24 01:15:27,ACC-0514,ACC-0321,11082.72,INR,UPI,transfer,medical,Delhi,completed,,
TXN-6E1C60F5FB17,2026-07-24 01:45:44,ACC-0506,ACC-F-001,11900.88,INR,UPI,transfer,rent,Pune,completed,,
TXN-93B773FBE8FE,2026-07-24 01:46:30,ACC-0425,ACC-0197,20786.22,INR,NEFT,transfer,medical,Chennai,completed,,
TXN-F5C15DD3CADC,2026-07-24 01:51:29,ACC-0574,ACC-0129,13953.41,INR,IMPS,transfer,restaurant,Pune,completed,,
TXN-29030AFFAE46,2026-07-24 02:00:54,ACC-0343,ACC-0264,16410.98,INR,UPI,transfer,groceries,Mumbai,completed,,
TXN-6062669DBCAD,2026-07-24 02:17:23,ACC-0239,ACC-0237,12749.8,INR,UPI,transfer,groceries,Ahmedabad,completed,,
TXN-BC5D2C24A9CD,2026-07-24 02:23:30,ACC-0121,ACC-0446,16508.16,INR,UPI,transfer,groceries,Kolkata,completed,,
TXN-797B71A72608,2026-07-24 02:26:25,ACC-0326,ACC-0302,22139.27,INR,IMPS,transfer,,Chennai,completed,,
TXN-5621BC4EFC1B,2026-07-24 02:29:44,ACC-0404,ACC-0145,11388.44,INR,UPI,transfer,,Kolkata,completed,,
TXN-8B4B3C4275BC,2026-07-24 02:45:04,ACC-0198,ACC-0187,17141.28,INR,UPI,transfer,subscription,Hyderabad,completed,,
TXN-653AB4ED9FA1,2026-07-24 02:53:51,ACC-0120,ACC-G-001,10861.85,INR,UPI,transfer,medical,Chennai,completed,,
TXN-32864A0516F7,2026-07-24 02:57:23,ACC-A-001,ACC-0122,56153.85,INR,NEFT,transfer,,Hyderabad,completed,,
TXN-A52146375DF5,2026-07-24 02:59:25,ACC-0500,ACC-0292,19547.49,INR,NEFT,transfer,,Ahmedabad,completed,,
TXN-794169C22CCE,2026-07-24 03:23:58,ACC-0427,ACC-0272,12701.54,INR,UPI,transfer,restaurant,Ahmedabad,completed,,
TXN-D340EFC3DADF,2026-07-24 03:27:50,ACC-0403,ACC-0171,19094.06,INR,UPI,transfer,restaurant,Bangalore,completed,,
TXN-E1A88392D096,2026-07-24 03:35:46,ACC-0532,ACC-0443,27890.17,INR,RTGS,transfer,utilities,Hyderabad,completed,,
TXN-B851BFD2FF5B,2026-07-24 03:37:16,ACC-0449,ACC-0275,15304.48,INR,NEFT,transfer,utilities,Ahmedabad,completed,,
TXN-A6EB1A358F3F,2026-07-24 04:18:41,ACC-0347,ACC-0177,18187.01,INR,UPI,transfer,medical,Hyderabad,completed,,
TXN-338FBC0B17C6,2026-07-24 04:21:39,ACC-0368,ACC-0100,18147.35,INR,NEFT,transfer,fuel,Delhi,completed,,
TXN-B4E17C523991,2026-07-24 04:21:47,ACC-0151,ACC-0497,29242.87,INR,CASH,transfer,,Kolkata,completed,,
TXN-7BF30017DE0A,2026-07-24 04:33:23,ACC-0289,ACC-0285,20391.93,INR,IMPS,transfer,groceries,Chennai,completed,,
TXN-6CDCBF9A64C6,2026-07-24 04:35:57,ACC-0276,ACC-0567,27394.44,INR,UPI,transfer,,Kolkata,completed,,
TXN-9C736A4EDEA2,2026-07-24 04:36:12,ACC-0508,ACC-0168,24778.37,INR,UPI,transfer,rent,Mumbai,completed,,
TXN-82099C8214B7,2026-07-24 04:38:50,ACC-0354,ACC-0560,22349.05,INR,UPI,transfer,utilities,Delhi,completed,,
TXN-A0E5CC6633B5,2026-07-24 04:42:53,ACC-0524,ACC-0372,20445.49,INR,UPI,transfer,fuel,Pune,completed,,
TXN-9331E28AC8CC,2026-07-24 04:44:58,ACC-0200,ACC-0394,22686.12,INR,UPI,transfer,rent,Kolkata,completed,,
TXN-E7B00F19755B,2026-07-24 04:45:39,ACC-0437,ACC-0506,15272.5,INR,IMPS,transfer,rent,Ahmedabad,completed,,
TXN-2779D0D29577,2026-07-24 04:49:58,ACC-0285,ACC-0160,21297.83,INR,UPI,transfer,utilities,Chennai,completed,,
TXN-10B688E633A3,2026-07-24 04:50:13,ACC-0462,ACC-F-001,20075.28,INR,UPI,transfer,utilities,Bangalore,completed,,
TXN-1673686176BC,2026-07-24 04:56:49,ACC-0221,ACC-0402,120938.5,INR,IMPS,transfer,groceries,Ahmedabad,completed,,
TXN-B1375D3DB43A,2026-07-24 05:00:22,ACC-0471,ACC-0117,12870.29,INR,UPI,transfer,shopping,Chennai,completed,,
TXN-348137D5822B,2026-07-24 05:08:14,ACC-0538,ACC-0309,89334.62,INR,IMPS,transfer,utilities,Bangalore,completed,,
TXN-6319C8B7CD90,2026-07-24 05:17:14,ACC-0592,ACC-0336,20738.72,INR,IMPS,transfer,utilities,Pune,completed,,
TXN-2F5276FA5313,2026-07-24 05:37:05,ACC-0360,ACC-0266,21086.32,INR,UPI,transfer,groceries,Mumbai,completed,,
TXN-50435DDC10F4,2026-07-24 05:45:32,ACC-0179,ACC-0227,13939.24,INR,NEFT,transfer,medical,Mumbai,completed,,
TXN-EB5A5F65749C,2026-07-24 06:01:15,ACC-0467,ACC-0199,13553.73,INR,UPI,transfer,rent,Bangalore,completed,,
TXN-9F13E84096A8,2026-07-24 06:03:21,ACC-0245,ACC-0432,31798.43,INR,UPI,transfer,rent,Kolkata,completed,,
TXN-5CB2C0AEFB60,2026-07-24 06:11:20,ACC-0442,ACC-0149,50966.85,INR,UPI,transfer,,Mumbai,completed,,
TXN-ADB3D6D63CCF,2026-07-24 06:26:47,ACC-0228,ACC-0553,27493.19,INR,UPI,transfer,subscription,Pune,completed,,
TXN-1BACC6F9BB09,2026-07-24 06:31:59,ACC-0382,ACC-0549,11656.41,INR,UPI,transfer,shopping,Pune,completed,,
TXN-95556FCFF23C,2026-07-24 06:47:09,ACC-0100,ACC-0205,23292.12,INR,IMPS,transfer,shopping,Ahmedabad,completed,,
TXN-3316A291F96A,2026-07-24 06:57:33,ACC-0455,ACC-0329,18711.89,INR,UPI,transfer,rent,Bangalore,completed,,
TXN-AB1661323231,2026-07-24 06:58:40,ACC-0167,ACC-0270,19955.63,INR,UPI,transfer,,Hyderabad,completed,,
TXN-FE082E3AD6A9,2026-07-24 07:29:18,ACC-0435,ACC-0150,67682.13,INR,NEFT,transfer,medical,Hyderabad,completed,,
TXN-3A69465C8594,2026-07-24 07:35:47,ACC-0473,ACC-0509,9934.9,INR,UPI,transfer,utilities,Bangalore,completed,,
TXN-724C9A038EB4,2026-07-24 07:38:54,ACC-0225,ACC-0414,4248.05,INR,UPI,transfer,shopping,Bangalore,completed,,
TXN-CCBE6CD23555,2026-07-24 07:47:12,ACC-0240,ACC-0388,19363.82,INR,IMPS,transfer,subscription,Hyderabad,completed,,
TXN-16E3CF5D636F,2026-07-24 07:51:05,ACC-0393,ACC-0386,22300.82,INR,UPI,transfer,groceries,Ahmedabad,completed,,
TXN-3F8A5EC7E51B,2026-07-24 07:54:37,ACC-0500,ACC-0392,19003.86,INR,NEFT,transfer,,Hyderabad,completed,,
TXN-3FDC161DA6E5,2026-07-24 08:14:46,ACC-0500,ACC-0195,15939.62,INR,UPI,transfer,groceries,Chennai,completed,,
TXN-B27332710BA0,2026-07-24 08:15:19,ACC-0481,ACC-0579,19408.88,INR,NEFT,transfer,restaurant,Ahmedabad,completed,,
TXN-3516A357E1A6,2026-07-24 08:19:33,ACC-0435,ACC-0163,19599.04,INR,UPI,transfer,restaurant,Pune,completed,,
TXN-DA93D38B8AAE,2026-07-24 08:27:57,ACC-0216,ACC-0446,14179.91,INR,UPI,transfer,utilities,Hyderabad,completed,,
TXN-1513434C27E3,2026-07-24 08:31:11,ACC-0530,ACC-0129,24804.86,INR,UPI,transfer,utilities,Ahmedabad,completed,,
TXN-CBA9DCF73031,2026-07-24 08:47:26,ACC-0221,ACC-F-001,53744.42,INR,NEFT,transfer,fuel,Ahmedabad,completed,,
TXN-A09595BFF304,2026-07-24 08:50:34,ACC-0219,ACC-0226,353.04,INR,RTGS,transfer,shopping,Chennai,completed,,
TXN-554E066E000E,2026-07-24 08:55:17,ACC-0182,ACC-0248,26394.15,INR,UPI,transfer,rent,Hyderabad,completed,,
TXN-701027E2F137,2026-07-24 09:19:56,ACC-0455,ACC-0328,17667.69,INR,UPI,transfer,restaurant,Ahmedabad,completed,,
TXN-4FB64C6F6925,2026-07-24 09:29:55,ACC-0486,ACC-0415,38392.66,INR,IMPS,transfer,,Bangalore,completed,,
TXN-49A16C13DE0F,2026-07-24 09:41:17,ACC-0187,ACC-0471,16127.24,INR,UPI,transfer,subscription,Hyderabad,completed,,
TXN-EEF8CED199F5,2026-07-24 09:52:16,ACC-0245,ACC-0550,42603.9,INR,UPI,transfer,medical,Bangalore,completed,,
TXN-6A0FF3E8758F,2026-07-24 10:01:07,ACC-0206,ACC-0295,23064.32,INR,IMPS,transfer,,Delhi,completed,,
TXN-7E27507604EE,2026-07-24 10:06:28,ACC-0369,ACC-0224,24549.26,INR,NEFT,transfer,rent,Bangalore,completed,,
TXN-4ED7532242DF,2026-07-24 10:09:02,ACC-0424,ACC-0105,30378.3,INR,RTGS,transfer,restaurant,Kolkata,completed,,
TXN-32075301C7CD,2026-07-24 10:13:22,ACC-0363,ACC-0206,107357.07,INR,NEFT,transfer,,Bangalore,completed,,
TXN-C1D26FE276E1,2026-07-24 10:14:34,ACC-0305,ACC-0179,16812.42,INR,IMPS,transfer,rent,Chennai,completed,,
TXN-9EE1AB19CE84,2026-07-24 10:17:39,ACC-0299,ACC-0105,16923.43,INR,CASH,transfer,fuel,Delhi,completed,,
TXN-3C4CF81C0F5E,2026-07-24 10:38:42,ACC-0547,ACC-0168,28300.26,INR,UPI,transfer,utilities,Ahmedabad,completed,,
TXN-43CD03411DEE,2026-07-24 10:39:37,ACC-0199,ACC-0299,18196.41,INR,IMPS,transfer,groceries,Pune,completed,,
TXN-5983A44F44A0,2026-07-24 10:40:55,ACC-0552,ACC-0150,12566.37,INR,UPI,transfer,subscription,Delhi,completed,,
TXN-A012B94D987F,2026-07-24 10:45:16,ACC-0495,ACC-0160,21880.18,INR,IMPS,transfer,restaurant,Hyderabad,completed,,
TXN-87C916C63AAB,2026-07-24 10:52:22,ACC-0199,ACC-0289,33520.14,INR,RTGS,transfer,,Mumbai,completed,,
TXN-60330C439B2A,2026-07-24 10:54:06,ACC-0502,ACC-0301,21894.37,INR,UPI,transfer,medical,Kolkata,completed,,
TXN-56AA3ADD548F,2026-07-24 11:02:07,ACC-0349,ACC-0140,19243.52,INR,UPI,transfer,shopping,Chennai,completed,,
TXN-2D58887C3100,2026-07-24 11:06:20,ACC-0209,ACC-0223,20986.02,INR,RTGS,transfer,fuel,Pune,completed,,
TXN-4A2E3E4C4FBB,2026-07-24 11:08:00,ACC-0299,ACC-0277,14943.98,INR,IMPS,transfer,fuel,Bangalore,completed,,
TXN-DBC45D5BB276,2026-07-24 11:20:28,ACC-G-001,ACC-0561,11824.85,INR,UPI,transfer,groceries,Mumbai,completed,,
TXN-B17D87BA0C7C,2026-07-24 11:40:14,ACC-0314,ACC-0193,17480.46,INR,UPI,transfer,fuel,Mumbai,completed,,
TXN-D2FF4B1BB489,2026-07-24 12:08:56,ACC-0500,ACC-0167,22085.12,INR,UPI,transfer,fuel,Chennai,completed,,
TXN-9C08C91321FD,2026-07-24 12:10:36,ACC-0588,ACC-0432,6256.22,INR,UPI,transfer,medical,Hyderabad,completed,,
TXN-03E5E9E368D7,2026-07-24 12:22:18,ACC-0476,ACC-0446,18941.94,INR,UPI,transfer,groceries,Kolkata,completed,,
TXN-D68A5EF23A81,2026-07-24 12:37:54,ACC-0551,ACC-0324,14372.74,INR,NEFT,transfer,fuel,Mumbai,completed,,
TXN-2522511A78F6,2026-07-24 12:45:22,ACC-0226,ACC-0114,22089.67,INR,IMPS,transfer,rent,Pune,completed,,
TXN-52728904A88F,2026-07-24 12:57:55,ACC-0542,ACC-0296,14092.3,INR,UPI,transfer,utilities,Kolkata,completed,,
TXN-6E21FB08CEE3,2026-07-24 13:04:07,ACC-0497,ACC-0347,15948.68,INR,IMPS,transfer,fuel,Mumbai,completed,,
TXN-1FD95D55933B,2026-07-24 13:04:40,ACC-0266,ACC-0551,23949.34,INR,UPI,transfer,subscription,Ahmedabad,completed,,
TXN-0069AC3EF6BE,2026-07-24 13:16:27,ACC-0504,ACC-0465,14267.39,INR,UPI,transfer,groceries,Delhi,completed,,
TXN-72E97368A15A,2026-07-24 13:38:44,ACC-0367,ACC-0572,21021.54,INR,UPI,transfer,groceries,Pune,completed,,
TXN-68A185B07539,2026-07-24 13:40:42,ACC-0272,ACC-0554,13870.15,INR,NEFT,transfer,,Delhi,completed,,
TXN-2FCA0695A6BC,2026-07-24 13:49:07,ACC-0268,ACC-0373,11952.84,INR,UPI,transfer,groceries,Delhi,completed,,
TXN-6F922DD6C69B,2026-07-24 13:54:19,ACC-0551,ACC-0329,24868.63,INR,UPI,transfer,subscription,Ahmedabad,completed,,
TXN-A942FA248BF3,2026-07-24 13:59:34,ACC-0171,ACC-0343,24506.82,INR,RTGS,transfer,fuel,Bangalore,completed,,
TXN-B5CA8C3B06B4,2026-07-24 14:03:45,ACC-0456,ACC-0514,13229.89,INR,UPI,transfer,shopping,Kolkata,completed,,
TXN-2F8F1801F66A,2026-07-24 14:05:39,ACC-0268,ACC-0589,13494.4,INR,UPI,transfer,utilities,Hyderabad,completed,,
TXN-5E6F9A9EB897,2026-07-24 14:18:14,ACC-0340,ACC-0193,27850.35,INR,UPI,transfer,fuel,Kolkata,completed,,
TXN-AE116EAAA365,2026-07-24 14:22:50,ACC-0117,ACC-0356,19110.1,INR,UPI,transfer,subscription,Delhi,completed,,
TXN-A12AF72158A5,2026-07-24 14:38:10,ACC-0112,ACC-0206,15961.08,INR,UPI,transfer,,Bangalore,completed,,
TXN-C2375CFA7E9D,2026-07-24 14:44:33,ACC-0533,ACC-0270,13151.56,INR,NEFT,transfer,,Kolkata,completed,,
TXN-04BA3349DBCF,2026-07-24 14:51:31,ACC-0445,ACC-0405,20353.63,INR,UPI,transfer,utilities,Kolkata,completed,,
TXN-E7F41421094E,2026-07-24 15:01:33,ACC-0445,ACC-0338,21493.39,INR,UPI,transfer,medical,Ahmedabad,completed,,
TXN-321D72CDF1F0,2026-07-24 15:02:12,ACC-0293,ACC-0274,42193.43,INR,IMPS,transfer,shopping,Ahmedabad,completed,,
TXN-150E6736AA55,2026-07-24 15:07:18,ACC-0215,ACC-0112,13391.76,INR,UPI,transfer,shopping,Bangalore,completed,,
TXN-C9BD29F7B185,2026-07-24 15:19:17,ACC-0305,ACC-0209,19780.42,INR,UPI,transfer,shopping,Bangalore,completed,,
TXN-395EF47BD4B1,2026-07-24 15:24:46,ACC-0332,ACC-0228,22229.99,INR,CASH,transfer,fuel,Chennai,completed,,
TXN-AEB6BC9BB90D,2026-07-24 15:48:46,ACC-0504,ACC-0203,21360.21,INR,RTGS,transfer,subscription,Ahmedabad,completed,,
TXN-19A8E4FED2BA,2026-07-24 16:07:01,ACC-C-001,ACC-0129,23687.21,INR,IMPS,transfer,fuel,Ahmedabad,completed,,
TXN-983D1EB1542E,2026-07-24 16:14:20,ACC-0210,ACC-0530,21536.81,INR,UPI,transfer,shopping,Delhi,completed,,
TXN-89B2FC3AC727,2026-07-24 16:19:55,ACC-0592,ACC-0103,15936.48,INR,NEFT,transfer,groceries,Delhi,completed,,
TXN-7566A90D20D1,2026-07-24 16:37:26,ACC-0515,ACC-0238,24270.36,INR,UPI,transfer,medical,Bangalore,completed,,
TXN-F57CCBF07703,2026-07-24 16:46:45,ACC-0525,ACC-0556,7623.31,INR,IMPS,transfer,subscription,Hyderabad,completed,,
TXN-1DA25EA10187,2026-07-24 16:50:19,ACC-0381,ACC-0415,12482.55,INR,NEFT,transfer,,Kolkata,completed,,
TXN-54D11EAB053C,2026-07-24 16:55:48,ACC-0194,ACC-0173,12899.89,INR,UPI,transfer,,Pune,completed,,
TXN-D39D57A5CAAE,2026-07-24 17:13:07,ACC-0122,ACC-0572,17600.15,INR,NEFT,transfer,subscription,Hyderabad,completed,,
TXN-3CFB1130D0D4,2026-07-24 17:33:40,ACC-0578,ACC-0476,22018.34,INR,NEFT,transfer,shopping,Chennai,completed,,
TXN-E4C237D68EDA,2026-07-24 17:34:49,ACC-0301,ACC-0101,82765.25,INR,IMPS,transfer,groceries,Kolkata,completed,,
TXN-E1AD73260B2B,2026-07-24 17:48:13,ACC-0582,ACC-0183,15610.79,INR,UPI,transfer,shopping,Hyderabad,completed,,
TXN-86C555C1A128,2026-07-24 17:51:27,ACC-0136,ACC-0447,12682.11,INR,NEFT,transfer,utilities,Ahmedabad,completed,,
TXN-6E39BD93C2A1,2026-07-24 17:52:16,ACC-0115,ACC-0395,41336.67,INR,UPI,transfer,subscription,Delhi,completed,,
TXN-E2309569F265,2026-07-24 18:14:50,ACC-0166,ACC-0236,10046.69,INR,UPI,transfer,restaurant,Pune,completed,,
TXN-AD0DFAF784FB,2026-07-24 18:18:01,ACC-0163,ACC-0101,13275.33,INR,UPI,transfer,groceries,Chennai,completed,,
TXN-E49DD0136DEC,2026-07-24 18:24:00,ACC-0406,ACC-0427,11971.11,INR,IMPS,transfer,medical,Hyderabad,completed,,
TXN-0B9C75E0336A,2026-07-24 18:35:29,ACC-0232,ACC-0125,15801.38,INR,UPI,transfer,utilities,Delhi,completed,,
TXN-BB5049F82A1D,2026-07-24 18:37:53,ACC-0522,ACC-0442,24224.23,INR,RTGS,transfer,rent,Hyderabad,completed,,
TXN-82AF972F9F56,2026-07-24 18:49:41,ACC-0563,ACC-0511,15889.9,INR,NEFT,transfer,subscription,Bangalore,completed,,
TXN-72CE9863B821,2026-07-24 18:50:14,ACC-0485,ACC-0320,22216.23,INR,IMPS,transfer,subscription,Mumbai,completed,,
TXN-9D1DB3F6FAA0,2026-07-24 19:10:08,ACC-0364,ACC-0205,22833.43,INR,CASH,transfer,rent,Mumbai,completed,,
TXN-DFC55D9FE29D,2026-07-24 19:14:58,ACC-0148,ACC-0343,18920.5,INR,UPI,transfer,,Kolkata,completed,,
TXN-F38425EACCB7,2026-07-24 19:33:43,ACC-0508,ACC-0482,14532.49,INR,UPI,transfer,medical,Ahmedabad,completed,,
TXN-2A376F2DEB62,2026-07-24 19:43:23,ACC-0529,ACC-0223,21683.89,INR,NEFT,transfer,,Mumbai,completed,,
TXN-75E3ABB6AE32,2026-07-24 19:52:23,ACC-0101,ACC-0267,13378.61,INR,RTGS,transfer,utilities,Chennai,completed,,
TXN-B42D7D04DD32,2026-07-24 19:55:50,ACC-0176,ACC-0242,54761.11,INR,NEFT,transfer,subscription,Chennai,completed,,
TXN-EE8733B71E62,2026-07-24 20:02:27,ACC-0510,ACC-0364,26449.11,INR,UPI,transfer,groceries,Delhi,completed,,
TXN-D96907E93CBA,2026-07-24 20:12:51,ACC-0244,ACC-0387,13800.39,INR,UPI,transfer,restaurant,Chennai,completed,,
TXN-9B4B4D8A69A4,2026-07-24 20:17:35,ACC-0553,ACC-0427,47106.82,INR,UPI,transfer,utilities,Delhi,completed,,
TXN-C2601B13701B,2026-07-24 20:19:50,ACC-0435,ACC-0234,74781.54,INR,UPI,transfer,rent,Chennai,completed,,
TXN-65726FCD96D9,2026-07-24 20:20:35,ACC-0358,ACC-0393,21285.43,INR,IMPS,transfer,restaurant,Ahmedabad,completed,,
TXN-AC403B3D96D6,2026-07-24 20:21:16,ACC-0404,ACC-0253,22745.41,INR,UPI,transfer,groceries,Chennai,completed,,
TXN-C8A3F282851A,2026-07-24 20:25:37,ACC-0418,ACC-0451,22765.92,INR,RTGS,transfer,,Bangalore,completed,,
TXN-98BA895E7BCA,2026-07-24 21:04:22,ACC-0324,ACC-0293,11874.84,INR,IMPS,transfer,fuel,Bangalore,completed,,
TXN-E1E5568A6AE3,2026-07-24 21:14:56,ACC-0132,ACC-0136,18768.77,INR,IMPS,transfer,restaurant,Mumbai,completed,,
TXN-168355EED4A4,2026-07-24 21:26:28,ACC-0491,ACC-0465,9152.41,INR,UPI,transfer,rent,Delhi,completed,,
TXN-28325DE6DFC2,2026-07-24 21:30:03,ACC-0165,ACC-0578,20632.21,INR,UPI,transfer,subscription,Hyderabad,completed,,
TXN-7C740450AE9D,2026-07-24 21:41:56,ACC-0235,ACC-0121,95622.9,INR,UPI,transfer,rent,Ahmedabad,completed,,
TXN-C635EE588A15,2026-07-24 21:45:31,ACC-0181,ACC-0377,19101.47,INR,RTGS,transfer,,Bangalore,completed,,
TXN-11A86F5E9402,2026-07-24 21:59:01,ACC-0218,ACC-0285,39991.89,INR,UPI,transfer,rent,Delhi,completed,,
TXN-66A38DA37950,2026-07-24 22:12:44,ACC-0208,ACC-E-001,11411.29,INR,UPI,transfer,,Delhi,completed,,
TXN-B9E322E16133,2026-07-24 22:23:53,ACC-0142,ACC-0358,32483.91,INR,UPI,transfer,,Pune,completed,,
TXN-FDA9656E1F94,2026-07-24 22:29:47,ACC-0242,ACC-0320,21655.2,INR,NEFT,transfer,restaurant,Mumbai,completed,,
TXN-54F226A389FC,2026-07-24 22:33:02,ACC-0356,ACC-0295,104510.36,INR,NEFT,transfer,,Mumbai,completed,,
TXN-522E5B0317F9,2026-07-24 22:39:35,ACC-0335,ACC-0550,22496.48,INR,NEFT,transfer,medical,Hyderabad,completed,,
TXN-B7541737FA0F,2026-07-24 22:51:39,ACC-0385,ACC-0453,72840.92,INR,UPI,transfer,medical,Delhi,completed,,
TXN-D06B0664ACE7,2026-07-24 23:07:30,ACC-0470,ACC-0548,12104.02,INR,NEFT,transfer,,Hyderabad,completed,,
TXN-9C6F67CAB069,2026-07-24 23:16:52,ACC-0244,ACC-0405,13794.86,INR,RTGS,transfer,,Mumbai,completed,,
TXN-75872D32BCD5,2026-07-24 23:17:55,ACC-0450,ACC-0567,57530.17,INR,RTGS,transfer,,Kolkata,completed,,
TXN-A8EED96096B3,2026-07-24 23:21:57,ACC-0122,ACC-0406,49565.28,INR,NEFT,transfer,shopping,Hyderabad,completed,,
TXN-CE946C6E4FC7,2026-07-24 23:30:15,ACC-0128,ACC-0591,1355.59,INR,UPI,transfer,subscription,Chennai,completed,,
TXN-905B861325D6,2026-07-24 23:38:24,ACC-0507,ACC-0587,15944.42,INR,NEFT,transfer,utilities,Delhi,completed,,
TXN-0840C4CDF920,2026-07-24 23:39:56,ACC-0310,ACC-0270,24990.97,INR,CASH,transfer,shopping,Delhi,completed,,
TXN-BF4F9DD950D7,2026-07-24 23:49:48,ACC-0398,ACC-0410,12386.33,INR,NEFT,transfer,rent,Hyderabad,completed,,
TXN-067115818D58,2026-07-24 23:53:14,ACC-0328,ACC-0144,15818.33,INR,NEFT,transfer,,Ahmedabad,completed,,
TXN-AFB2281EEB18,2026-07-24 23:57:16,ACC-0205,ACC-0506,52267.74,INR,RTGS,transfer,groceries,Pune,completed,,
TXN-D6238E6BAEAC,2026-07-25 00:13:15,ACC-0189,ACC-0169,21545.53,INR,UPI,transfer,subscription,Ahmedabad,completed,,
TXN-E8E48896566E,2026-07-25 00:25:48,ACC-0532,ACC-0289,13353.92,INR,UPI,transfer,rent,Ahmedabad,completed,,
TXN-23A6BD484708,2026-07-25 00:32:07,ACC-0358,ACC-0390,22980.02,INR,NEFT,transfer,groceries,Pune,completed,,
TXN-3E311C9149F6,2026-07-25 00:33:34,ACC-0490,ACC-0495,3413.96,INR,NEFT,transfer,medical,Mumbai,completed,,
TXN-34716AA73C6B,2026-07-25 00:33:41,ACC-0455,ACC-0475,18068.69,INR,UPI,transfer,groceries,Mumbai,completed,,
TXN-1FF2D99D2CAC,2026-07-25 00:34:47,ACC-0245,ACC-0172,19227.91,INR,UPI,transfer,medical,Chennai,completed,,
TXN-150C7CABBD35,2026-07-25 00:42:18,ACC-0372,ACC-0337,29729.55,INR,UPI,transfer,,Kolkata,completed,,
TXN-90DE78E3C2E9,2026-07-25 00:44:45,ACC-0167,ACC-0166,18170.79,INR,UPI,transfer,medical,Hyderabad,completed,,
TXN-0C5816EB63C2,2026-07-25 00:47:18,ACC-0493,ACC-0265,9875.66,INR,NEFT,transfer,medical,Hyderabad,completed,,
TXN-AF274200E4BD,2026-07-25 00:53:30,ACC-0240,ACC-0298,22056.25,INR,NEFT,transfer,fuel,Ahmedabad,completed,,
TXN-BCC803C06BA7,2026-07-25 00:56:07,ACC-0285,ACC-0537,18126.02,INR,UPI,transfer,fuel,Pune,completed,,
TXN-3318F1DBAE35,2026-07-25 00:57:32,ACC-0386,ACC-0189,14165.45,INR,UPI,transfer,,Pune,completed,,
TXN-5D7A555AD511,2026-07-25 01:00:05,ACC-0183,ACC-0152,21979.12,INR,UPI,transfer,,Kolkata,completed,,
TXN-7F878995F154,2026-07-25 01:17:58,ACC-0472,ACC-0168,40653.05,INR,IMPS,transfer,utilities,Delhi,completed,,
TXN-29D8ED0D9F61,2026-07-25 01:52:15,ACC-0337,ACC-0513,12895.06,INR,RTGS,transfer,subscription,Bangalore,completed,,
TXN-4A83239CCEB1,2026-07-25 01:53:58,ACC-0108,ACC-0472,16322.3,INR,UPI,transfer,medical,Kolkata,completed,,
TXN-7F5980061DD1,2026-07-25 01:58:59,ACC-0136,ACC-0338,12000.79,INR,UPI,transfer,,Chennai,completed,,
TXN-29C2AB0178F5,2026-07-25 02:23:45,ACC-0105,ACC-0128,1032.01,INR,IMPS,transfer,subscription,Bangalore,completed,,
TXN-BAC61C800FE7,2026-07-25 02:28:58,ACC-0109,ACC-0196,19258.85,INR,UPI,transfer,shopping,Hyderabad,completed,,
TXN-3C75BC2EAED1,2026-07-25 02:32:33,ACC-0222,ACC-0182,18045.1,INR,RTGS,transfer,fuel,Kolkata,completed,,
TXN-81DB61C299F4,2026-07-25 02:37:48,ACC-0571,ACC-0221,12827.61,INR,IMPS,transfer,shopping,Mumbai,completed,,
TXN-61BE8C65C430,2026-07-25 02:42:38,ACC-0454,ACC-0162,9784.32,INR,NEFT,transfer,,Delhi,completed,,
TXN-BFDB7918B9DE,2026-07-25 02:48:29,ACC-0417,ACC-0546,14171.19,INR,IMPS,transfer,subscription,Mumbai,completed,,
TXN-9BA2E958A772,2026-07-25 02:48:47,ACC-0340,ACC-0381,24376.77,INR,NEFT,transfer,,Chennai,completed,,
TXN-49C2C94CEBC8,2026-07-25 03:12:48,ACC-0529,ACC-0119,21106.4,INR,UPI,transfer,subscription,Delhi,completed,,
TXN-9F875572F821,2026-07-25 03:13:40,ACC-0546,ACC-0539,86383.66,INR,UPI,transfer,fuel,Mumbai,completed,,
TXN-2837F02FE7F8,2026-07-25 03:27:36,ACC-0503,ACC-0238,12636.25,INR,UPI,transfer,restaurant,Bangalore,completed,,
TXN-EEF5854D3BAB,2026-07-25 03:31:47,ACC-0420,ACC-0246,23083.46,INR,UPI,transfer,groceries,Chennai,completed,,
TXN-C607B090E1E0,2026-07-25 03:54:26,ACC-0285,ACC-0583,22233.35,INR,RTGS,transfer,utilities,Ahmedabad,completed,,
TXN-C5601394C0FD,2026-07-25 04:03:40,ACC-0471,ACC-0111,28588.11,INR,NEFT,transfer,utilities,Chennai,completed,,
TXN-AC50A0D2C82F,2026-07-25 04:07:42,ACC-0234,ACC-0341,11497.84,INR,CASH,transfer,restaurant,Hyderabad,completed,,
TXN-1F6B3A4FBDBA,2026-07-25 04:09:49,ACC-0453,ACC-0190,13121.87,INR,RTGS,transfer,,Ahmedabad,completed,,
TXN-723C704AA611,2026-07-25 04:26:31,ACC-0443,ACC-0488,20762.0,INR,UPI,transfer,medical,Chennai,completed,,
TXN-3AB5527BB5EA,2026-07-25 04:35:25,ACC-0107,ACC-0424,19177.49,INR,UPI,transfer,restaurant,Hyderabad,completed,,
TXN-E980C88F7713,2026-07-25 04:36:05,ACC-0312,ACC-0103,24786.53,INR,UPI,transfer,groceries,Kolkata,completed,,
TXN-7E73C6A925A5,2026-07-25 04:46:46,ACC-0306,ACC-0328,10938.13,INR,UPI,transfer,fuel,Kolkata,completed,,
TXN-6D3505DF80B2,2026-07-25 05:00:00,ACC-0559,ACC-0216,11851.67,INR,UPI,transfer,medical,Mumbai,completed,,
TXN-9AEBB3BE0093,2026-07-25 05:04:28,ACC-0247,ACC-0164,15254.9,INR,RTGS,transfer,medical,Pune,completed,,
TXN-9D7C236D0C06,2026-07-25 05:29:25,ACC-0431,ACC-0169,15592.36,INR,IMPS,transfer,fuel,Hyderabad,completed,,
TXN-F507D97AC222,2026-07-25 05:36:45,ACC-0309,ACC-0227,45901.02,INR,UPI,transfer,groceries,Bangalore,completed,,
TXN-2D1D3480DC22,2026-07-25 05:41:00,ACC-0156,ACC-0583,24307.39,INR,UPI,transfer,restaurant,Hyderabad,completed,,
TXN-38B7780D24C3,2026-07-25 05:49:56,ACC-0506,ACC-0342,11476.02,INR,UPI,transfer,groceries,Bangalore,completed,,
TXN-2ABCF34CC2B6,2026-07-25 05:51:49,ACC-0182,ACC-0193,19916.39,INR,IMPS,transfer,shopping,Mumbai,completed,,
TXN-7EC7DAFB3527,2026-07-25 05:55:00,ACC-0400,ACC-0459,13510.74,INR,IMPS,transfer,utilities,Mumbai,completed,,
TXN-01CD68953D9B,2026-07-25 06:06:10,ACC-0481,ACC-0373,24770.03,INR,UPI,transfer,rent,Ahmedabad,completed,,
TXN-182B942C00E8,2026-07-25 06:11:50,ACC-0228,ACC-0206,15386.67,INR,NEFT,transfer,shopping,Bangalore,completed,,
TXN-3522D30110CB,2026-07-25 06:43:22,ACC-0263,ACC-0564,54443.12,INR,IMPS,transfer,restaurant,Bangalore,completed,,
TXN-95BDEC5A5E9D,2026-07-25 06:49:17,ACC-0321,ACC-0434,12035.85,INR,IMPS,transfer,rent,Chennai,completed,,
TXN-4B307A7FE3DC,2026-07-25 07:01:00,ACC-0167,ACC-0505,24826.43,INR,UPI,transfer,medical,Kolkata,completed,,
TXN-439AD6674C77,2026-07-25 07:03:57,ACC-0590,ACC-0317,10304.48,INR,NEFT,transfer,utilities,Chennai,completed,,
TXN-0A2F0C5C995B,2026-07-25 07:16:03,ACC-0499,ACC-0332,22279.07,INR,UPI,transfer,subscription,Ahmedabad,completed,,
TXN-3EA3BE195BE1,2026-07-25 07:16:04,ACC-0396,ACC-0554,23742.71,INR,IMPS,transfer,utilities,Hyderabad,completed,,
TXN-04B19B6EB8ED,2026-07-25 07:42:16,ACC-0227,ACC-0581,14578.21,INR,IMPS,transfer,groceries,Chennai,completed,,
TXN-FE328CCFD26D,2026-07-25 07:59:07,ACC-0172,ACC-0243,24754.39,INR,IMPS,transfer,medical,Ahmedabad,completed,,
TXN-9E439BDB7F98,2026-07-25 08:05:15,ACC-0121,ACC-0124,25184.25,INR,UPI,transfer,shopping,Delhi,completed,,
TXN-F6E52E0EE3B6,2026-07-25 08:05:38,ACC-0126,ACC-0506,114385.38,INR,UPI,transfer,medical,Pune,completed,,
TXN-3EBDF587368C,2026-07-25 08:07:25,ACC-0234,ACC-0329,14397.97,INR,UPI,transfer,,Ahmedabad,completed,,
TXN-59ECE90E6A04,2026-07-25 08:20:21,ACC-0554,ACC-0161,26259.97,INR,UPI,transfer,fuel,Mumbai,completed,,
TXN-BBDC15D3044C,2026-07-25 08:25:00,ACC-0582,ACC-0427,22891.31,INR,RTGS,transfer,shopping,Chennai,completed,,
TXN-E4EF59B67681,2026-07-25 08:32:24,ACC-0504,ACC-0539,16141.18,INR,IMPS,transfer,medical,Ahmedabad,completed,,
TXN-424BD16E68DB,2026-07-25 08:36:49,ACC-0474,ACC-0222,22491.4,INR,NEFT,transfer,subscription,Chennai,completed,,
TXN-2DF93FCD4807,2026-07-25 08:39:20,ACC-0360,ACC-0530,19943.6,INR,NEFT,transfer,shopping,Kolkata,completed,,
TXN-B0976EDBEE1F,2026-07-25 08:40:53,ACC-0154,ACC-0209,57770.14,INR,UPI,transfer,fuel,Hyderabad,completed,,
TXN-FE2FF9BF037B,2026-07-25 09:10:52,ACC-0107,ACC-0330,17775.53,INR,UPI,transfer,,Ahmedabad,completed,,
TXN-58580DCF6FB9,2026-07-25 09:10:57,ACC-0199,ACC-0181,2707.65,INR,UPI,transfer,fuel,Hyderabad,completed,,
TXN-8B7209638ECA,2026-07-25 09:19:13,ACC-0442,ACC-0297,11840.55,INR,UPI,transfer,,Ahmedabad,completed,,
TXN-2ED1836EC37C,2026-07-25 09:22:01,ACC-0272,ACC-0141,25046.46,INR,IMPS,transfer,rent,Bangalore,completed,,
TXN-3E790BF8BAEB,2026-07-25 09:29:26,ACC-0362,ACC-0242,42647.35,INR,UPI,transfer,fuel,Bangalore,completed,,
TXN-B56A915D6BD0,2026-07-25 09:43:46,ACC-0109,ACC-0152,20187.74,INR,UPI,transfer,utilities,Mumbai,completed,,
TXN-B937C12A243B,2026-07-25 09:46:00,ACC-0109,ACC-0349,13427.24,INR,UPI,transfer,restaurant,Hyderabad,completed,,
TXN-AFBC3A42518B,2026-07-25 09:54:11,ACC-0141,ACC-0150,18207.1,INR,NEFT,transfer,medical,Mumbai,completed,,
TXN-6671EFD7DA99,2026-07-25 09:54:47,ACC-0324,ACC-0231,11706.45,INR,UPI,transfer,groceries,Pune,completed,,
TXN-5CD3D3E2D750,2026-07-25 10:12:55,ACC-0242,ACC-0362,17516.61,INR,IMPS,transfer,restaurant,Hyderabad,completed,,
TXN-591BA18310A3,2026-07-25 10:16:30,ACC-0450,ACC-0403,88751.03,INR,UPI,transfer,shopping,Pune,completed,,
TXN-6F1CBB52BAC2,2026-07-25 10:47:35,ACC-0462,ACC-0475,24686.87,INR,CASH,transfer,fuel,Ahmedabad,completed,,
TXN-E9AF9D489FF5,2026-07-25 11:07:44,ACC-0292,ACC-0336,94729.49,INR,NEFT,transfer,shopping,Hyderabad,completed,,
TXN-3238D4866D96,2026-07-25 11:11:32,ACC-0312,ACC-0346,23581.42,INR,UPI,transfer,shopping,Delhi,completed,,
TXN-5A2C721EC6F9,2026-07-25 11:19:48,ACC-0286,ACC-0430,15673.81,INR,RTGS,transfer,restaurant,Kolkata,completed,,
TXN-BA217FBD7EB7,2026-07-25 11:28:44,ACC-0353,ACC-0346,22330.95,INR,NEFT,transfer,subscription,Pune,completed,,
TXN-B50A4876B8B6,2026-07-25 11:34:44,ACC-0298,ACC-0195,17705.59,INR,IMPS,transfer,,Delhi,completed,,
TXN-8D93F6983D8F,2026-07-25 11:37:51,ACC-0160,ACC-0540,24182.76,INR,UPI,transfer,subscription,Bangalore,completed,,
TXN-354E97616EF7,2026-07-25 11:40:33,ACC-F-001,ACC-0404,20302.78,INR,UPI,transfer,subscription,Pune,completed,,
TXN-F3E8855B7AD9,2026-07-25 11:47:40,ACC-0269,ACC-0218,3776.55,INR,NEFT,transfer,shopping,Chennai,completed,,
TXN-C1ACC61DDFB0,2026-07-25 11:52:39,ACC-0208,ACC-0259,11435.55,INR,UPI,transfer,restaurant,Ahmedabad,completed,,
TXN-2D8647FD5E49,2026-07-25 11:52:50,ACC-0431,ACC-0425,28812.4,INR,RTGS,transfer,utilities,Ahmedabad,completed,,
TXN-431DF6268482,2026-07-25 11:54:30,ACC-0464,ACC-0365,12632.38,INR,UPI,transfer,shopping,Chennai,completed,,
TXN-82853A50AFDC,2026-07-25 12:02:31,ACC-0566,ACC-0289,15404.82,INR,IMPS,transfer,utilities,Hyderabad,completed,,
TXN-04378D35982F,2026-07-25 12:08:10,ACC-0500,ACC-0569,15521.82,INR,UPI,transfer,rent,Kolkata,completed,,
TXN-3413C8D2C02B,2026-07-25 12:14:07,ACC-0128,ACC-0544,40283.75,INR,UPI,transfer,,Ahmedabad,completed,,
TXN-B3A38884706E,2026-07-25 12:16:30,ACC-0159,ACC-0389,11623.75,INR,RTGS,transfer,utilities,Hyderabad,completed,,
TXN-43DDB0225DB6,2026-07-25 12:23:45,ACC-0148,ACC-0269,24180.35,INR,UPI,transfer,rent,Delhi,completed,,
TXN-F7D6BDE437CD,2026-07-25 12:37:17,ACC-0578,ACC-0128,16305.34,INR,IMPS,transfer,shopping,Kolkata,completed,,
TXN-3CF665578FD1,2026-07-25 12:41:16,ACC-0459,ACC-0330,43646.53,INR,UPI,transfer,restaurant,Ahmedabad,completed,,
TXN-38026E9D23CA,2026-07-25 12:54:33,ACC-0115,ACC-0437,8334.88,INR,NEFT,transfer,restaurant,Kolkata,completed,,
TXN-3B7F55C3A643,2026-07-25 13:02:52,ACC-0506,ACC-0112,11924.69,INR,UPI,transfer,restaurant,Hyderabad,completed,,
TXN-BD9D19709E1D,2026-07-25 13:05:04,ACC-0404,ACC-0233,30232.8,INR,UPI,transfer,rent,Chennai,completed,,
TXN-1397C93BFCFC,2026-07-25 13:19:30,ACC-0497,ACC-0300,14489.53,INR,UPI,transfer,restaurant,Kolkata,completed,,
TXN-5210C36923BF,2026-07-25 13:43:32,ACC-0191,ACC-0521,22968.51,INR,NEFT,transfer,subscription,Pune,completed,,
TXN-B50F5FA6C810,2026-07-25 13:54:49,ACC-0587,ACC-0488,13633.43,INR,NEFT,transfer,subscription,Hyderabad,completed,,
TXN-13376D8DBE00,2026-07-25 14:18:19,ACC-0561,ACC-0523,24320.19,INR,UPI,transfer,subscription,Mumbai,completed,,
TXN-96C1E5346B5D,2026-07-25 14:30:49,ACC-0449,ACC-0496,27561.76,INR,NEFT,transfer,shopping,Chennai,completed,,
TXN-E16B2D730E8A,2026-07-25 14:35:49,ACC-0104,ACC-0531,24690.92,INR,UPI,transfer,medical,Hyderabad,completed,,
TXN-1A9E710C55C7,2026-07-25 14:38:44,ACC-0197,ACC-0251,17511.86,INR,NEFT,transfer,,Delhi,completed,,
TXN-B85895E1EF32,2026-07-25 14:40:15,ACC-0269,ACC-0126,91296.77,INR,IMPS,transfer,fuel,Hyderabad,completed,,
TXN-0F9CFF2FB2C8,2026-07-25 14:50:11,ACC-0533,ACC-0448,1572.86,INR,IMPS,transfer,,Hyderabad,completed,,
TXN-DBDA4A5CA712,2026-07-25 14:51:35,ACC-0292,ACC-0285,47877.45,INR,UPI,transfer,,Ahmedabad,completed,,
TXN-352C3E75A1B6,2026-07-25 15:01:06,ACC-0321,ACC-0539,11468.94,INR,UPI,transfer,subscription,Ahmedabad,completed,,
TXN-687F0F860F53,2026-07-25 15:11:51,ACC-0570,ACC-0565,19546.01,INR,RTGS,transfer,utilities,Ahmedabad,completed,,
TXN-07917996E77A,2026-07-25 15:29:09,ACC-0384,ACC-0219,23732.51,INR,UPI,transfer,,Mumbai,completed,,
TXN-362951FADCDA,2026-07-25 15:38:12,ACC-0256,ACC-0174,24423.6,INR,UPI,transfer,fuel,Bangalore,completed,,
TXN-144070B08555,2026-07-25 15:46:12,ACC-0533,ACC-0107,5026.96,INR,NEFT,transfer,rent,Chennai,completed,,
TXN-FE818ED68E10,2026-07-25 15:56:53,ACC-0325,ACC-0234,20303.22,INR,IMPS,transfer,rent,Bangalore,completed,,
TXN-DD659FF57711,2026-07-25 16:00:25,ACC-0249,ACC-0214,9002.7,INR,NEFT,transfer,groceries,Pune,completed,,
TXN-AC3C1A6D33CC,2026-07-25 16:02:02,ACC-0307,ACC-0220,10613.65,INR,IMPS,transfer,shopping,Pune,completed,,
TXN-A432E975C5CD,2026-07-25 16:14:45,ACC-0177,ACC-0482,26196.08,INR,UPI,transfer,subscription,Pune,completed,,
TXN-131BF36227F8,2026-07-25 16:27:52,ACC-0399,ACC-0505,13596.38,INR,IMPS,transfer,fuel,Pune,completed,,
TXN-3067F90E9DB5,2026-07-25 16:54:23,ACC-0388,ACC-C-001,66222.34,INR,RTGS,transfer,groceries,Kolkata,completed,,
TXN-FA87E7594624,2026-07-25 17:18:19,ACC-0435,ACC-0261,112384.8,INR,UPI,transfer,rent,Bangalore,completed,,
TXN-8131351A6D17,2026-07-25 17:21:00,ACC-0272,ACC-0445,49753.75,INR,RTGS,transfer,restaurant,Pune,completed,,
TXN-923D17A01896,2026-07-25 17:23:12,ACC-0335,ACC-0330,19327.42,INR,IMPS,transfer,rent,Bangalore,completed,,
TXN-D2CE8DE23E39,2026-07-25 17:27:38,ACC-0115,ACC-0511,127262.44,INR,UPI,transfer,fuel,Pune,completed,,
TXN-D4A7D7ACA048,2026-07-25 17:30:32,ACC-0140,ACC-0357,19210.65,INR,UPI,transfer,subscription,Hyderabad,completed,,
TXN-294E301019DF,2026-07-25 17:39:29,ACC-0543,ACC-0315,6386.5,INR,NEFT,transfer,restaurant,Pune,completed,,
TXN-D80997A66FD0,2026-07-25 18:23:29,ACC-0148,ACC-0406,20674.62,INR,IMPS,transfer,,Pune,completed,,
TXN-A1C80F692A89,2026-07-25 18:35:09,ACC-0423,ACC-0218,24772.45,INR,UPI,transfer,shopping,Ahmedabad,completed,,
TXN-11ECBED419E9,2026-07-25 18:50:51,ACC-0530,ACC-0309,16186.69,INR,UPI,transfer,subscription,Kolkata,completed,,
TXN-34701CBC4354,2026-07-25 18:57:07,ACC-0302,ACC-0117,14856.2,INR,UPI,transfer,restaurant,Delhi,completed,,
TXN-9E41F6FF3E2F,2026-07-25 19:21:34,ACC-0187,ACC-0390,18701.16,INR,NEFT,transfer,utilities,Chennai,completed,,
TXN-DAC6AD99DD76,2026-07-25 19:23:29,ACC-0380,ACC-0507,12909.01,INR,UPI,transfer,shopping,Hyderabad,completed,,
TXN-2830790EA16A,2026-07-25 19:35:57,ACC-0198,ACC-0480,22549.3,INR,UPI,transfer,subscription,Kolkata,completed,,
TXN-40CF75528089,2026-07-25 19:35:59,ACC-0131,ACC-0347,6910.14,INR,CASH,transfer,restaurant,Hyderabad,completed,,
TXN-87E849CB4E38,2026-07-25 19:39:57,ACC-0324,ACC-0385,13401.48,INR,UPI,transfer,groceries,Bangalore,completed,,
TXN-68F2D21FDC80,2026-07-25 20:10:36,ACC-0474,ACC-0171,18451.6,INR,UPI,transfer,utilities,Pune,completed,,
TXN-53C91FA04827,2026-07-25 20:13:39,ACC-0273,ACC-0464,18941.37,INR,NEFT,transfer,rent,Kolkata,completed,,
TXN-E05FAD1A0BF9,2026-07-25 20:22:01,ACC-0437,ACC-0416,23886.28,INR,IMPS,transfer,medical,Delhi,completed,,
TXN-08B35657A48C,2026-07-25 20:24:21,ACC-0517,ACC-0552,64069.27,INR,IMPS,transfer,rent,Bangalore,completed,,
TXN-3CB20E7B0CF0,2026-07-25 20:50:06,ACC-0132,ACC-0446,16235.91,INR,IMPS,transfer,shopping,Delhi,completed,,
TXN-15AB4CEFA707,2026-07-25 21:03:46,ACC-0461,ACC-0262,20566.14,INR,NEFT,transfer,restaurant,Chennai,completed,,
TXN-6BD4C35446B8,2026-07-25 21:14:39,ACC-0382,ACC-0373,22617.46,INR,UPI,transfer,,Hyderabad,completed,,
TXN-F1D91480EA54,2026-07-25 21:19:12,ACC-0163,ACC-0346,12421.51,INR,UPI,transfer,rent,Ahmedabad,completed,,
TXN-AD45010245B1,2026-07-25 22:15:20,ACC-D-001,ACC-0455,26199.74,INR,UPI,transfer,utilities,Delhi,completed,,
TXN-6717FFC1DF95,2026-07-25 22:37:26,ACC-0446,ACC-0289,10507.28,INR,UPI,transfer,groceries,Bangalore,completed,,
TXN-B09113566C65,2026-07-25 22:40:00,ACC-0558,ACC-0382,22506.45,INR,UPI,transfer,groceries,Delhi,completed,,
TXN-287963D50C70,2026-07-25 22:51:09,ACC-0121,ACC-0283,19474.11,INR,NEFT,transfer,medical,Pune,completed,,
TXN-BDE28CFA8165,2026-07-25 23:18:52,ACC-0417,ACC-0519,55146.16,INR,NEFT,transfer,medical,Mumbai,completed,,
TXN-470AFC2D8E4E,2026-07-25 23:42:17,ACC-0402,ACC-0376,12085.52,INR,NEFT,transfer,fuel,Bangalore,completed,,
TXN-9FB4FA1E684C,2026-07-25 23:48:49,ACC-0198,ACC-0564,30772.13,INR,UPI,transfer,restaurant,Chennai,completed,,
TXN-A30E231B13A0,2026-07-25 23:49:05,ACC-0401,ACC-0287,24383.09,INR,UPI,transfer,shopping,Mumbai,completed,,
TXN-5574969FA72B,2026-07-25 23:55:41,ACC-0584,ACC-0440,31047.67,INR,CASH,transfer,groceries,Chennai,completed,,
TXN-B2737B3446A6,2026-07-26 00:04:21,ACC-G-001,ACC-0535,13645.95,INR,NEFT,transfer,,Delhi,completed,,
TXN-98CDC6546EED,2026-07-26 00:19:55,ACC-0264,ACC-0158,26735.05,INR,UPI,transfer,,Kolkata,completed,,
TXN-066E8AADD6A0,2026-07-26 00:26:30,ACC-0277,ACC-0185,29972.0,INR,RTGS,transfer,,Chennai,completed,,
TXN-72942F785CF3,2026-07-26 00:27:50,ACC-0147,ACC-0187,13423.22,INR,NEFT,transfer,,Pune,completed,,
TXN-71A4FB5D0B12,2026-07-26 00:28:52,ACC-0250,ACC-0568,11519.55,INR,IMPS,transfer,restaurant,Pune,completed,,
TXN-3C83B88CEFDC,2026-07-26 01:01:51,ACC-0120,ACC-0197,10349.77,INR,UPI,transfer,rent,Kolkata,completed,,
TXN-2982803CED07,2026-07-26 01:06:16,ACC-0234,ACC-0358,12369.13,INR,NEFT,transfer,subscription,Pune,completed,,
TXN-B8DC4274B3AD,2026-07-26 01:08:16,ACC-0195,ACC-0321,13380.45,INR,IMPS,transfer,,Bangalore,completed,,
TXN-DE0AB5401353,2026-07-26 01:12:08,ACC-0326,ACC-0114,16101.88,INR,UPI,transfer,,Delhi,completed,,
TXN-20A9A5700C5B,2026-07-26 01:30:35,ACC-0147,ACC-0362,13139.27,INR,CASH,transfer,,Ahmedabad,completed,,
TXN-469F77465EE5,2026-07-26 01:32:30,ACC-0487,ACC-0565,25956.45,INR,IMPS,transfer,,Delhi,completed,,
TXN-34F47E321CCB,2026-07-26 01:33:18,ACC-0254,ACC-0294,13593.99,INR,IMPS,transfer,,Chennai,completed,,
TXN-4A17E1CC0072,2026-07-26 01:44:58,ACC-0565,ACC-0265,19288.33,INR,UPI,transfer,medical,Kolkata,completed,,
TXN-B739DE4C1EC4,2026-07-26 01:52:24,ACC-0512,ACC-C-001,12161.32,INR,NEFT,transfer,groceries,Kolkata,completed,,
TXN-A5FC83F8ED42,2026-07-26 02:10:35,ACC-0467,ACC-0272,18643.51,INR,UPI,transfer,,Mumbai,completed,,
TXN-9A7F94ABFAAD,2026-07-26 02:13:55,ACC-0329,ACC-0223,25221.92,INR,NEFT,transfer,,Kolkata,completed,,
TXN-59F70436681B,2026-07-26 02:17:02,ACC-0156,ACC-0192,9009.98,INR,UPI,transfer,,Hyderabad,completed,,
TXN-1DE2668F196F,2026-07-26 02:25:26,ACC-0187,ACC-0369,13047.87,INR,CASH,transfer,utilities,Bangalore,completed,,
TXN-F10A1C0B7DF7,2026-07-26 02:28:07,ACC-0311,ACC-0198,16615.29,INR,UPI,transfer,utilities,Delhi,completed,,
TXN-E03DAC871288,2026-07-26 02:36:05,ACC-0464,ACC-0573,11862.9,INR,CASH,transfer,,Hyderabad,completed,,
TXN-02E25C6973F6,2026-07-26 02:38:30,ACC-0116,ACC-0129,3114.9,INR,UPI,transfer,,Ahmedabad,completed,,
TXN-B4675474A347,2026-07-26 02:38:52,ACC-0254,ACC-0276,13133.09,INR,IMPS,transfer,fuel,Bangalore,completed,,
TXN-8776EFFFCCE3,2026-07-26 02:41:31,ACC-0581,ACC-0183,18533.97,INR,UPI,transfer,restaurant,Pune,completed,,
TXN-0662F2803F3D,2026-07-26 02:54:10,ACC-0562,ACC-0160,18432.97,INR,IMPS,transfer,medical,Ahmedabad,completed,,
TXN-BD33E42D8D76,2026-07-26 02:55:51,ACC-0213,ACC-0403,13376.79,INR,UPI,transfer,subscription,Mumbai,completed,,
TXN-4CE9BF211338,2026-07-26 03:05:35,ACC-0231,ACC-0343,26462.33,INR,UPI,transfer,groceries,Hyderabad,completed,,
TXN-001B861D3616,2026-07-26 03:05:53,ACC-0526,ACC-0495,17502.62,INR,IMPS,transfer,shopping,Ahmedabad,completed,,
TXN-A7AC494A891C,2026-07-26 03:09:16,ACC-0115,ACC-0116,69873.57,INR,IMPS,transfer,rent,Bangalore,completed,,
TXN-FEC286544208,2026-07-26 03:28:45,ACC-0515,ACC-0276,27567.22,INR,RTGS,transfer,fuel,Bangalore,completed,,
TXN-1DF47F7F9592,2026-07-26 03:48:10,ACC-0417,ACC-0298,50228.38,INR,IMPS,transfer,restaurant,Kolkata,completed,,
TXN-C74489275A7B,2026-07-26 04:03:57,ACC-0219,ACC-0426,11602.53,INR,UPI,transfer,medical,Mumbai,completed,,
TXN-A7C304E7258F,2026-07-26 04:15:45,ACC-0165,ACC-0278,16414.67,INR,NEFT,transfer,,Hyderabad,completed,,
TXN-609096EEDB6A,2026-07-26 04:19:51,ACC-0384,ACC-0305,28660.22,INR,RTGS,transfer,subscription,Chennai,completed,,
TXN-F732DC1AEAF0,2026-07-26 04:33:45,ACC-0540,ACC-0577,24130.18,INR,RTGS,transfer,fuel,Ahmedabad,completed,,
TXN-71E3C00C76F6,2026-07-26 04:36:58,ACC-0304,ACC-0533,20718.33,INR,RTGS,transfer,rent,Pune,completed,,
TXN-27E25724B5C2,2026-07-26 04:39:14,ACC-0560,ACC-0461,11925.18,INR,UPI,transfer,utilities,Mumbai,completed,,
TXN-42FDB1E3B9D3,2026-07-26 04:42:06,ACC-0537,ACC-0500,11667.79,INR,IMPS,transfer,restaurant,Delhi,completed,,
TXN-BCB23322749A,2026-07-26 04:44:36,ACC-0106,ACC-0300,12973.06,INR,UPI,transfer,utilities,Pune,completed,,
TXN-8B806F4A183F,2026-07-26 04:45:24,ACC-0486,ACC-0237,20857.89,INR,RTGS,transfer,subscription,Delhi,completed,,
TXN-7AB355D53570,2026-07-26 04:46:25,ACC-0351,ACC-0127,16438.73,INR,UPI,transfer,fuel,Delhi,completed,,
TXN-D0350E784B09,2026-07-26 04:46:53,ACC-0360,ACC-0405,17806.92,INR,UPI,transfer,,Pune,completed,,
TXN-EE14745E4F47,2026-07-26 04:54:49,ACC-0467,ACC-0282,17450.77,INR,NEFT,transfer,fuel,Mumbai,completed,,
TXN-4CE5AB0BE799,2026-07-26 05:00:24,ACC-0274,ACC-0255,46588.97,INR,NEFT,transfer,groceries,Kolkata,completed,,
TXN-DB36E253D8D9,2026-07-26 05:01:34,ACC-0576,ACC-0270,18185.45,INR,CASH,transfer,shopping,Ahmedabad,completed,,
TXN-AABB0AC1A3F8,2026-07-26 05:02:48,ACC-0566,ACC-0228,20842.4,INR,NEFT,transfer,medical,Kolkata,completed,,
TXN-9E0853F4EAB0,2026-07-26 05:03:47,ACC-0512,ACC-0320,19986.5,INR,UPI,transfer,shopping,Kolkata,completed,,
TXN-0E66D1C2B1F5,2026-07-26 05:09:38,ACC-0119,ACC-0282,11333.56,INR,NEFT,transfer,utilities,Mumbai,completed,,
TXN-D29491598F21,2026-07-26 05:14:11,ACC-0176,ACC-0189,11885.3,INR,NEFT,transfer,fuel,Chennai,completed,,
TXN-42C3A7AF48DF,2026-07-26 05:14:50,ACC-0261,ACC-0352,43863.73,INR,UPI,transfer,medical,Ahmedabad,completed,,
TXN-E493D5C82337,2026-07-26 05:33:03,ACC-0457,ACC-0260,20239.73,INR,UPI,transfer,fuel,Ahmedabad,completed,,
TXN-874DE491A968,2026-07-26 05:50:41,ACC-0323,ACC-0303,12686.98,INR,NEFT,transfer,rent,Chennai,completed,,
TXN-19E3BAEB43A9,2026-07-26 05:51:33,ACC-0206,ACC-0499,21354.21,INR,UPI,transfer,utilities,Delhi,completed,,
TXN-A1550EC2B341,2026-07-26 05:56:09,ACC-0393,ACC-0347,27217.39,INR,NEFT,transfer,fuel,Delhi,completed,,
TXN-3C25D7AF2DDA,2026-07-26 05:59:44,ACC-0360,ACC-0147,19283.63,INR,UPI,transfer,,Chennai,completed,,
TXN-135AB73DC658,2026-07-26 06:05:25,ACC-0321,ACC-F-001,9644.25,INR,RTGS,transfer,fuel,Pune,completed,,
TXN-F00AF3B1051A,2026-07-26 06:08:39,ACC-0580,ACC-0189,10371.26,INR,RTGS,transfer,utilities,Chennai,completed,,
TXN-3FB26EE5180C,2026-07-26 06:12:35,ACC-0484,ACC-0203,13213.38,INR,RTGS,transfer,,Pune,completed,,
TXN-44EE05428851,2026-07-26 06:21:14,ACC-0152,ACC-0143,17602.43,INR,UPI,transfer,restaurant,Hyderabad,completed,,
TXN-9A2F039A3999,2026-07-26 06:21:48,ACC-0216,ACC-0429,12169.91,INR,UPI,transfer,,Chennai,completed,,
TXN-BA6AEA49B32B,2026-07-26 06:28:56,ACC-0166,ACC-0525,13569.36,INR,IMPS,transfer,shopping,Pune,completed,,
TXN-6C722FFFC3EF,2026-07-26 06:39:50,ACC-0105,ACC-0292,7378.61,INR,IMPS,transfer,subscription,Mumbai,completed,,
TXN-5AB812DA72E2,2026-07-26 06:48:06,ACC-0411,ACC-0369,24875.87,INR,NEFT,transfer,fuel,Hyderabad,completed,,
TXN-C910C3AEBD24,2026-07-26 06:52:24,ACC-0580,ACC-0397,9891.66,INR,UPI,transfer,groceries,Mumbai,completed,,
TXN-ADACC7FFA7F3,2026-07-26 06:52:42,ACC-0498,ACC-0294,91016.18,INR,IMPS,transfer,shopping,Delhi,completed,,
TXN-2941CF2A741F,2026-07-26 06:53:30,ACC-0514,ACC-0292,13370.21,INR,UPI,transfer,groceries,Hyderabad,completed,,
TXN-61FB9342A894,2026-07-26 06:57:44,ACC-0253,ACC-0175,16024.55,INR,UPI,transfer,subscription,Mumbai,completed,,
TXN-F745C36D3A72,2026-07-26 06:59:04,ACC-0100,ACC-0126,16329.17,INR,UPI,transfer,medical,Pune,completed,,
TXN-80FDFC76F9A4,2026-07-26 07:04:18,ACC-0269,ACC-0466,80056.28,INR,RTGS,transfer,subscription,Pune,completed,,
TXN-F9C7F183B18A,2026-07-26 07:09:48,ACC-0505,ACC-0134,23243.23,INR,RTGS,transfer,restaurant,Bangalore,completed,,
TXN-CB46DD2CE815,2026-07-26 07:10:00,ACC-0586,ACC-0356,21987.49,INR,RTGS,transfer,shopping,Kolkata,completed,,
TXN-8F220BD854F8,2026-07-26 07:17:40,ACC-0580,ACC-0305,11617.53,INR,RTGS,transfer,shopping,Chennai,completed,,
TXN-8BFFC20C7979,2026-07-26 07:23:55,ACC-0410,ACC-0402,12887.16,INR,NEFT,transfer,fuel,Hyderabad,completed,,
TXN-D05C6E00D995,2026-07-26 07:27:10,ACC-0364,ACC-0159,18795.59,INR,IMPS,transfer,groceries,Hyderabad,completed,,
TXN-4E023A0540ED,2026-07-26 07:47:03,ACC-0433,ACC-0448,12693.09,INR,UPI,transfer,utilities,Delhi,completed,,
TXN-B15D992861F6,2026-07-26 07:51:17,ACC-0464,ACC-0148,11946.26,INR,RTGS,transfer,groceries,Mumbai,completed,,
TXN-60A6F3103E28,2026-07-26 07:52:24,ACC-0531,ACC-0131,13539.47,INR,UPI,transfer,subscription,Delhi,completed,,
TXN-874F2E2CE59C,2026-07-26 07:52:37,ACC-0262,ACC-0401,16590.45,INR,UPI,transfer,groceries,Hyderabad,completed,,
TXN-A19C22D54113,2026-07-26 08:24:52,ACC-0269,ACC-0260,96535.33,INR,NEFT,transfer,medical,Mumbai,completed,,
TXN-B313BA4FDB07,2026-07-26 08:27:20,ACC-0507,ACC-0213,13545.75,INR,UPI,transfer,fuel,Delhi,completed,,
TXN-6BA767F4A7B9,2026-07-26 08:33:06,ACC-0343,ACC-0318,23676.62,INR,IMPS,transfer,fuel,Hyderabad,completed,,
TXN-382FDEAB92D3,2026-07-26 08:44:21,ACC-0212,ACC-0580,31653.82,INR,UPI,transfer,,Hyderabad,completed,,
TXN-9E0A92418EDD,2026-07-26 09:05:25,ACC-0155,ACC-0382,31960.2,INR,NEFT,transfer,restaurant,Pune,completed,,
TXN-C4F9C1492ADC,2026-07-26 09:14:49,ACC-0592,ACC-0331,18550.24,INR,NEFT,transfer,rent,Ahmedabad,completed,,
TXN-2E29697EFD1E,2026-07-26 09:20:35,ACC-0166,ACC-A-001,15903.25,INR,UPI,transfer,medical,Kolkata,completed,,
TXN-4E7238B648ED,2026-07-26 09:20:48,ACC-0249,ACC-0424,12551.47,INR,UPI,transfer,fuel,Ahmedabad,completed,,
TXN-911C4496822D,2026-07-26 09:37:03,ACC-0546,ACC-0463,7469.75,INR,UPI,transfer,medical,Ahmedabad,completed,,
TXN-BD5C068A4DF3,2026-07-26 09:39:46,ACC-0218,ACC-0201,22272.0,INR,UPI,transfer,rent,Delhi,completed,,
TXN-74C54C2B1C19,2026-07-26 09:40:54,ACC-0143,ACC-0276,12161.17,INR,RTGS,transfer,,Delhi,completed,,
TXN-BE89C96F2B5F,2026-07-26 09:54:20,ACC-0456,ACC-0140,13350.6,INR,CASH,transfer,groceries,Ahmedabad,completed,,
TXN-78048768755D,2026-07-26 09:57:41,ACC-0110,ACC-0235,22438.83,INR,NEFT,transfer,rent,Ahmedabad,completed,,
TXN-DA3F1B49FE00,2026-07-26 10:16:28,ACC-0532,ACC-0207,19129.28,INR,RTGS,transfer,fuel,Kolkata,completed,,
TXN-2B787FC158C3,2026-07-26 10:25:06,ACC-0352,ACC-0126,14102.4,INR,UPI,transfer,shopping,Pune,completed,,
TXN-2E978B3501A8,2026-07-26 10:28:39,ACC-0535,ACC-0359,9490.66,INR,CASH,transfer,shopping,Pune,completed,,
TXN-33116EEEFB91,2026-07-26 10:32:43,ACC-0217,ACC-0529,16643.13,INR,UPI,transfer,rent,Ahmedabad,completed,,
TXN-E89450A95A6F,2026-07-26 10:39:12,ACC-0479,ACC-0475,11734.58,INR,UPI,transfer,fuel,Kolkata,completed,,
TXN-FA985DC11C63,2026-07-26 10:43:04,ACC-0537,ACC-0159,2938.47,INR,UPI,transfer,utilities,Mumbai,completed,,
TXN-AD40AC6EBE93,2026-07-26 10:49:23,ACC-0121,ACC-0169,19910.88,INR,IMPS,transfer,fuel,Bangalore,completed,,
TXN-366DDD29030B,2026-07-26 11:00:26,ACC-0290,ACC-0275,10945.24,INR,UPI,transfer,,Mumbai,completed,,
TXN-E2C52B663351,2026-07-26 11:43:54,ACC-0155,ACC-0340,1975.32,INR,RTGS,transfer,groceries,Bangalore,completed,,
TXN-E0F892DF3A4A,2026-07-26 12:03:05,ACC-0209,ACC-0160,22728.28,INR,UPI,transfer,utilities,Pune,completed,,
TXN-563BDD34B549,2026-07-26 12:06:25,ACC-0342,ACC-0267,20559.55,INR,UPI,transfer,medical,Delhi,completed,,
TXN-32C83DCDFDAF,2026-07-26 12:13:12,ACC-0498,ACC-0227,98016.44,INR,NEFT,transfer,fuel,Mumbai,completed,,
TXN-3933B8A26578,2026-07-26 12:28:41,ACC-0451,ACC-0244,20915.99,INR,IMPS,transfer,rent,Ahmedabad,completed,,
TXN-8EA525ED4A22,2026-07-26 13:08:53,ACC-0537,ACC-0297,36553.38,INR,UPI,transfer,shopping,Ahmedabad,completed,,
TXN-405406CB58B8,2026-07-26 13:16:08,ACC-0258,ACC-0334,22963.3,INR,NEFT,transfer,restaurant,Chennai,completed,,
TXN-EE66D3346C3C,2026-07-26 13:21:14,ACC-0338,ACC-0249,19851.85,INR,UPI,transfer,groceries,Mumbai,completed,,
TXN-6A4355C22389,2026-07-26 13:27:58,ACC-0256,ACC-0504,20184.01,INR,UPI,transfer,fuel,Kolkata,completed,,
TXN-FF7E53AA6722,2026-07-26 13:35:55,ACC-0571,ACC-0385,10547.48,INR,IMPS,transfer,fuel,Chennai,completed,,
TXN-FF0BFE5E6DBA,2026-07-26 14:04:20,ACC-0293,ACC-0518,74753.65,INR,UPI,transfer,medical,Mumbai,completed,,
TXN-E45AEA382E18,2026-07-26 14:18:06,ACC-0155,ACC-0324,40946.11,INR,UPI,transfer,,Bangalore,completed,,
TXN-ECDEE5739D2C,2026-07-26 14:22:36,ACC-0255,ACC-0534,12804.44,INR,UPI,transfer,utilities,Pune,completed,,
TXN-24B700571F57,2026-07-26 14:22:59,ACC-0368,ACC-0159,17642.91,INR,UPI,transfer,rent,Mumbai,completed,,
TXN-E8F6F1DE2D2F,2026-07-26 14:34:48,ACC-0364,ACC-0222,21252.74,INR,RTGS,transfer,subscription,Pune,completed,,
TXN-4DAC8F814454,2026-07-26 14:41:50,ACC-0108,ACC-0268,11663.55,INR,NEFT,transfer,subscription,Mumbai,completed,,
TXN-39D7D18117C9,2026-07-26 14:44:32,ACC-0338,ACC-0130,23308.73,INR,UPI,transfer,utilities,Delhi,completed,,
TXN-24093CEA002F,2026-07-26 14:53:51,ACC-0322,ACC-0132,13733.95,INR,UPI,transfer,restaurant,Chennai,completed,,
TXN-267D418FB903,2026-07-26 15:04:56,ACC-0433,ACC-0298,12378.85,INR,NEFT,transfer,subscription,Pune,completed,,
TXN-87D1D1DF520C,2026-07-26 15:06:14,ACC-0149,ACC-0317,19182.12,INR,RTGS,transfer,rent,Hyderabad,completed,,
TXN-BAE94B81F82A,2026-07-26 15:11:16,ACC-0351,ACC-0393,26216.64,INR,IMPS,transfer,fuel,Mumbai,completed,,
TXN-2201759C9DAF,2026-07-26 15:18:49,ACC-0230,ACC-0414,14132.86,INR,UPI,transfer,shopping,Hyderabad,completed,,
TXN-94CD5F29946E,2026-07-26 15:26:19,ACC-0291,ACC-0406,3048.7,INR,UPI,transfer,,Bangalore,completed,,
TXN-8B73C23FCA9E,2026-07-26 16:03:18,ACC-0562,ACC-0133,23017.17,INR,UPI,transfer,shopping,Mumbai,completed,,
TXN-CA81385798F0,2026-07-26 16:05:25,ACC-0539,ACC-0255,20078.47,INR,RTGS,transfer,shopping,Hyderabad,completed,,
TXN-26E2EEDBEFB9,2026-07-26 16:10:34,ACC-0359,ACC-0274,15940.97,INR,NEFT,transfer,subscription,Pune,completed,,
TXN-884C1C2921BB,2026-07-26 16:10:37,ACC-0106,ACC-0199,12784.83,INR,NEFT,transfer,,Bangalore,completed,,
TXN-87E7BF4BDFF2,2026-07-26 16:17:09,ACC-0275,ACC-0448,14043.84,INR,IMPS,transfer,restaurant,Mumbai,completed,,
TXN-F479F31C42C5,2026-07-26 16:20:36,ACC-0231,ACC-0336,20850.96,INR,IMPS,transfer,shopping,Pune,completed,,
TXN-692F48416280,2026-07-26 16:35:37,ACC-0524,ACC-0360,19359.47,INR,UPI,transfer,,Chennai,completed,,
TXN-FA8756709EAD,2026-07-26 16:48:35,ACC-0355,ACC-0478,21886.17,INR,UPI,transfer,,Delhi,completed,,
TXN-D93E8399AACC,2026-07-26 16:57:58,ACC-0458,ACC-0114,28049.08,INR,CASH,transfer,groceries,Delhi,completed,,
TXN-AE4C5D799239,2026-07-26 17:04:14,ACC-0296,ACC-0117,19998.75,INR,CASH,transfer,shopping,Kolkata,completed,,
TXN-C6B3EA8553E6,2026-07-26 17:09:19,ACC-0145,ACC-0466,25422.55,INR,NEFT,transfer,shopping,Chennai,completed,,
TXN-0A004E45F84B,2026-07-26 17:30:54,ACC-0376,ACC-0381,12648.33,INR,UPI,transfer,fuel,Chennai,completed,,
TXN-BEF6802D0CA8,2026-07-26 17:38:22,ACC-0305,ACC-0164,23287.61,INR,UPI,transfer,rent,Mumbai,completed,,
TXN-6D310C4B99B1,2026-07-26 17:41:06,ACC-0141,ACC-0116,19052.73,INR,IMPS,transfer,,Kolkata,completed,,
TXN-5BB304A0AB53,2026-07-26 17:49:57,ACC-0103,ACC-0462,11267.59,INR,NEFT,transfer,groceries,Delhi,completed,,
TXN-FA8A4AC1BC5D,2026-07-26 17:51:40,ACC-0193,ACC-0210,17688.32,INR,UPI,transfer,fuel,Chennai,completed,,
TXN-A3F6A13B7AB3,2026-07-26 17:58:37,ACC-0173,ACC-0323,19319.26,INR,RTGS,transfer,medical,Pune,completed,,
TXN-E7F60128AC03,2026-07-26 18:00:29,ACC-0483,ACC-0343,11169.53,INR,UPI,transfer,restaurant,Chennai,completed,,
TXN-7FD61BBAC8D5,2026-07-26 18:01:12,ACC-0528,ACC-0515,21686.18,INR,NEFT,transfer,restaurant,Mumbai,completed,,
TXN-FA1B74EF2B34,2026-07-26 18:21:42,ACC-0412,ACC-0335,18020.14,INR,UPI,transfer,utilities,Pune,completed,,
TXN-8C52C41FEA31,2026-07-26 18:40:54,ACC-0540,ACC-0504,24753.57,INR,IMPS,transfer,,Pune,completed,,
TXN-9F4B166A2E37,2026-07-26 18:47:43,ACC-0355,ACC-0422,24343.58,INR,NEFT,transfer,groceries,Chennai,completed,,
TXN-DF7DC8CCC101,2026-07-26 18:53:49,ACC-0338,ACC-0487,16974.6,INR,IMPS,transfer,utilities,Hyderabad,completed,,
TXN-CF07DF2B2183,2026-07-26 18:57:10,ACC-0437,ACC-0379,17221.6,INR,NEFT,transfer,fuel,Pune,completed,,
TXN-31A7B007EF52,2026-07-26 19:02:58,ACC-0535,ACC-0540,8972.27,INR,IMPS,transfer,,Mumbai,completed,,
TXN-EA6CEFAA0F99,2026-07-26 19:14:38,ACC-0466,ACC-F-001,9193.81,INR,UPI,transfer,groceries,Ahmedabad,completed,,
TXN-4C41A47F6D06,2026-07-26 19:26:52,ACC-0473,ACC-0390,1654.23,INR,IMPS,transfer,groceries,Bangalore,completed,,
TXN-8D440D199DDF,2026-07-26 19:50:36,ACC-0462,ACC-0256,13793.95,INR,UPI,transfer,,Kolkata,completed,,
TXN-E548C50F3919,2026-07-26 19:54:31,ACC-0102,ACC-0357,13891.33,INR,IMPS,transfer,subscription,Mumbai,completed,,
TXN-A92FA97889E6,2026-07-26 20:02:06,ACC-0567,ACC-0512,9517.71,INR,UPI,transfer,restaurant,Bangalore,completed,,
TXN-EAEF830B2420,2026-07-26 20:04:19,ACC-0433,ACC-0318,10361.82,INR,UPI,transfer,medical,Chennai,completed,,
TXN-04C28F2BDDE7,2026-07-26 20:05:05,ACC-0359,ACC-0187,18447.03,INR,UPI,transfer,shopping,Mumbai,completed,,
TXN-D47C1A566EE7,2026-07-26 20:10:36,ACC-0325,ACC-0233,22745.04,INR,UPI,transfer,shopping,Bangalore,completed,,
TXN-EF53421748CF,2026-07-26 20:19:38,ACC-0108,ACC-0303,29759.01,INR,IMPS,transfer,groceries,Hyderabad,completed,,
TXN-B426B764F388,2026-07-26 20:20:43,ACC-0396,ACC-0442,14003.94,INR,UPI,transfer,restaurant,Pune,completed,,
TXN-BE5E86737197,2026-07-26 21:01:03,ACC-0163,ACC-0475,12818.68,INR,UPI,transfer,medical,Ahmedabad,completed,,
TXN-2188ABC2E014,2026-07-26 21:07:08,ACC-0556,ACC-0590,15386.03,INR,RTGS,transfer,,Delhi,completed,,
TXN-5BC2B96CE3DE,2026-07-26 21:11:12,ACC-0586,ACC-0200,16901.54,INR,IMPS,transfer,,Kolkata,completed,,
TXN-2C2290FF51D5,2026-07-26 21:15:02,ACC-0159,ACC-0438,8898.84,INR,UPI,transfer,,Delhi,completed,,
TXN-9B8B47A01E92,2026-07-26 21:27:07,ACC-0283,ACC-0280,28864.81,INR,UPI,transfer,restaurant,Delhi,completed,,
TXN-3B24DC630B8A,2026-07-26 21:32:19,ACC-0109,ACC-0394,12792.08,INR,NEFT,transfer,utilities,Mumbai,completed,,
TXN-84E4BA8C5F39,2026-07-26 21:36:36,ACC-0120,ACC-0265,12970.79,INR,NEFT,transfer,restaurant,Mumbai,completed,,
TXN-DEEEA04C11D1,2026-07-26 21:38:41,ACC-0104,ACC-0499,23025.95,INR,IMPS,transfer,,Pune,completed,,
TXN-A7CEAA9229B0,2026-07-26 21:47:41,ACC-0300,ACC-0513,28612.73,INR,UPI,transfer,subscription,Ahmedabad,completed,,
TXN-0BEA7585BD97,2026-07-26 21:49:11,ACC-C-001,ACC-0145,17882.13,INR,NEFT,transfer,,Bangalore,completed,,
TXN-C9A36D98E10C,2026-07-26 22:03:53,ACC-0563,ACC-0464,20746.26,INR,IMPS,transfer,fuel,Pune,completed,,
TXN-6BE73CD9D8C9,2026-07-26 22:19:52,ACC-0140,ACC-0574,17859.06,INR,UPI,transfer,rent,Ahmedabad,completed,,
TXN-320CADADB8D6,2026-07-26 22:55:12,ACC-0592,ACC-0151,14085.66,INR,NEFT,transfer,restaurant,Mumbai,completed,,
TXN-0FF3656EC8EA,2026-07-26 23:00:48,ACC-0279,ACC-0502,11157.24,INR,UPI,transfer,,Chennai,completed,,
TXN-1FDDEE8E19B3,2026-07-26 23:04:23,ACC-0326,ACC-0267,16982.9,INR,IMPS,transfer,,Chennai,completed,,
TXN-FFDBE1E86869,2026-07-26 23:10:25,ACC-0135,ACC-0189,11059.92,INR,IMPS,transfer,medical,Delhi,completed,,
TXN-32D60F9B8463,2026-07-26 23:10:42,ACC-0303,ACC-0569,26029.9,INR,UPI,transfer,,Pune,completed,,
TXN-7637D1927886,2026-07-26 23:10:43,ACC-0104,ACC-0243,17047.77,INR,UPI,transfer,medical,Mumbai,completed,,
TXN-BD524B477799,2026-07-26 23:11:54,ACC-0414,ACC-0248,25924.13,INR,CASH,transfer,,Hyderabad,completed,,
TXN-BA925E5DB8C2,2026-07-26 23:16:36,ACC-0421,ACC-0249,11041.85,INR,NEFT,transfer,rent,Chennai,completed,,
TXN-E978041F65AF,2026-07-26 23:20:28,ACC-0349,ACC-0134,17251.94,INR,UPI,transfer,utilities,Kolkata,completed,,
TXN-38422587FB9D,2026-07-26 23:24:17,ACC-0367,ACC-0538,22540.69,INR,IMPS,transfer,medical,Mumbai,completed,,
TXN-0A48522ABE87,2026-07-26 23:27:02,ACC-0131,ACC-0585,9131.15,INR,UPI,transfer,utilities,Pune,completed,,
TXN-A24AE241FB91,2026-07-26 23:28:45,ACC-0493,ACC-0500,12267.71,INR,UPI,transfer,medical,Bangalore,completed,,
TXN-02C0D0604321,2026-07-26 23:36:54,ACC-0306,ACC-0538,13101.96,INR,UPI,transfer,subscription,Pune,completed,,
TXN-7B0D4C587208,2026-07-26 23:40:44,ACC-0483,ACC-0212,11018.89,INR,UPI,transfer,rent,Kolkata,completed,,
TXN-3F61ED3D9D69,2026-07-26 23:47:11,ACC-0268,ACC-0567,14980.59,INR,NEFT,transfer,utilities,Hyderabad,completed,,
TXN-67AF32E46052,2026-07-26 23:49:51,ACC-0448,ACC-0398,17058.79,INR,UPI,transfer,utilities,Bangalore,completed,,
TXN-BE79426E7421,2026-07-26 23:50:01,ACC-0389,ACC-0349,11947.52,INR,RTGS,transfer,fuel,Kolkata,completed,,
TXN-CC74F9ED2BBF,2026-07-26 23:50:31,ACC-0318,ACC-0337,25740.35,INR,NEFT,transfer,rent,Chennai,completed,,
TXN-5F4BC6645ED4,2026-07-27 00:15:46,ACC-0210,ACC-0144,21969.81,INR,RTGS,transfer,shopping,Kolkata,completed,,
TXN-5C42EF2E6931,2026-07-27 00:16:33,ACC-0532,ACC-0455,23982.33,INR,IMPS,transfer,restaurant,Ahmedabad,completed,,
TXN-E5B061F106B9,2026-07-27 00:25:30,ACC-0178,ACC-0124,13737.41,INR,NEFT,transfer,rent,Pune,completed,,
TXN-5271907AD48D,2026-07-27 00:45:41,ACC-0496,ACC-0463,11580.74,INR,UPI,transfer,fuel,Bangalore,completed,,
TXN-3A15C3294FA0,2026-07-27 01:29:18,ACC-0564,ACC-0123,13981.12,INR,UPI,transfer,,Mumbai,completed,,
TXN-2106882F336D,2026-07-27 01:56:04,ACC-0148,ACC-0590,17694.32,INR,UPI,transfer,,Ahmedabad,completed,,
TXN-3B18F4EBEBCD,2026-07-27 02:00:42,ACC-0472,ACC-0250,67581.51,INR,UPI,transfer,utilities,Bangalore,completed,,
TXN-91713561C345,2026-07-27 02:01:38,ACC-0164,ACC-0266,52204.09,INR,NEFT,transfer,subscription,Chennai,completed,,
TXN-D0685458C1D0,2026-07-27 02:01:57,ACC-0451,ACC-0317,20692.72,INR,UPI,transfer,utilities,Kolkata,completed,,
TXN-5C5BA095209F,2026-07-27 02:18:58,ACC-0351,ACC-G-001,16828.51,INR,IMPS,transfer,,Bangalore,completed,,
TXN-60F4685B1319,2026-07-27 02:19:46,ACC-0139,ACC-0342,22530.73,INR,CASH,transfer,rent,Pune,completed,,
TXN-E912BA48E650,2026-07-27 02:28:38,ACC-0413,ACC-0203,15249.61,INR,NEFT,transfer,restaurant,Kolkata,completed,,
TXN-BBF9819E35C0,2026-07-27 02:49:21,ACC-0328,ACC-0282,1518.23,INR,UPI,transfer,shopping,Pune,completed,,
TXN-A3BACE251FDB,2026-07-27 02:51:09,ACC-0424,ACC-0121,26280.01,INR,NEFT,transfer,utilities,Chennai,completed,,
TXN-10E9091AC7A3,2026-07-27 03:17:27,ACC-D-001,ACC-0516,21974.62,INR,NEFT,transfer,utilities,Kolkata,completed,,
TXN-3D3DA86B6302,2026-07-27 03:41:46,ACC-0441,ACC-0520,31915.97,INR,IMPS,transfer,groceries,Chennai,completed,,
TXN-B17ED2A81B61,2026-07-27 03:44:44,ACC-0524,ACC-0102,22381.96,INR,NEFT,transfer,subscription,Mumbai,completed,,
TXN-9B0B4BE8E9A2,2026-07-27 03:51:03,ACC-0232,ACC-0285,18168.61,INR,IMPS,transfer,utilities,Mumbai,completed,,
TXN-FDA10CDFFC9B,2026-07-27 03:58:19,ACC-0170,ACC-0359,18483.33,INR,IMPS,transfer,,Kolkata,completed,,
TXN-157A7EA34979,2026-07-27 04:04:17,ACC-D-001,ACC-0558,22665.25,INR,RTGS,transfer,restaurant,Bangalore,completed,,
TXN-C1A9584A586B,2026-07-27 04:04:28,ACC-0302,ACC-0200,13311.78,INR,UPI,transfer,,Ahmedabad,completed,,
TXN-743BB4D6C970,2026-07-27 04:24:53,ACC-0166,ACC-0514,15728.79,INR,UPI,transfer,,Chennai,completed,,
TXN-7EC9EB5EFC4B,2026-07-27 04:27:22,ACC-0263,ACC-0122,11959.33,INR,NEFT,transfer,subscription,Kolkata,completed,,
TXN-0FC1942A4B50,2026-07-27 04:28:48,ACC-0277,ACC-0445,23326.47,INR,NEFT,transfer,medical,Kolkata,completed,,
TXN-B9375BA85F6D,2026-07-27 04:37:00,ACC-0111,ACC-0155,10542.58,INR,UPI,transfer,fuel,Bangalore,completed,,
TXN-526524F35ABC,2026-07-27 04:53:51,ACC-0404,ACC-0195,12895.01,INR,NEFT,transfer,shopping,Ahmedabad,completed,,
TXN-F43FF96A0E1A,2026-07-27 05:01:07,ACC-0247,ACC-0335,10412.34,INR,CASH,transfer,utilities,Hyderabad,completed,,
TXN-3C5BD1B0B088,2026-07-27 05:31:34,ACC-0116,ACC-0493,37539.31,INR,CASH,transfer,,Hyderabad,completed,,
TXN-FC120FF673E3,2026-07-27 05:42:49,ACC-0330,ACC-0490,20830.75,INR,RTGS,transfer,,Chennai,completed,,
TXN-FCBCDBCAC754,2026-07-27 06:17:33,ACC-0374,ACC-0431,22159.83,INR,RTGS,transfer,subscription,Bangalore,completed,,
TXN-20CC339477C4,2026-07-27 06:18:12,ACC-0159,ACC-0382,11814.41,INR,NEFT,transfer,subscription,Delhi,completed,,
TXN-29FAB964039E,2026-07-27 06:26:41,ACC-0589,ACC-0388,29852.97,INR,UPI,transfer,fuel,Kolkata,completed,,
TXN-3E653EDA6CEE,2026-07-27 06:47:50,ACC-0154,ACC-0168,136861.0,INR,CASH,transfer,medical,Chennai,completed,,
TXN-1DED14A2DB6A,2026-07-27 07:05:14,ACC-0355,ACC-0223,15896.99,INR,UPI,transfer,utilities,Delhi,completed,,
TXN-98D64DF11DB9,2026-07-27 07:24:10,ACC-0338,ACC-0438,16028.54,INR,UPI,transfer,utilities,Pune,completed,,
TXN-4A9295E8CDCB,2026-07-27 07:48:05,ACC-0336,ACC-0522,11971.94,INR,UPI,transfer,restaurant,Pune,completed,,
TXN-FE69AFBD431E,2026-07-27 07:54:28,ACC-0100,ACC-0246,40392.06,INR,CASH,transfer,,Ahmedabad,completed,,
TXN-CDDD9071A56E,2026-07-27 08:21:25,ACC-0481,ACC-0317,17446.87,INR,IMPS,transfer,rent,Chennai,completed,,
TXN-937E5FED6978,2026-07-27 08:31:13,ACC-0538,ACC-0428,109868.02,INR,NEFT,transfer,fuel,Pune,completed,,
TXN-19A4913EC61C,2026-07-27 08:32:50,ACC-0122,ACC-0433,61374.18,INR,UPI,transfer,fuel,Delhi,completed,,
TXN-3B48107CB604,2026-07-27 08:42:15,ACC-0213,ACC-0318,12469.7,INR,NEFT,transfer,rent,Kolkata,completed,,
TXN-833B29D1374E,2026-07-27 08:42:32,ACC-0348,ACC-0109,70275.2,INR,NEFT,transfer,medical,Pune,completed,,
TXN-E52D1B9CACE9,2026-07-27 09:09:17,ACC-0185,ACC-0346,12328.73,INR,UPI,transfer,fuel,Ahmedabad,completed,,
TXN-AF20A1959098,2026-07-27 09:21:29,ACC-0463,ACC-0195,12794.54,INR,UPI,transfer,,Chennai,completed,,
TXN-9EB0E42532AA,2026-07-27 09:22:49,ACC-0567,ACC-0369,11081.34,INR,IMPS,transfer,medical,Bangalore,completed,,
TXN-B23D2A63C367,2026-07-27 09:47:28,ACC-0506,ACC-0398,9185.17,INR,UPI,transfer,groceries,Kolkata,completed,,
TXN-90D3DCCFF155,2026-07-27 09:58:17,ACC-0278,ACC-0417,19237.27,INR,UPI,transfer,,Kolkata,completed,,
TXN-24C70FA1E0CF,2026-07-27 10:09:24,ACC-0388,ACC-0206,81583.07,INR,UPI,transfer,shopping,Bangalore,completed,,
TXN-7D94651CFEE6,2026-07-27 10:11:01,ACC-0304,ACC-0439,14837.75,INR,UPI,transfer,shopping,Kolkata,completed,,
TXN-F9F115C4F16C,2026-07-27 10:30:06,ACC-0173,ACC-0161,23749.91,INR,UPI,transfer,utilities,Kolkata,completed,,
TXN-52D3D3351558,2026-07-27 10:30:13,ACC-0164,ACC-0505,14817.72,INR,UPI,transfer,,Ahmedabad,completed,,
TXN-8557A9AACEA0,2026-07-27 10:43:35,ACC-0288,ACC-0242,16652.32,INR,UPI,transfer,,Mumbai,completed,,
TXN-E18E8DF088C1,2026-07-27 11:10:51,ACC-0122,ACC-0264,66560.1,INR,RTGS,transfer,,Ahmedabad,completed,,
TXN-D29F05E9F6D9,2026-07-27 11:12:56,ACC-0192,ACC-0585,82157.54,INR,UPI,transfer,fuel,Chennai,completed,,
TXN-E3553F4A9D87,2026-07-27 11:20:19,ACC-0189,ACC-0421,23941.8,INR,NEFT,transfer,rent,Hyderabad,completed,,
TXN-4626AE3321B9,2026-07-27 11:31:26,ACC-0537,ACC-0328,41019.4,INR,UPI,transfer,groceries,Kolkata,completed,,
TXN-D313B583C392,2026-07-27 12:08:08,ACC-0106,ACC-0212,12009.63,INR,UPI,transfer,utilities,Kolkata,completed,,
TXN-5B47DB352037,2026-07-27 12:19:03,ACC-0581,ACC-0216,21921.04,INR,NEFT,transfer,,Bangalore,completed,,
TXN-4582148E060F,2026-07-27 12:22:13,ACC-0344,ACC-0542,29425.95,INR,NEFT,transfer,groceries,Mumbai,completed,,
TXN-AE9D04B2B4FD,2026-07-27 12:23:42,ACC-0470,ACC-0519,10979.96,INR,UPI,transfer,groceries,Ahmedabad,completed,,
TXN-689A02A72E50,2026-07-27 12:59:44,ACC-0259,ACC-0574,739.93,INR,UPI,transfer,medical,Chennai,completed,,
TXN-F711A3D711E3,2026-07-27 13:08:07,ACC-0424,ACC-0137,9417.85,INR,NEFT,transfer,,Hyderabad,completed,,
TXN-18880F1BC20F,2026-07-27 13:12:36,ACC-0149,ACC-0488,16362.45,INR,RTGS,transfer,restaurant,Bangalore,completed,,
TXN-F2D82BC6CC59,2026-07-27 13:32:41,ACC-0501,ACC-0435,49275.83,INR,UPI,transfer,utilities,Mumbai,completed,,
TXN-026E9A6E9BFD,2026-07-27 13:36:47,ACC-0315,ACC-0433,3460.2,INR,NEFT,transfer,medical,Bangalore,completed,,
TXN-D51429FA3044,2026-07-27 13:47:22,ACC-0571,ACC-0275,11197.01,INR,IMPS,transfer,medical,Kolkata,completed,,
TXN-3DA66F810192,2026-07-27 13:49:47,ACC-0363,ACC-0431,72787.4,INR,NEFT,transfer,rent,Kolkata,completed,,
TXN-66278C0F8FF8,2026-07-27 13:57:43,ACC-0436,ACC-0281,21596.54,INR,NEFT,transfer,utilities,Kolkata,completed,,
TXN-D00650332538,2026-07-27 14:03:43,ACC-0592,ACC-0487,19123.6,INR,UPI,transfer,subscription,Chennai,completed,,
TXN-E8F48CC10F19,2026-07-27 14:06:13,ACC-0166,ACC-0528,19107.19,INR,UPI,transfer,groceries,Bangalore,completed,,
TXN-BA0E8AF64389,2026-07-27 14:07:26,ACC-0349,ACC-0545,18592.31,INR,NEFT,transfer,medical,Chennai,completed,,
TXN-DDE4DC4DFB9C,2026-07-27 14:12:36,ACC-0183,ACC-0240,69324.22,INR,RTGS,transfer,rent,Kolkata,completed,,
TXN-309BBE9A0C33,2026-07-27 14:13:17,ACC-0510,ACC-0514,16281.96,INR,NEFT,transfer,subscription,Mumbai,completed,,
TXN-337D7F22D208,2026-07-27 14:15:55,ACC-C-001,ACC-0474,21480.24,INR,UPI,transfer,rent,Delhi,completed,,
TXN-54D3A710C7F2,2026-07-27 14:32:05,ACC-0416,ACC-0304,17735.48,INR,NEFT,transfer,fuel,Chennai,completed,,
TXN-5D7E5E046CE3,2026-07-27 15:00:25,ACC-0477,ACC-0224,28271.63,INR,UPI,transfer,subscription,Bangalore,completed,,
TXN-F64AE0D647FD,2026-07-27 15:21:49,ACC-0192,ACC-0553,69327.09,INR,IMPS,transfer,groceries,Delhi,completed,,
TXN-87F3FB7A1052,2026-07-27 15:25:04,ACC-0198,ACC-0444,18459.91,INR,IMPS,transfer,medical,Ahmedabad,completed,,
TXN-DAD49D8B82D0,2026-07-27 15:53:28,ACC-0474,ACC-0166,23409.87,INR,UPI,transfer,fuel,Mumbai,completed,,
TXN-E1FB1D97FEC8,2026-07-27 15:53:56,ACC-0344,ACC-0450,17074.79,INR,RTGS,transfer,,Kolkata,completed,,
TXN-5833EED27CA9,2026-07-27 16:10:11,ACC-0462,ACC-0400,21433.81,INR,NEFT,transfer,fuel,Bangalore,completed,,
TXN-15527C2F9445,2026-07-27 16:12:20,ACC-0268,ACC-0535,12783.77,INR,IMPS,transfer,restaurant,Ahmedabad,completed,,
TXN-EB5206AA91E6,2026-07-27 16:22:39,ACC-0205,ACC-0313,585.27,INR,IMPS,transfer,shopping,Mumbai,completed,,
TXN-A0BDC505BAD5,2026-07-27 16:56:01,ACC-0279,ACC-0257,12666.3,INR,NEFT,transfer,rent,Delhi,completed,,
TXN-270F724D18DF,2026-07-27 16:58:56,ACC-0119,ACC-0362,10356.72,INR,IMPS,transfer,shopping,Delhi,completed,,
TXN-D984E73CBD52,2026-07-27 17:12:52,ACC-0429,ACC-0550,26134.91,INR,UPI,transfer,rent,Delhi,completed,,
TXN-77C38834E048,2026-07-27 17:23:39,ACC-0430,ACC-0519,21166.25,INR,UPI,transfer,medical,Pune,completed,,
TXN-B9CDBD05E314,2026-07-27 17:25:35,ACC-0585,ACC-0492,17770.31,INR,UPI,transfer,groceries,Kolkata,completed,,
TXN-A10884DD6936,2026-07-27 17:29:38,ACC-0185,ACC-0501,10552.61,INR,NEFT,transfer,,Chennai,completed,,
TXN-F69118E78993,2026-07-27 17:59:19,ACC-0384,ACC-0550,18663.69,INR,UPI,transfer,groceries,Hyderabad,completed,,
TXN-DEF202B27BD0,2026-07-27 18:17:51,ACC-0146,ACC-0289,9132.54,INR,IMPS,transfer,,Bangalore,completed,,
TXN-00A799DD67C6,2026-07-27 18:29:40,ACC-0324,ACC-0178,13435.05,INR,UPI,transfer,groceries,Ahmedabad,completed,,
TXN-9D2AE1BD42C2,2026-07-27 18:33:03,ACC-0537,ACC-0294,8840.89,INR,IMPS,transfer,utilities,Mumbai,completed,,
TXN-43302EDE4957,2026-07-27 18:48:38,ACC-0116,ACC-0451,5136.15,INR,UPI,transfer,groceries,Mumbai,completed,,
TXN-F58643F5D9B4,2026-07-27 18:59:35,ACC-0530,ACC-0265,19861.8,INR,NEFT,transfer,fuel,Kolkata,completed,,
TXN-DC2495BF2D4D,2026-07-27 19:48:38,ACC-0227,ACC-0538,19151.16,INR,NEFT,transfer,subscription,Delhi,completed,,
TXN-800BA5F4976C,2026-07-27 20:16:07,ACC-0375,ACC-0271,10513.36,INR,NEFT,transfer,,Kolkata,completed,,
TXN-35A06B8D3C9A,2026-07-27 20:30:54,ACC-0175,ACC-0362,21938.93,INR,IMPS,transfer,shopping,Mumbai,completed,,
TXN-67DA8D273D9A,2026-07-27 20:49:24,ACC-0588,ACC-0182,42182.62,INR,NEFT,transfer,fuel,Mumbai,completed,,
TXN-B1D1AB96540D,2026-07-27 21:00:36,ACC-0139,ACC-0318,25598.49,INR,UPI,transfer,fuel,Pune,completed,,
TXN-12FDFF7B0846,2026-07-27 21:00:53,ACC-0517,ACC-0115,16161.32,INR,UPI,transfer,shopping,Mumbai,completed,,
TXN-3DCCFCDABE74,2026-07-27 21:05:29,ACC-0292,ACC-0218,69500.54,INR,UPI,transfer,utilities,Ahmedabad,completed,,
TXN-D4BDD639382D,2026-07-27 21:06:55,ACC-0393,ACC-0528,22846.46,INR,UPI,transfer,subscription,Bangalore,completed,,
TXN-D55A50445E11,2026-07-27 21:16:05,ACC-0133,ACC-0142,23380.63,INR,IMPS,transfer,fuel,Bangalore,completed,,
TXN-5D9FD60EA9E6,2026-07-27 21:16:07,ACC-0374,ACC-0385,28968.62,INR,CASH,transfer,shopping,Mumbai,completed,,
TXN-D8B82AB0C00D,2026-07-27 21:17:14,ACC-0141,ACC-0299,19897.78,INR,UPI,transfer,medical,Delhi,completed,,
TXN-406F24207D31,2026-07-27 21:35:00,ACC-0451,ACC-0465,19727.51,INR,NEFT,transfer,restaurant,Kolkata,completed,,
TXN-21F31B7E10CE,2026-07-27 21:37:24,ACC-0523,ACC-0551,14547.3,INR,UPI,transfer,subscription,Kolkata,completed,,
TXN-C471FA49313B,2026-07-27 22:02:58,ACC-0567,ACC-0443,10997.48,INR,IMPS,transfer,medical,Ahmedabad,completed,,
TXN-7DC5DA913CC7,2026-07-27 22:10:45,ACC-0432,ACC-0461,16391.79,INR,UPI,transfer,restaurant,Mumbai,completed,,
TXN-63C54A5594AE,2026-07-27 22:31:28,ACC-0470,ACC-0399,12598.83,INR,UPI,transfer,,Mumbai,completed,,
TXN-DA91FB10A897,2026-07-27 22:35:08,ACC-0480,ACC-0405,13875.57,INR,UPI,transfer,restaurant,Hyderabad,completed,,
TXN-9637A0F94890,2026-07-27 22:44:09,ACC-0543,ACC-0306,30648.7,INR,IMPS,transfer,subscription,Bangalore,completed,,
TXN-050D69E86DB5,2026-07-27 22:46:04,ACC-0493,ACC-0328,10216.55,INR,IMPS,transfer,groceries,Pune,completed,,
TXN-7F7B85DA5E6A,2026-07-27 22:50:35,ACC-0179,ACC-0578,18993.84,INR,CASH,transfer,medical,Hyderabad,completed,,
TXN-864391C548D4,2026-07-27 22:55:42,ACC-0477,ACC-0119,12439.96,INR,UPI,transfer,,Kolkata,completed,,
TXN-4911C72D3A7C,2026-07-27 23:03:46,ACC-0172,ACC-0184,14063.77,INR,IMPS,transfer,fuel,Delhi,completed,,
TXN-1F8DD93A0325,2026-07-27 23:31:57,ACC-0161,ACC-0399,22412.99,INR,UPI,transfer,subscription,Delhi,completed,,
TXN-44827919459D,2026-07-27 23:32:04,ACC-0430,ACC-0243,23560.99,INR,UPI,transfer,medical,Chennai,completed,,
TXN-2CF30CE4A9CB,2026-07-27 23:50:22,ACC-0581,ACC-0215,25012.53,INR,UPI,transfer,restaurant,Delhi,completed,,
TXN-8B5181E35FE7,2026-07-27 23:53:24,ACC-0251,ACC-0458,12262.93,INR,IMPS,transfer,fuel,Delhi,completed,,
TXN-52A30E8E519E,2026-07-28 00:10:30,ACC-0504,ACC-0536,15241.33,INR,UPI,transfer,rent,Chennai,completed,,
TXN-924D6EFF90A2,2026-07-28 00:13:05,ACC-0509,ACC-0125,14773.43,INR,IMPS,transfer,groceries,Hyderabad,completed,,
TXN-97EDDFB0BE77,2026-07-28 00:15:43,ACC-0518,ACC-0363,21399.2,INR,NEFT,transfer,utilities,Kolkata,completed,,
TXN-37F627C353A0,2026-07-28 00:20:47,ACC-0432,ACC-0258,16121.03,INR,IMPS,transfer,,Bangalore,completed,,
TXN-94C7B7D20F94,2026-07-28 00:22:54,ACC-0340,ACC-0153,19799.05,INR,UPI,transfer,shopping,Chennai,completed,,
TXN-5A4D88D146FE,2026-07-28 00:29:19,ACC-0383,ACC-0317,43549.07,INR,NEFT,transfer,subscription,Delhi,completed,,
TXN-157C9DADC389,2026-07-28 00:30:02,ACC-0497,ACC-0324,23497.56,INR,NEFT,transfer,,Mumbai,completed,,
TXN-3CFA2C08829C,2026-07-28 00:39:18,ACC-0377,ACC-0459,21375.49,INR,IMPS,transfer,,Hyderabad,completed,,
TXN-088B4EB6BB43,2026-07-28 00:41:20,ACC-0529,ACC-0334,24800.32,INR,NEFT,transfer,,Pune,completed,,
TXN-80E520640275,2026-07-28 00:54:25,ACC-0367,ACC-0535,16671.75,INR,IMPS,transfer,subscription,Chennai,completed,,
TXN-2A78B7EF6758,2026-07-28 01:01:24,ACC-0463,ACC-0353,11706.91,INR,UPI,transfer,fuel,Ahmedabad,completed,,
TXN-BA177B5AA8C3,2026-07-28 01:08:58,ACC-0520,ACC-0455,3763.53,INR,UPI,transfer,subscription,Hyderabad,completed,,
TXN-D2694D80768C,2026-07-28 01:13:52,ACC-0583,ACC-0511,21077.18,INR,UPI,transfer,groceries,Hyderabad,completed,,
TXN-DEA5F9D94446,2026-07-28 01:18:26,ACC-0262,ACC-0116,15880.75,INR,NEFT,transfer,,Chennai,completed,,
TXN-74977DE63B1C,2026-07-28 01:21:45,ACC-0227,ACC-0415,18051.19,INR,CASH,transfer,rent,Ahmedabad,completed,,
TXN-E75E6F28303B,2026-07-28 01:43:40,ACC-0152,ACC-0100,19647.64,INR,UPI,transfer,utilities,Kolkata,completed,,
TXN-89171B1C3723,2026-07-28 01:44:45,ACC-0281,ACC-0107,13716.44,INR,UPI,transfer,groceries,Ahmedabad,completed,,
TXN-7AC7CF69CE92,2026-07-28 01:47:13,ACC-0440,ACC-0592,17947.15,INR,UPI,transfer,groceries,Bangalore,completed,,
TXN-E7C80AE73F12,2026-07-28 01:49:14,ACC-0125,ACC-0582,17123.39,INR,CASH,transfer,groceries,Pune,completed,,
TXN-C346DDB28372,2026-07-28 01:49:40,ACC-0397,ACC-0159,18148.13,INR,UPI,transfer,,Bangalore,completed,,
TXN-B3F447BCE001,2026-07-28 01:56:48,ACC-0228,ACC-0419,24050.55,INR,RTGS,transfer,subscription,Delhi,completed,,
TXN-4C2DB31846C8,2026-07-28 02:10:23,ACC-0527,ACC-0107,21814.03,INR,IMPS,transfer,rent,Mumbai,completed,,
TXN-5A335F47E161,2026-07-28 02:18:28,ACC-0526,ACC-0170,15295.31,INR,UPI,transfer,,Kolkata,completed,,
TXN-B4E1422F6F20,2026-07-28 02:19:40,ACC-0391,ACC-0259,20797.7,INR,UPI,transfer,subscription,Kolkata,completed,,
TXN-F51F99451DBF,2026-07-28 02:19:46,ACC-0416,ACC-0506,14807.2,INR,UPI,transfer,,Delhi,completed,,
TXN-D250FB031B02,2026-07-28 02:26:04,ACC-0527,ACC-0327,24767.6,INR,UPI,transfer,subscription,Mumbai,completed,,
TXN-77119E54A7BB,2026-07-28 02:34:23,ACC-0407,ACC-0536,8851.7,INR,UPI,transfer,fuel,Chennai,completed,,
TXN-209F5AA83A7F,2026-07-28 02:34:55,ACC-0492,ACC-0214,52576.21,INR,UPI,transfer,groceries,Bangalore,completed,,
TXN-3625D648C35F,2026-07-28 02:48:42,ACC-0357,ACC-0391,12826.51,INR,UPI,transfer,,Mumbai,completed,,
TXN-1C5BF0F0214A,2026-07-28 03:04:14,ACC-0347,ACC-0299,29231.67,INR,RTGS,transfer,,Mumbai,completed,,
TXN-ACAE20D84979,2026-07-28 03:11:24,ACC-0525,ACC-0484,17975.06,INR,IMPS,transfer,rent,Pune,completed,,
TXN-25C44B59C335,2026-07-28 03:15:42,ACC-0391,ACC-0185,15096.94,INR,UPI,transfer,subscription,Pune,completed,,
TXN-E6B5FA4F4736,2026-07-28 03:42:38,ACC-0534,ACC-0186,11920.34,INR,UPI,transfer,,Ahmedabad,completed,,
TXN-EA65EBA16E49,2026-07-28 03:45:35,ACC-0387,ACC-0373,19348.83,INR,NEFT,transfer,fuel,Mumbai,completed,,
TXN-CF4C816142EE,2026-07-28 03:51:31,ACC-0479,ACC-0243,11691.21,INR,UPI,transfer,,Bangalore,completed,,
TXN-4B2447F4072D,2026-07-28 04:06:32,ACC-0412,ACC-0577,21351.83,INR,NEFT,transfer,,Kolkata,completed,,
TXN-310122AE464E,2026-07-28 04:11:36,ACC-0577,ACC-0129,11903.72,INR,RTGS,transfer,,Hyderabad,completed,,
TXN-E4A49B26F3CE,2026-07-28 04:12:05,ACC-0415,ACC-0193,23072.83,INR,NEFT,transfer,medical,Bangalore,completed,,
TXN-DDFFD51F165B,2026-07-28 05:01:06,ACC-0108,ACC-0243,15908.83,INR,UPI,transfer,subscription,Chennai,completed,,
TXN-6830EC41F264,2026-07-28 05:02:22,ACC-0176,ACC-0447,63638.42,INR,RTGS,transfer,shopping,Delhi,completed,,
TXN-723AAE5CD3FA,2026-07-28 05:04:39,ACC-0367,ACC-0133,20819.04,INR,RTGS,transfer,groceries,Hyderabad,completed,,
TXN-627CD7C5B2A2,2026-07-28 05:25:11,ACC-0365,ACC-0261,12960.81,INR,NEFT,transfer,groceries,Kolkata,completed,,
TXN-1A2785B172BF,2026-07-28 05:39:49,ACC-0328,ACC-0152,5558.77,INR,RTGS,transfer,subscription,Pune,completed,,
TXN-0372A410EC80,2026-07-28 05:41:08,ACC-0546,ACC-0584,96155.28,INR,IMPS,transfer,utilities,Hyderabad,completed,,
TXN-03BFEB637152,2026-07-28 05:59:39,ACC-0570,ACC-0429,9990.49,INR,UPI,transfer,,Kolkata,completed,,
TXN-5066A76FC80F,2026-07-28 06:00:57,ACC-0260,ACC-0321,17799.54,INR,UPI,transfer,shopping,Chennai,completed,,
TXN-54B2F6961019,2026-07-28 06:03:30,ACC-0562,ACC-0589,19665.13,INR,IMPS,transfer,utilities,Hyderabad,completed,,
TXN-176496D81797,2026-07-28 06:03:39,ACC-0477,ACC-0429,27019.73,INR,NEFT,transfer,,Delhi,completed,,
TXN-9CED1FB5112E,2026-07-28 06:04:38,ACC-0286,ACC-0530,18460.23,INR,IMPS,transfer,fuel,Mumbai,completed,,
TXN-68096FE2CF54,2026-07-28 06:28:44,ACC-0573,ACC-0563,57994.1,INR,RTGS,transfer,groceries,Pune,completed,,
TXN-3C5BFF6357FA,2026-07-28 06:30:11,ACC-0113,ACC-0309,10341.44,INR,NEFT,transfer,,Chennai,completed,,
TXN-B76F98B2DFE2,2026-07-28 06:40:09,ACC-0556,ACC-0542,26735.71,INR,NEFT,transfer,fuel,Pune,completed,,
TXN-194EBBADDBCB,2026-07-28 06:49:28,ACC-0452,ACC-0521,19947.45,INR,UPI,transfer,utilities,Kolkata,completed,,
TXN-5790CEF7651A,2026-07-28 07:03:11,ACC-0487,ACC-0493,16253.97,INR,UPI,transfer,,Hyderabad,completed,,
TXN-EBF3AA34B202,2026-07-28 07:42:53,ACC-0128,ACC-0459,16680.49,INR,UPI,transfer,medical,Bangalore,completed,,
TXN-013EB5A3F690,2026-07-28 07:44:29,ACC-0543,ACC-0304,19140.31,INR,UPI,transfer,subscription,Ahmedabad,completed,,
TXN-A9F8D38680D5,2026-07-28 07:48:54,ACC-0152,ACC-0142,22927.48,INR,IMPS,transfer,restaurant,Delhi,completed,,
TXN-FA581B4D509D,2026-07-28 07:54:40,ACC-0371,ACC-0148,19023.68,INR,UPI,transfer,,Chennai,completed,,
TXN-8A7159B57703,2026-07-28 07:58:16,ACC-0324,ACC-0121,13169.02,INR,RTGS,transfer,restaurant,Hyderabad,completed,,
TXN-EE5CEC6FE7DC,2026-07-28 08:14:15,ACC-0438,ACC-0556,50963.23,INR,UPI,transfer,shopping,Pune,completed,,
TXN-416F2CF4D0DC,2026-07-28 08:28:53,ACC-0435,ACC-0583,17668.49,INR,RTGS,transfer,,Chennai,completed,,
TXN-3DB96F4A8D9A,2026-07-28 08:38:27,ACC-0573,ACC-0147,4436.95,INR,UPI,transfer,rent,Delhi,completed,,
TXN-961F7979A8D9,2026-07-28 08:45:09,ACC-0344,ACC-0553,14270.35,INR,UPI,transfer,,Kolkata,completed,,
TXN-61FFDEC5B184,2026-07-28 08:59:41,ACC-0322,ACC-G-001,6948.64,INR,UPI,transfer,utilities,Pune,completed,,
TXN-34637E63A6A6,2026-07-28 09:13:10,ACC-0470,ACC-0217,10533.67,INR,UPI,transfer,shopping,Chennai,completed,,
TXN-0018E2DC1675,2026-07-28 09:28:54,ACC-0381,ACC-0416,12299.72,INR,NEFT,transfer,medical,Bangalore,completed,,
TXN-A506FA70BF51,2026-07-28 09:46:53,ACC-0151,ACC-0363,45059.59,INR,NEFT,transfer,groceries,Hyderabad,completed,,
TXN-187CAACF0EF8,2026-07-28 09:55:44,ACC-0193,ACC-0242,19207.22,INR,UPI,transfer,,Pune,completed,,
TXN-5F66F44D98DA,2026-07-28 10:25:15,ACC-0434,ACC-0293,2425.03,INR,UPI,transfer,restaurant,Kolkata,completed,,
TXN-0D16043A01E9,2026-07-28 10:36:45,ACC-0247,ACC-0147,12433.09,INR,NEFT,transfer,restaurant,Chennai,completed,,
TXN-233F908FD74A,2026-07-28 10:41:45,ACC-0344,ACC-0238,4159.75,INR,UPI,transfer,subscription,Delhi,completed,,
TXN-460A7F021A6F,2026-07-28 11:04:15,ACC-0322,ACC-0480,1112.35,INR,CASH,transfer,fuel,Mumbai,completed,,
TXN-E833DA9E15EA,2026-07-28 11:07:56,ACC-0525,ACC-0192,1375.71,INR,UPI,transfer,rent,Chennai,completed,,
TXN-EC7D4CA28520,2026-07-28 11:10:47,ACC-0265,ACC-0232,20592.36,INR,IMPS,transfer,fuel,Kolkata,completed,,
TXN-F873BACEA5D1,2026-07-28 11:23:13,ACC-0387,ACC-0323,18852.82,INR,UPI,transfer,subscription,Chennai,completed,,
TXN-C8CD6361DAE7,2026-07-28 11:27:21,ACC-0511,ACC-0275,12535.67,INR,IMPS,transfer,utilities,Pune,completed,,
TXN-0230604AFAC5,2026-07-28 11:36:34,ACC-0122,ACC-0373,116787.99,INR,NEFT,transfer,utilities,Mumbai,completed,,
TXN-C435444DE226,2026-07-28 11:47:14,ACC-0353,ACC-0239,21292.32,INR,IMPS,transfer,fuel,Hyderabad,completed,,
TXN-31D470E8563F,2026-07-28 12:03:59,ACC-0377,ACC-0126,8073.0,INR,IMPS,transfer,medical,Ahmedabad,completed,,
TXN-88B964C9AD88,2026-07-28 12:24:41,ACC-0540,ACC-D-001,15224.3,INR,RTGS,transfer,,Ahmedabad,completed,,
TXN-E8BE58759D9E,2026-07-28 12:28:52,ACC-0152,ACC-0242,15282.52,INR,IMPS,transfer,medical,Chennai,completed,,
TXN-BC40E7EA4288,2026-07-28 12:29:21,ACC-0222,ACC-0417,51231.83,INR,IMPS,transfer,fuel,Chennai,completed,,
TXN-B440210D86D1,2026-07-28 12:39:21,ACC-0502,ACC-0479,15382.55,INR,UPI,transfer,medical,Hyderabad,completed,,
TXN-A883BD2ACBE7,2026-07-28 12:44:02,ACC-0351,ACC-0565,25556.1,INR,UPI,transfer,fuel,Chennai,completed,,
TXN-DA86AF5F744E,2026-07-28 12:59:07,ACC-0441,ACC-0297,91750.16,INR,NEFT,transfer,utilities,Mumbai,completed,,
TXN-1861915F2965,2026-07-28 13:07:59,ACC-0284,ACC-0158,13164.17,INR,RTGS,transfer,utilities,Mumbai,completed,,
TXN-A4DAE18B8F5C,2026-07-28 13:25:32,ACC-0236,ACC-0371,19655.72,INR,NEFT,transfer,fuel,Ahmedabad,completed,,
TXN-721CC9F22B1D,2026-07-28 13:27:32,ACC-0489,ACC-0145,12128.53,INR,IMPS,transfer,rent,Delhi,completed,,
TXN-CBC0A0EDF399,2026-07-28 13:40:50,ACC-0350,ACC-0364,12915.73,INR,UPI,transfer,fuel,Mumbai,completed,,
TXN-CC9121F5B241,2026-07-28 13:41:39,ACC-0249,ACC-0150,12022.03,INR,UPI,transfer,restaurant,Kolkata,completed,,
TXN-E27AE57C595A,2026-07-28 13:44:47,ACC-0444,ACC-0544,9682.59,INR,IMPS,transfer,utilities,Bangalore,completed,,
TXN-D6EA19E9E062,2026-07-28 13:47:20,ACC-0282,ACC-0120,19743.25,INR,IMPS,transfer,restaurant,Kolkata,completed,,
TXN-A9370A8E7F1D,2026-07-28 13:49:41,ACC-0309,ACC-0313,34482.25,INR,CASH,transfer,medical,Mumbai,completed,,
TXN-60BCE0F8D364,2026-07-28 13:51:14,ACC-0493,ACC-0465,11886.35,INR,UPI,transfer,fuel,Ahmedabad,completed,,
TXN-5B6665308157,2026-07-28 13:53:04,ACC-0305,ACC-0170,19034.01,INR,NEFT,transfer,restaurant,Pune,completed,,
TXN-F6DA514C98DB,2026-07-28 13:57:01,ACC-0158,ACC-0520,21452.46,INR,IMPS,transfer,utilities,Bangalore,completed,,
TXN-6FAC73CBF66B,2026-07-28 13:58:08,ACC-0368,ACC-0510,22262.04,INR,UPI,transfer,subscription,Ahmedabad,completed,,
TXN-60527F51B240,2026-07-28 14:03:47,ACC-0355,ACC-0533,24144.35,INR,IMPS,transfer,fuel,Ahmedabad,completed,,
TXN-A3AD485EB783,2026-07-28 14:09:08,ACC-0209,ACC-0389,20527.71,INR,IMPS,transfer,fuel,Mumbai,completed,,
TXN-715565353EC8,2026-07-28 14:09:10,ACC-0587,ACC-0293,8849.96,INR,UPI,transfer,shopping,Ahmedabad,completed,,
TXN-E6079AF810E5,2026-07-28 14:30:48,ACC-0510,ACC-0145,22554.37,INR,IMPS,transfer,,Kolkata,completed,,
TXN-CEB681953ACA,2026-07-28 14:55:14,ACC-0522,ACC-0111,16992.12,INR,UPI,transfer,medical,Hyderabad,completed,,
TXN-17FBD5DB7DA4,2026-07-28 15:04:45,ACC-0568,ACC-0162,28246.01,INR,IMPS,transfer,groceries,Chennai,completed,,
TXN-B79DC4D87EED,2026-07-28 15:21:07,ACC-0582,ACC-0138,11309.32,INR,UPI,transfer,shopping,Kolkata,completed,,
TXN-8E1DDF04EFC7,2026-07-28 15:23:17,ACC-0174,ACC-0312,18012.27,INR,NEFT,transfer,,Chennai,completed,,
TXN-4F58C1DF5228,2026-07-28 15:29:56,ACC-0543,ACC-0320,14662.57,INR,IMPS,transfer,medical,Kolkata,completed,,
TXN-099FB0D76AFB,2026-07-28 15:34:06,ACC-0382,ACC-0335,20524.26,INR,UPI,transfer,,Kolkata,completed,,
TXN-7C1729FC763A,2026-07-28 15:37:41,ACC-0256,ACC-0142,26562.46,INR,UPI,transfer,rent,Delhi,completed,,
TXN-D874BFF70D44,2026-07-28 15:47:54,ACC-0375,ACC-0257,20783.38,INR,UPI,transfer,fuel,Chennai,completed,,
TXN-D04096E77B9D,2026-07-28 15:49:43,ACC-0177,ACC-0312,22691.44,INR,UPI,transfer,shopping,Pune,completed,,
TXN-044CDFB1F3EB,2026-07-28 16:03:56,ACC-0239,ACC-0196,11610.61,INR,UPI,transfer,groceries,Delhi,completed,,
TXN-5087EB8E2BFC,2026-07-28 16:05:58,ACC-0292,ACC-0433,3875.72,INR,RTGS,transfer,restaurant,Delhi,completed,,
TXN-0C3790745020,2026-07-28 16:34:50,ACC-0371,ACC-0486,19131.93,INR,UPI,transfer,subscription,Kolkata,completed,,
TXN-6666ED4BBF4D,2026-07-28 16:50:05,ACC-0222,ACC-0451,56397.83,INR,NEFT,transfer,medical,Pune,completed,,
TXN-29B260859974,2026-07-28 16:52:35,ACC-0517,ACC-0453,102091.21,INR,IMPS,transfer,,Bangalore,completed,,
TXN-30E01DCAD599,2026-07-28 17:01:46,ACC-0384,ACC-0403,21682.8,INR,RTGS,transfer,groceries,Delhi,completed,,
TXN-8AA4A2B40883,2026-07-28 17:01:57,ACC-0447,ACC-0396,51367.71,INR,UPI,transfer,shopping,Bangalore,completed,,
TXN-AFE01F3F0225,2026-07-28 17:03:33,ACC-0410,ACC-0325,11387.89,INR,RTGS,transfer,subscription,Chennai,completed,,
TXN-9B357374E090,2026-07-28 17:14:16,ACC-0507,ACC-0287,16780.13,INR,CASH,transfer,,Ahmedabad,completed,,
TXN-0AB7F2BDF5FA,2026-07-28 17:17:10,ACC-0318,ACC-0509,17926.99,INR,UPI,transfer,,Bangalore,completed,,
TXN-41C44EE619B7,2026-07-28 17:17:46,ACC-0531,ACC-0181,16418.61,INR,NEFT,transfer,groceries,Mumbai,completed,,
TXN-FF7215D87D72,2026-07-28 17:35:20,ACC-0121,ACC-0320,18273.52,INR,UPI,transfer,groceries,Kolkata,completed,,
TXN-C84C40065692,2026-07-28 17:38:41,ACC-0337,ACC-0339,17660.37,INR,UPI,transfer,fuel,Hyderabad,completed,,
TXN-0F0AA47D3874,2026-07-28 17:39:54,ACC-0437,ACC-0154,17840.96,INR,UPI,transfer,fuel,Delhi,completed,,
TXN-6AC8DE8B5C06,2026-07-28 17:41:02,ACC-0177,ACC-0121,22431.59,INR,UPI,transfer,restaurant,Mumbai,completed,,
TXN-D4AC94806122,2026-07-28 17:45:37,ACC-0163,ACC-0525,13055.14,INR,UPI,transfer,rent,Hyderabad,completed,,
TXN-9A34F22C566D,2026-07-28 17:49:30,ACC-0477,ACC-0354,13694.43,INR,NEFT,transfer,,Chennai,completed,,
TXN-3CA9CB1F90CE,2026-07-28 17:58:27,ACC-0110,ACC-A-001,16333.66,INR,UPI,transfer,,Hyderabad,completed,,
TXN-281463849B0C,2026-07-28 18:26:03,ACC-0442,ACC-0361,40627.34,INR,NEFT,transfer,shopping,Ahmedabad,completed,,
TXN-E535F28A65F9,2026-07-28 18:27:43,ACC-0239,ACC-0392,10174.08,INR,IMPS,transfer,medical,Ahmedabad,completed,,
TXN-EA758C8DF50A,2026-07-28 18:29:35,ACC-0397,ACC-0266,27716.0,INR,UPI,transfer,,Ahmedabad,completed,,
TXN-60A11FAC0701,2026-07-28 18:29:50,ACC-0213,ACC-0326,12983.11,INR,UPI,transfer,groceries,Delhi,completed,,
TXN-391C9AB79155,2026-07-28 18:40:55,ACC-0219,ACC-0567,21452.61,INR,UPI,transfer,,Bangalore,completed,,
TXN-E94E3719DCC1,2026-07-28 18:42:40,ACC-0149,ACC-0574,26693.81,INR,NEFT,transfer,shopping,Ahmedabad,completed,,
TXN-8448781BB8F5,2026-07-28 19:04:52,ACC-0576,ACC-0142,25179.94,INR,NEFT,transfer,medical,Ahmedabad,completed,,
TXN-6E6B7E50E6F8,2026-07-28 19:06:49,ACC-0344,ACC-0580,43268.27,INR,UPI,transfer,fuel,Mumbai,completed,,
TXN-573094CF83B2,2026-07-28 19:07:22,ACC-0166,ACC-0129,22772.42,INR,UPI,transfer,fuel,Ahmedabad,completed,,
TXN-B9581DE38908,2026-07-28 19:07:27,ACC-0486,ACC-0110,7082.66,INR,UPI,transfer,rent,Hyderabad,completed,,
TXN-2DBCCD40AA4E,2026-07-28 19:15:20,ACC-0175,ACC-0542,16441.94,INR,UPI,transfer,restaurant,Hyderabad,completed,,
TXN-E6BA620F751F,2026-07-28 19:24:22,ACC-0179,ACC-0401,12956.76,INR,RTGS,transfer,rent,Hyderabad,completed,,
TXN-9506402B1FDC,2026-07-28 19:32:51,ACC-0113,ACC-0410,9628.21,INR,UPI,transfer,fuel,Mumbai,completed,,
TXN-A2817153D0F8,2026-07-28 19:43:14,ACC-0156,ACC-0450,14995.55,INR,UPI,transfer,medical,Chennai,completed,,
TXN-2A40A6EECEF4,2026-07-28 19:46:27,ACC-0248,ACC-0476,21323.52,INR,UPI,transfer,,Bangalore,completed,,
TXN-46D10354301B,2026-07-28 19:54:34,ACC-0569,ACC-0192,28296.33,INR,UPI,transfer,medical,Hyderabad,completed,,
TXN-AAD0A27B57A5,2026-07-28 20:04:02,ACC-0102,ACC-0582,20975.81,INR,RTGS,transfer,restaurant,Mumbai,completed,,
TXN-372AC3785A04,2026-07-28 20:21:16,ACC-0586,ACC-0103,26568.06,INR,IMPS,transfer,shopping,Ahmedabad,completed,,
TXN-4297870BB676,2026-07-28 20:34:39,ACC-0305,ACC-0247,17292.31,INR,UPI,transfer,,Bangalore,completed,,
TXN-AD7696B554CB,2026-07-28 20:36:34,ACC-0282,ACC-0436,26842.45,INR,UPI,transfer,utilities,Ahmedabad,completed,,
TXN-74C5ABD43FE7,2026-07-28 20:50:21,ACC-0458,ACC-0590,23254.04,INR,UPI,transfer,medical,Pune,completed,,
TXN-C9F71E67DA99,2026-07-28 20:52:50,ACC-0113,ACC-0183,10960.64,INR,UPI,transfer,,Kolkata,completed,,
TXN-6622C4C1A103,2026-07-28 20:56:00,ACC-0366,ACC-0145,9088.41,INR,UPI,transfer,,Kolkata,completed,,
TXN-5487665E716B,2026-07-28 21:02:11,ACC-0590,ACC-0365,26939.75,INR,NEFT,transfer,shopping,Kolkata,completed,,
TXN-4FF17317ECCD,2026-07-28 21:21:25,ACC-0351,ACC-0240,19331.51,INR,CASH,transfer,,Chennai,completed,,
TXN-185DE22099D4,2026-07-28 21:28:36,ACC-0184,ACC-0399,11516.09,INR,NEFT,transfer,subscription,Kolkata,completed,,
TXN-F391BE5F33CB,2026-07-28 21:30:05,ACC-0215,ACC-0427,11343.81,INR,UPI,transfer,medical,Delhi,completed,,
TXN-BCBF7F6D6B8A,2026-07-28 21:33:19,ACC-0567,ACC-0278,8252.91,INR,UPI,transfer,utilities,Pune,completed,,
TXN-5C53A1203D4D,2026-07-28 21:35:22,ACC-0135,ACC-0140,11451.74,INR,UPI,transfer,groceries,Chennai,completed,,
TXN-C9E5609B8DC1,2026-07-28 21:40:06,ACC-0582,ACC-0462,18371.85,INR,NEFT,transfer,groceries,Ahmedabad,completed,,
TXN-8BC7523FE956,2026-07-28 21:40:47,ACC-0179,ACC-0501,24575.02,INR,NEFT,transfer,medical,Chennai,completed,,
TXN-0E6433EA7EA9,2026-07-28 21:41:21,ACC-0353,ACC-0265,23173.95,INR,NEFT,transfer,,Delhi,completed,,
TXN-6E1217EB0B05,2026-07-28 21:46:39,ACC-0326,ACC-0540,15903.89,INR,UPI,transfer,restaurant,Delhi,completed,,
TXN-DEA0781C8228,2026-07-28 21:47:50,ACC-0376,ACC-0260,11260.5,INR,NEFT,transfer,groceries,Kolkata,completed,,
TXN-A5E7BB9C277A,2026-07-28 22:00:36,ACC-0421,ACC-0326,57440.25,INR,IMPS,transfer,restaurant,Hyderabad,completed,,
TXN-609974952AF3,2026-07-28 22:04:55,ACC-0359,ACC-0283,26235.16,INR,IMPS,transfer,medical,Kolkata,completed,,
TXN-5F94BEE47CFC,2026-07-28 22:05:30,ACC-0450,ACC-0357,42787.9,INR,UPI,transfer,medical,Bangalore,completed,,
TXN-FCE564B1B583,2026-07-28 22:09:17,ACC-0587,ACC-0511,11269.31,INR,UPI,transfer,shopping,Ahmedabad,completed,,
TXN-421FD9C4A045,2026-07-28 22:35:39,ACC-0421,ACC-0260,43839.33,INR,UPI,transfer,fuel,Chennai,completed,,
TXN-3E2F85F194F4,2026-07-28 22:49:24,ACC-0337,ACC-0447,18659.45,INR,NEFT,transfer,groceries,Ahmedabad,completed,,
TXN-61B4A31E4084,2026-07-28 22:55:51,ACC-0413,ACC-0463,16294.48,INR,UPI,transfer,shopping,Chennai,completed,,
TXN-7E8F000D59F7,2026-07-28 23:13:21,ACC-0223,ACC-0139,12563.45,INR,UPI,transfer,fuel,Chennai,completed,,
TXN-8C1E5DF7F3F5,2026-07-28 23:34:59,ACC-0443,ACC-0220,17412.25,INR,IMPS,transfer,rent,Pune,completed,,
TXN-F609C727EC96,2026-07-28 23:35:12,ACC-0583,ACC-0179,13988.12,INR,RTGS,transfer,medical,Ahmedabad,completed,,
TXN-52CA2C971AA8,2026-07-28 23:37:40,ACC-0108,ACC-0227,17272.06,INR,RTGS,transfer,rent,Mumbai,completed,,
TXN-A86BCEFF4D5D,2026-07-28 23:45:33,ACC-0562,ACC-0217,23358.66,INR,UPI,transfer,groceries,Bangalore,completed,,
TXN-CA6359257263,2026-07-28 23:52:00,ACC-0109,ACC-0406,18305.61,INR,RTGS,transfer,shopping,Hyderabad,completed,,
TXN-CF9E79AFBF8A,2026-07-28 23:56:59,ACC-0146,ACC-0382,13478.59,INR,RTGS,transfer,utilities,Kolkata,completed,,
TXN-767C937A244C,2026-07-29 00:02:42,ACC-0197,ACC-0102,14658.07,INR,CASH,transfer,shopping,Kolkata,completed,,
TXN-344869198C1F,2026-07-29 00:04:35,ACC-0263,ACC-0591,31185.42,INR,UPI,transfer,shopping,Kolkata,completed,,
TXN-0F4CAC549C47,2026-07-29 00:09:23,ACC-0357,ACC-0478,35171.91,INR,RTGS,transfer,restaurant,Ahmedabad,completed,,
TXN-3156E160371E,2026-07-29 00:10:18,ACC-0546,ACC-0569,1296.61,INR,UPI,transfer,groceries,Pune,completed,,
TXN-154458214CAD,2026-07-29 00:14:37,ACC-0436,ACC-0408,6966.96,INR,IMPS,transfer,restaurant,Delhi,completed,,
TXN-471AF995CA17,2026-07-29 00:15:40,ACC-0208,ACC-0170,13389.32,INR,NEFT,transfer,utilities,Chennai,completed,,
TXN-8C2293CF5A84,2026-07-29 00:20:16,ACC-0498,ACC-0282,65523.68,INR,RTGS,transfer,shopping,Kolkata,completed,,
TXN-29CA2F7F6737,2026-07-29 00:23:03,ACC-0533,ACC-0197,4851.09,INR,UPI,transfer,medical,Hyderabad,completed,,
TXN-E82D1A3D4B98,2026-07-29 00:25:10,ACC-0172,ACC-0341,21071.37,INR,CASH,transfer,shopping,Bangalore,completed,,
TXN-FF2E3A4FB999,2026-07-29 00:30:27,ACC-0140,ACC-0295,19910.8,INR,UPI,transfer,,Mumbai,completed,,
TXN-C13BD09FBF61,2026-07-29 00:41:04,ACC-0265,ACC-0452,10381.65,INR,UPI,transfer,,Bangalore,completed,,
TXN-83116E878B2B,2026-07-29 00:53:19,ACC-0270,ACC-0182,12773.44,INR,UPI,transfer,restaurant,Hyderabad,completed,,
TXN-18123D9119F7,2026-07-29 00:55:52,ACC-0342,ACC-0356,25775.06,INR,UPI,transfer,subscription,Delhi,completed,,
TXN-9285D451615B,2026-07-29 00:59:51,ACC-C-001,ACC-0284,16190.73,INR,IMPS,transfer,,Kolkata,completed,,
TXN-869030C24A3A,2026-07-29 01:11:21,ACC-0114,ACC-0314,22057.76,INR,NEFT,transfer,rent,Bangalore,completed,,
TXN-8E068AD1BDFD,2026-07-29 01:13:25,ACC-0335,ACC-0515,15586.53,INR,IMPS,transfer,rent,Mumbai,completed,,
TXN-868826A79563,2026-07-29 01:15:27,ACC-0522,ACC-0330,25682.02,INR,UPI,transfer,medical,Chennai,completed,,
TXN-4462761D58F6,2026-07-29 01:24:50,ACC-0154,ACC-0476,74904.33,INR,RTGS,transfer,,Pune,completed,,
TXN-1F8CA1C33232,2026-07-29 01:26:25,ACC-0539,ACC-0567,20413.75,INR,RTGS,transfer,utilities,Ahmedabad,completed,,
TXN-FA9E7D7E2647,2026-07-29 01:38:21,ACC-0231,ACC-0483,23172.7,INR,UPI,transfer,groceries,Ahmedabad,completed,,
TXN-8D32F162C7FE,2026-07-29 01:40:51,ACC-0209,ACC-0117,19113.85,INR,UPI,transfer,rent,Kolkata,completed,,
TXN-DF75C8EC24B8,2026-07-29 01:46:25,ACC-0473,ACC-0552,7268.89,INR,NEFT,transfer,restaurant,Kolkata,completed,,
TXN-DDD1AD05D985,2026-07-29 01:57:45,ACC-0125,ACC-0139,23409.73,INR,UPI,transfer,medical,Chennai,completed,,
TXN-3E5C7BE73306,2026-07-29 01:58:05,ACC-F-001,ACC-0518,20804.4,INR,IMPS,transfer,,Bangalore,completed,,
TXN-437D452A0EE8,2026-07-29 02:08:38,ACC-0563,ACC-0308,7412.35,INR,NEFT,transfer,groceries,Delhi,completed,,
TXN-8D050563ABEA,2026-07-29 02:18:32,ACC-0121,ACC-0417,16785.3,INR,IMPS,transfer,,Ahmedabad,completed,,
TXN-BC0713238668,2026-07-29 02:38:52,ACC-0328,ACC-0194,5887.79,INR,UPI,transfer,,Chennai,completed,,
TXN-46BE77E0C2BD,2026-07-29 02:39:29,ACC-0444,ACC-0568,11205.36,INR,IMPS,transfer,,Mumbai,completed,,
TXN-1A774E0A1602,2026-07-29 02:45:34,ACC-0590,ACC-0170,19849.46,INR,IMPS,transfer,restaurant,Kolkata,completed,,
TXN-7EB4C5B2AB95,2026-07-29 02:51:16,ACC-0432,ACC-0344,16002.79,INR,UPI,transfer,subscription,Chennai,completed,,
TXN-267C33D7F3D8,2026-07-29 03:02:21,ACC-0558,ACC-0101,21068.51,INR,IMPS,transfer,fuel,Delhi,completed,,
TXN-4231082550F3,2026-07-29 03:07:27,ACC-0460,ACC-0462,9596.85,INR,RTGS,transfer,utilities,Pune,completed,,
TXN-7DD865FE63EA,2026-07-29 03:10:56,ACC-0430,ACC-0126,17988.1,INR,RTGS,transfer,subscription,Chennai,completed,,
TXN-E095C99B6638,2026-07-29 03:21:21,ACC-0223,ACC-0161,53272.66,INR,UPI,transfer,fuel,Mumbai,completed,,
TXN-8717F547D8A6,2026-07-29 03:23:22,ACC-0540,ACC-0521,24188.39,INR,RTGS,transfer,medical,Hyderabad,completed,,
TXN-F6DCBFA500DB,2026-07-29 03:41:25,ACC-0223,ACC-0250,83578.92,INR,UPI,transfer,,Hyderabad,completed,,
TXN-DEBE960A8212,2026-07-29 03:51:12,ACC-0158,ACC-0535,20681.86,INR,NEFT,transfer,utilities,Pune,completed,,
TXN-54DF39A6A8D4,2026-07-29 04:01:41,ACC-0171,ACC-0177,22040.63,INR,IMPS,transfer,medical,Pune,completed,,
TXN-D5969E4C57C8,2026-07-29 04:11:45,ACC-0272,ACC-0567,15133.87,INR,UPI,transfer,medical,Chennai,completed,,
TXN-D76FC905D4E7,2026-07-29 04:14:35,ACC-0462,ACC-0589,13250.62,INR,IMPS,transfer,rent,Pune,completed,,
TXN-3792687F38BE,2026-07-29 04:36:22,ACC-0170,ACC-0486,3771.47,INR,UPI,transfer,utilities,Hyderabad,completed,,
TXN-6023F3C7599F,2026-07-29 04:43:32,ACC-0370,ACC-0524,12460.47,INR,IMPS,transfer,utilities,Delhi,completed,,
TXN-2BAE6B70A613,2026-07-29 04:54:11,ACC-0461,ACC-0300,10229.16,INR,IMPS,transfer,utilities,Chennai,completed,,
TXN-B9D8512AD078,2026-07-29 04:54:40,ACC-0543,ACC-0332,89054.63,INR,IMPS,transfer,fuel,Pune,completed,,
TXN-18A710B69D09,2026-07-29 05:09:32,ACC-0110,ACC-0319,13591.96,INR,UPI,transfer,subscription,Delhi,completed,,
TXN-A2B1F6BFE6A4,2026-07-29 05:31:10,ACC-0225,ACC-0371,13350.37,INR,UPI,transfer,,Pune,completed,,
TXN-2D8356598617,2026-07-29 05:49:02,ACC-0422,ACC-0312,20307.41,INR,UPI,transfer,restaurant,Pune,completed,,
TXN-80162D26DEF4,2026-07-29 06:10:35,ACC-0169,ACC-0402,22711.7,INR,UPI,transfer,groceries,Pune,completed,,
TXN-1FAAE9CA0546,2026-07-29 06:14:54,ACC-0543,ACC-0462,39337.49,INR,IMPS,transfer,shopping,Ahmedabad,completed,,
TXN-47E56ACE0630,2026-07-29 06:22:41,ACC-0425,ACC-0137,23031.69,INR,UPI,transfer,,Ahmedabad,completed,,
TXN-E746C9EA46CB,2026-07-29 06:24:35,ACC-0259,ACC-0519,89132.41,INR,UPI,transfer,,Bangalore,completed,,
TXN-85660F24A76F,2026-07-29 06:46:42,ACC-0443,ACC-0145,21410.02,INR,UPI,transfer,,Kolkata,completed,,
TXN-824645DA9117,2026-07-29 06:59:29,ACC-0503,ACC-0566,11418.45,INR,NEFT,transfer,groceries,Mumbai,completed,,
TXN-56B310F4DFF7,2026-07-29 07:01:15,ACC-0184,ACC-0344,9409.66,INR,RTGS,transfer,,Chennai,completed,,
TXN-483D8483034E,2026-07-29 07:07:48,ACC-0353,ACC-0408,26013.68,INR,UPI,transfer,,Hyderabad,completed,,
TXN-7B376E8FBFEA,2026-07-29 07:10:06,ACC-0530,ACC-0111,19027.76,INR,RTGS,transfer,,Delhi,completed,,
TXN-8F1B45C5892D,2026-07-29 07:18:36,ACC-0560,ACC-0330,12291.58,INR,UPI,transfer,medical,Mumbai,completed,,
TXN-1D317D6548E6,2026-07-29 07:19:44,ACC-0169,ACC-0275,22727.57,INR,NEFT,transfer,rent,Bangalore,completed,,
TXN-1C697F9ACBB9,2026-07-29 07:26:44,ACC-0465,ACC-0111,21119.87,INR,NEFT,transfer,,Bangalore,completed,,
TXN-9F18D48FABFC,2026-07-29 07:30:28,ACC-0273,ACC-0247,19743.45,INR,RTGS,transfer,,Bangalore,completed,,
TXN-4BA2C2E62E7F,2026-07-29 07:42:04,ACC-0522,ACC-0513,15580.55,INR,IMPS,transfer,restaurant,Kolkata,completed,,
TXN-53B95433B776,2026-07-29 07:42:18,ACC-0368,ACC-0240,17609.96,INR,IMPS,transfer,fuel,Delhi,completed,,
TXN-98E2B4236F45,2026-07-29 07:46:12,ACC-0314,ACC-0235,25553.35,INR,CASH,transfer,shopping,Ahmedabad,completed,,
TXN-9E41E5005BB5,2026-07-29 07:48:19,ACC-0144,ACC-0272,11872.74,INR,UPI,transfer,fuel,Hyderabad,completed,,
TXN-9D146F990BC8,2026-07-29 07:56:49,ACC-0559,ACC-0186,8994.21,INR,UPI,transfer,medical,Chennai,completed,,
TXN-F7FCB16ADF61,2026-07-29 08:00:26,ACC-0311,ACC-0171,13062.46,INR,UPI,transfer,subscription,Mumbai,completed,,
TXN-112B7AB558F9,2026-07-29 08:07:27,ACC-0424,ACC-0280,11010.73,INR,UPI,transfer,fuel,Pune,completed,,
TXN-146F8EC29B0B,2026-07-29 08:19:33,ACC-0396,ACC-0106,16617.31,INR,NEFT,transfer,shopping,Delhi,completed,,
TXN-5D8536AFDE74,2026-07-29 08:20:10,ACC-0458,ACC-0368,27386.83,INR,UPI,transfer,rent,Bangalore,completed,,
TXN-49B731FF8383,2026-07-29 08:29:37,ACC-0295,ACC-0155,22285.1,INR,NEFT,transfer,subscription,Kolkata,completed,,
TXN-A3505EA7FB6D,2026-07-29 08:34:48,ACC-0453,ACC-0458,11690.08,INR,UPI,transfer,groceries,Delhi,completed,,
TXN-98878C422DFD,2026-07-29 08:48:42,ACC-0210,ACC-A-001,20784.96,INR,IMPS,transfer,restaurant,Chennai,completed,,
TXN-9A6C4289CBA0,2026-07-29 09:00:57,ACC-0116,ACC-0258,14210.71,INR,RTGS,transfer,,Hyderabad,completed,,
TXN-6C6DCFFB8EE0,2026-07-29 09:01:29,ACC-0171,ACC-0398,15690.5,INR,UPI,transfer,restaurant,Kolkata,completed,,
TXN-31124BCADB81,2026-07-29 09:06:52,ACC-0546,ACC-0249,41392.37,INR,NEFT,transfer,medical,Hyderabad,completed,,
TXN-0C3E867A9985,2026-07-29 09:19:05,ACC-0345,ACC-0318,31057.49,INR,UPI,transfer,rent,Kolkata,completed,,
TXN-9E9F8D8BF978,2026-07-29 09:31:35,ACC-0494,ACC-0389,17643.55,INR,UPI,transfer,rent,Delhi,completed,,
TXN-A45EE49D1603,2026-07-29 09:49:26,ACC-0289,ACC-0409,23342.77,INR,NEFT,transfer,rent,Bangalore,completed,,
TXN-3540D7C048EF,2026-07-29 09:52:30,ACC-0196,ACC-0192,21390.33,INR,UPI,transfer,restaurant,Ahmedabad,completed,,
TXN-ABEEF3CACE79,2026-07-29 09:55:11,ACC-0336,ACC-0353,13462.97,INR,NEFT,transfer,utilities,Kolkata,completed,,
TXN-0F293ABBCC25,2026-07-29 09:56:08,ACC-0202,ACC-0576,11129.98,INR,UPI,transfer,restaurant,Kolkata,completed,,
TXN-1BA0C0307222,2026-07-29 10:00:19,ACC-0424,ACC-0522,149.45,INR,IMPS,transfer,utilities,Chennai,completed,,
TXN-8D9E812E8E5C,2026-07-29 10:02:41,ACC-0170,ACC-0400,4229.58,INR,UPI,transfer,groceries,Chennai,completed,,
TXN-C1AC0A5593FD,2026-07-29 10:12:00,ACC-0169,ACC-0275,27416.37,INR,UPI,transfer,medical,Delhi,completed,,
TXN-0B3344CF4327,2026-07-29 10:13:17,ACC-0383,ACC-0103,13289.97,INR,RTGS,transfer,medical,Delhi,completed,,
TXN-BEE0C174228D,2026-07-29 10:14:43,ACC-0404,ACC-0227,21446.01,INR,UPI,transfer,utilities,Delhi,completed,,
TXN-698749B398D7,2026-07-29 10:28:06,ACC-0121,ACC-0289,20892.96,INR,UPI,transfer,rent,Pune,completed,,
TXN-374102A3027B,2026-07-29 10:36:18,ACC-0496,ACC-0488,11877.72,INR,IMPS,transfer,groceries,Mumbai,completed,,
TXN-EDC77F1D59D6,2026-07-29 10:36:54,ACC-0163,ACC-A-001,11648.07,INR,NEFT,transfer,subscription,Kolkata,completed,,
TXN-4D2765CE0E73,2026-07-29 10:41:43,ACC-0151,ACC-0588,108662.35,INR,UPI,transfer,subscription,Pune,completed,,
TXN-1A97392AC3A7,2026-07-29 10:52:00,ACC-0581,ACC-0463,13945.14,INR,IMPS,transfer,,Ahmedabad,completed,,
TXN-F427AA05DC93,2026-07-29 11:11:34,ACC-0146,ACC-0413,12555.32,INR,IMPS,transfer,restaurant,Chennai,completed,,
TXN-AD65347A845A,2026-07-29 11:12:04,ACC-0235,ACC-0555,697.31,INR,UPI,transfer,shopping,Ahmedabad,completed,,
TXN-36B17392FEB3,2026-07-29 11:21:16,ACC-0503,ACC-0326,11913.91,INR,RTGS,transfer,rent,Mumbai,completed,,
TXN-B35B5A721418,2026-07-29 11:26:29,ACC-0471,ACC-0140,58386.59,INR,NEFT,transfer,subscription,Pune,completed,,
TXN-54295E46471F,2026-07-29 11:26:35,ACC-0564,ACC-0282,12350.98,INR,UPI,transfer,utilities,Chennai,completed,,
TXN-5A333E6F4B83,2026-07-29 11:50:49,ACC-0249,ACC-0344,11801.05,INR,UPI,transfer,fuel,Mumbai,completed,,
TXN-76259A36F5A9,2026-07-29 11:52:15,ACC-0577,ACC-0499,13544.12,INR,CASH,transfer,restaurant,Ahmedabad,completed,,
TXN-492A93D886DA,2026-07-29 12:04:28,ACC-0425,ACC-0511,20041.41,INR,IMPS,transfer,shopping,Pune,completed,,
TXN-F8DB74506A97,2026-07-29 12:15:41,ACC-0368,ACC-0301,20583.35,INR,RTGS,transfer,shopping,Chennai,completed,,
TXN-C40F8157D023,2026-07-29 12:16:58,ACC-0505,ACC-0320,20114.98,INR,UPI,transfer,medical,Kolkata,completed,,
TXN-42B2EDA32A04,2026-07-29 12:20:49,ACC-0424,ACC-0510,13791.61,INR,UPI,transfer,,Hyderabad,completed,,
TXN-984BAEC53B7C,2026-07-29 12:20:52,ACC-0445,ACC-0429,20587.74,INR,RTGS,transfer,utilities,Hyderabad,completed,,
TXN-881E44813131,2026-07-29 12:40:53,ACC-0385,ACC-0529,7969.13,INR,UPI,transfer,restaurant,Chennai,completed,,
TXN-B8EA7CB969E1,2026-07-29 12:41:34,ACC-0399,ACC-0567,20138.85,INR,CASH,transfer,rent,Kolkata,completed,,
TXN-AD8FD66EAEEF,2026-07-29 12:42:51,ACC-0576,ACC-0246,26092.12,INR,RTGS,transfer,subscription,Pune,completed,,
TXN-BEA3DAF5E3A9,2026-07-29 12:44:07,ACC-0206,ACC-0258,25627.74,INR,NEFT,transfer,shopping,Pune,completed,,
TXN-F24D89A51741,2026-07-29 13:06:57,ACC-0150,ACC-0387,16105.82,INR,UPI,transfer,rent,Kolkata,completed,,
TXN-07847332DB18,2026-07-29 13:15:11,ACC-0316,ACC-0340,389.53,INR,UPI,transfer,utilities,Kolkata,completed,,
TXN-95ACE55940CA,2026-07-29 13:27:15,ACC-0355,ACC-0486,14694.11,INR,NEFT,transfer,medical,Delhi,completed,,
TXN-91E91ABDF62C,2026-07-29 13:40:23,ACC-0336,ACC-0553,13600.01,INR,CASH,transfer,,Bangalore,completed,,
TXN-537A8EEAE0C6,2026-07-29 13:45:13,ACC-0514,ACC-0576,15256.41,INR,IMPS,transfer,fuel,Kolkata,completed,,
TXN-D8F3ED0C2A52,2026-07-29 13:54:59,ACC-0337,ACC-0340,23801.23,INR,UPI,transfer,utilities,Ahmedabad,completed,,
TXN-82AAC2538369,2026-07-29 14:07:33,ACC-0410,ACC-0351,12436.42,INR,CASH,transfer,utilities,Delhi,completed,,
TXN-F686F0DFF73F,2026-07-29 14:11:09,ACC-0193,ACC-0246,18068.36,INR,NEFT,transfer,groceries,Pune,completed,,
TXN-C82608CF1A91,2026-07-29 14:32:58,ACC-0196,ACC-0202,24717.76,INR,RTGS,transfer,rent,Bangalore,completed,,
TXN-551A0F5BCD47,2026-07-29 14:33:39,ACC-0377,ACC-0302,9401.7,INR,CASH,transfer,medical,Chennai,completed,,
TXN-43B75559A504,2026-07-29 14:38:30,ACC-0384,ACC-0443,14616.08,INR,IMPS,transfer,,Bangalore,completed,,
TXN-1741981E67E6,2026-07-29 14:39:55,ACC-0234,ACC-0221,11152.84,INR,IMPS,transfer,medical,Ahmedabad,completed,,
TXN-79CD8081D941,2026-07-29 14:55:59,ACC-0564,ACC-0457,24415.73,INR,UPI,transfer,subscription,Delhi,completed,,
TXN-5E9CDF8B99D1,2026-07-29 15:10:31,ACC-0439,ACC-0401,17662.18,INR,UPI,transfer,shopping,Delhi,completed,,
TXN-5A813424AC54,2026-07-29 15:25:31,ACC-0318,ACC-0503,19861.15,INR,IMPS,transfer,utilities,Kolkata,completed,,
TXN-A3CEE7B509DD,2026-07-29 15:27:17,ACC-0254,ACC-0257,14162.35,INR,RTGS,transfer,,Kolkata,completed,,
TXN-8C5E6933B3C0,2026-07-29 15:34:36,ACC-0464,ACC-0465,12262.82,INR,NEFT,transfer,shopping,Pune,completed,,
TXN-AEA2A046DCFA,2026-07-29 15:50:39,ACC-0221,ACC-0501,68904.33,INR,RTGS,transfer,medical,Ahmedabad,completed,,
TXN-FFE57B87CA19,2026-07-29 15:55:01,ACC-0387,ACC-0120,17091.45,INR,IMPS,transfer,,Mumbai,completed,,
TXN-D10054DE2359,2026-07-29 16:01:19,ACC-0367,ACC-0215,28024.37,INR,UPI,transfer,rent,Hyderabad,completed,,
TXN-5E6E3C877885,2026-07-29 16:05:12,ACC-0281,ACC-0419,13597.76,INR,NEFT,transfer,shopping,Delhi,completed,,
TXN-EC8EB75A308C,2026-07-29 16:13:30,ACC-A-001,ACC-0321,59969.17,INR,UPI,transfer,,Delhi,completed,,
TXN-17306403AD6B,2026-07-29 16:20:22,ACC-0524,ACC-0212,18767.86,INR,RTGS,transfer,subscription,Kolkata,completed,,
TXN-531EB190F4CD,2026-07-29 16:20:52,ACC-0174,ACC-0467,15840.38,INR,RTGS,transfer,,Ahmedabad,completed,,
TXN-098D2161DFE2,2026-07-29 16:29:18,ACC-0149,ACC-0371,21474.93,INR,UPI,transfer,medical,Ahmedabad,completed,,
TXN-83B5135A7309,2026-07-29 16:40:59,ACC-0445,ACC-0340,20801.84,INR,NEFT,transfer,shopping,Bangalore,completed,,
TXN-3B71B0DFE5AA,2026-07-29 16:56:38,ACC-0259,ACC-0455,75203.32,INR,UPI,transfer,fuel,Delhi,completed,,
TXN-4BF8337B5CC2,2026-07-29 17:05:03,ACC-0252,ACC-0329,16301.74,INR,UPI,transfer,medical,Chennai,completed,,
TXN-21664F61F225,2026-07-29 17:19:19,ACC-0484,ACC-0195,9332.12,INR,IMPS,transfer,medical,Kolkata,completed,,
TXN-C92A0FCF681D,2026-07-29 17:33:23,ACC-0436,ACC-0539,9947.37,INR,UPI,transfer,rent,Chennai,completed,,
TXN-6EFADF437199,2026-07-29 17:44:22,ACC-0185,ACC-0118,10468.26,INR,IMPS,transfer,medical,Hyderabad,completed,,
TXN-819747F241FC,2026-07-29 17:49:24,ACC-0555,ACC-0325,26877.51,INR,IMPS,transfer,groceries,Hyderabad,completed,,
TXN-E2D8900E55FB,2026-07-29 17:49:43,ACC-0161,ACC-0547,20207.78,INR,RTGS,transfer,medical,Kolkata,completed,,
TXN-6783790CB867,2026-07-29 17:53:15,ACC-0388,ACC-0509,57546.28,INR,UPI,transfer,shopping,Kolkata,completed,,
TXN-A466D3704862,2026-07-29 17:55:17,ACC-0394,ACC-0303,40244.41,INR,NEFT,transfer,,Pune,completed,,
TXN-4B36E0C1BC0F,2026-07-29 18:07:12,ACC-A-001,ACC-0162,44480.3,INR,UPI,transfer,restaurant,Bangalore,completed,,
TXN-94567DCD3DE5,2026-07-29 18:19:04,ACC-0299,ACC-0389,22188.48,INR,UPI,transfer,medical,Mumbai,completed,,
TXN-0CFBBBD5D841,2026-07-29 18:28:18,ACC-A-001,ACC-0483,59024.79,INR,NEFT,transfer,,Pune,completed,,
TXN-BEFF16A40962,2026-07-29 18:28:40,ACC-0133,ACC-0401,19787.52,INR,UPI,transfer,,Ahmedabad,completed,,
TXN-D102BB8CA71B,2026-07-29 18:35:39,ACC-0227,ACC-0394,24632.44,INR,NEFT,transfer,utilities,Ahmedabad,completed,,
TXN-03462313CBF5,2026-07-29 18:44:51,ACC-0531,ACC-0368,30318.84,INR,IMPS,transfer,restaurant,Chennai,completed,,
TXN-DF2421BFB832,2026-07-29 18:44:59,ACC-0527,ACC-0159,30529.53,INR,UPI,transfer,,Mumbai,completed,,
TXN-F3BEAF790CB1,2026-07-29 18:46:08,ACC-0374,ACC-0197,45344.48,INR,NEFT,transfer,medical,Kolkata,completed,,
TXN-52FBA375D208,2026-07-29 18:47:43,ACC-0154,ACC-0317,34543.05,INR,RTGS,transfer,fuel,Pune,completed,,
TXN-4E1CA5CAA2AF,2026-07-29 19:08:14,ACC-0469,ACC-0446,23098.54,INR,UPI,transfer,groceries,Kolkata,completed,,
TXN-B767C18C9393,2026-07-29 19:10:03,ACC-0542,ACC-0177,20197.23,INR,IMPS,transfer,medical,Bangalore,completed,,
TXN-D44A71BF8FF8,2026-07-29 19:10:29,ACC-0312,ACC-0138,17599.13,INR,IMPS,transfer,,Ahmedabad,completed,,
TXN-327CC76A1B3B,2026-07-29 19:15:17,ACC-0274,ACC-0586,24436.2,INR,UPI,transfer,groceries,Hyderabad,completed,,
TXN-F50E4E01701D,2026-07-29 19:33:34,ACC-0459,ACC-0319,50755.13,INR,UPI,transfer,rent,Bangalore,completed,,
TXN-B2A7355221E5,2026-07-29 19:34:40,ACC-0553,ACC-0407,23850.54,INR,UPI,transfer,groceries,Mumbai,completed,,
TXN-0BEA924D6E58,2026-07-29 19:37:14,ACC-0262,ACC-0507,19137.33,INR,RTGS,transfer,subscription,Kolkata,completed,,
TXN-40E1CCDD1C87,2026-07-29 19:43:03,ACC-0504,ACC-0488,19080.8,INR,UPI,transfer,restaurant,Pune,completed,,
TXN-CB494AC0F392,2026-07-29 19:44:37,ACC-0447,ACC-0154,71277.92,INR,UPI,transfer,shopping,Chennai,completed,,
TXN-AE3998A0A012,2026-07-29 19:51:49,ACC-0523,ACC-0125,13622.29,INR,UPI,transfer,,Mumbai,completed,,
TXN-C7803A21508B,2026-07-29 19:58:25,ACC-G-001,ACC-0471,10831.74,INR,IMPS,transfer,rent,Hyderabad,completed,,
TXN-6E73ED5265EB,2026-07-29 20:25:47,ACC-0212,ACC-0233,49955.34,INR,UPI,transfer,fuel,Bangalore,completed,,
TXN-374734FB31AA,2026-07-29 20:36:48,ACC-0102,ACC-0110,16946.86,INR,UPI,transfer,rent,Delhi,completed,,
TXN-E13FB30F8200,2026-07-29 20:37:14,ACC-0161,ACC-0278,20811.69,INR,UPI,transfer,utilities,Mumbai,completed,,
TXN-F3A626266DE3,2026-07-29 20:50:40,ACC-0375,ACC-0183,18450.55,INR,IMPS,transfer,,Pune,completed,,
TXN-B8966B6E5672,2026-07-29 20:52:15,ACC-0159,ACC-0371,12750.36,INR,NEFT,transfer,,Mumbai,completed,,
TXN-F649E627A253,2026-07-29 21:08:16,ACC-0141,ACC-0230,17980.9,INR,RTGS,transfer,restaurant,Chennai,completed,,
TXN-C185A184617C,2026-07-29 21:29:29,ACC-0292,ACC-0526,86512.59,INR,UPI,transfer,medical,Chennai,completed,,
TXN-4E100F322335,2026-07-29 21:37:57,ACC-0182,ACC-0518,22748.26,INR,RTGS,transfer,rent,Mumbai,completed,,
TXN-D3EB6EC6A24D,2026-07-29 21:49:28,ACC-0168,ACC-0512,48520.19,INR,IMPS,transfer,subscription,Ahmedabad,completed,,
TXN-AC631A6AA906,2026-07-29 21:55:09,ACC-0587,ACC-0479,10758.61,INR,UPI,transfer,restaurant,Kolkata,completed,,
TXN-B4718DC250D8,2026-07-29 21:56:22,ACC-0202,ACC-0587,13338.1,INR,NEFT,transfer,utilities,Bangalore,completed,,
TXN-35A5896E70B7,2026-07-29 21:57:14,ACC-0282,ACC-0432,22802.8,INR,IMPS,transfer,utilities,Pune,completed,,
TXN-02332FC89E10,2026-07-29 22:29:48,ACC-0432,ACC-0238,21848.41,INR,UPI,transfer,groceries,Kolkata,completed,,
TXN-58B1F5F8012F,2026-07-29 22:33:10,ACC-0452,ACC-0526,71982.71,INR,UPI,transfer,rent,Kolkata,completed,,
TXN-6FB944AB5C8D,2026-07-29 22:39:58,ACC-0558,ACC-0376,13857.71,INR,UPI,transfer,medical,Mumbai,completed,,
TXN-4C0BAEBE63DA,2026-07-29 22:41:10,ACC-0489,ACC-0166,13174.31,INR,UPI,transfer,,Hyderabad,completed,,
TXN-DB296C721C53,2026-07-29 23:02:01,ACC-0485,ACC-0321,21344.58,INR,IMPS,transfer,,Mumbai,completed,,
TXN-8E7D446BDC05,2026-07-29 23:03:13,ACC-0162,ACC-0177,20090.52,INR,IMPS,transfer,utilities,Delhi,completed,,
TXN-92B2EDBF0657,2026-07-29 23:08:08,ACC-0246,ACC-0490,10857.97,INR,NEFT,transfer,medical,Mumbai,completed,,
TXN-50A6EEB2A40C,2026-07-29 23:10:15,ACC-0254,ACC-0403,11578.35,INR,IMPS,transfer,medical,Pune,completed,,
TXN-20D60D9DC871,2026-07-29 23:30:34,ACC-0114,ACC-0192,19758.39,INR,RTGS,transfer,fuel,Hyderabad,completed,,
TXN-06CFA92AD734,2026-07-29 23:32:36,ACC-0193,ACC-0117,20505.07,INR,IMPS,transfer,fuel,Bangalore,completed,,
TXN-88E7A3D2DBC6,2026-07-29 23:35:44,ACC-0305,ACC-0417,23438.34,INR,UPI,transfer,groceries,Chennai,completed,,
TXN-50A5A57FA142,2026-07-30 00:01:34,ACC-0507,ACC-0163,23806.2,INR,NEFT,transfer,,Hyderabad,completed,,
TXN-BA62C8F886C6,2026-07-30 00:28:43,ACC-0466,ACC-0294,12448.94,INR,CASH,transfer,rent,Mumbai,completed,,
TXN-69CC37809866,2026-07-30 00:38:22,ACC-0513,ACC-0164,11774.64,INR,NEFT,transfer,shopping,Ahmedabad,completed,,
TXN-7D9ECFE232D5,2026-07-30 00:39:27,ACC-0254,ACC-0283,12019.5,INR,UPI,transfer,rent,Bangalore,completed,,
TXN-2DCA01FBBE78,2026-07-30 00:42:06,ACC-0491,ACC-0517,387.03,INR,IMPS,transfer,shopping,Mumbai,completed,,
TXN-249734E9755C,2026-07-30 01:03:06,ACC-0415,ACC-0482,18813.57,INR,IMPS,transfer,medical,Bangalore,completed,,
TXN-3757F3B04B31,2026-07-30 01:04:28,ACC-0368,ACC-0541,14256.36,INR,UPI,transfer,fuel,Mumbai,completed,,
TXN-5FD2286EFCD3,2026-07-30 01:06:09,ACC-0357,ACC-0239,12414.25,INR,UPI,transfer,,Chennai,completed,,
TXN-F0FABDB5F66D,2026-07-30 01:20:44,ACC-0530,ACC-0418,20730.0,INR,UPI,transfer,groceries,Delhi,completed,,
TXN-AE107413C79C,2026-07-30 01:21:09,ACC-0497,ACC-0484,18382.55,INR,IMPS,transfer,subscription,Kolkata,completed,,
TXN-8AACA6001DE8,2026-07-30 01:23:43,ACC-0303,ACC-0170,30625.6,INR,UPI,transfer,,Ahmedabad,completed,,
TXN-3714F913752C,2026-07-30 01:25:05,ACC-0191,ACC-0198,20960.82,INR,RTGS,transfer,,Chennai,completed,,
TXN-F68F3F7C0635,2026-07-30 01:28:47,ACC-0400,ACC-0343,12901.81,INR,NEFT,transfer,,Kolkata,completed,,
TXN-908F4E634722,2026-07-30 01:31:02,ACC-0258,ACC-0163,25491.39,INR,UPI,transfer,fuel,Hyderabad,completed,,
TXN-7A6E0B329730,2026-07-30 01:33:54,ACC-0496,ACC-0343,10183.48,INR,UPI,transfer,,Mumbai,completed,,
TXN-55E055102031,2026-07-30 01:47:42,ACC-0531,ACC-0136,16242.66,INR,NEFT,transfer,rent,Bangalore,completed,,
TXN-55EF991DCA46,2026-07-30 01:51:16,ACC-0324,ACC-0229,9891.65,INR,IMPS,transfer,groceries,Chennai,completed,,
TXN-E0352183879E,2026-07-30 01:55:35,ACC-0316,ACC-0588,35570.25,INR,IMPS,transfer,medical,Chennai,completed,,
TXN-F06E4ADA60BE,2026-07-30 01:59:00,ACC-0398,ACC-0423,12335.83,INR,UPI,transfer,,Kolkata,completed,,
TXN-1008D062FD91,2026-07-30 02:25:44,ACC-0137,ACC-0318,7112.25,INR,UPI,transfer,medical,Chennai,completed,,
TXN-ECB0C8E4824B,2026-07-30 02:52:44,ACC-0388,ACC-0150,34677.8,INR,UPI,transfer,restaurant,Mumbai,completed,,
TXN-1EE2C39EC21D,2026-07-30 02:55:23,ACC-0415,ACC-0518,20936.86,INR,UPI,transfer,groceries,Chennai,completed,,
TXN-94E4673E204C,2026-07-30 03:01:58,ACC-0245,ACC-0231,27837.19,INR,NEFT,transfer,subscription,Bangalore,completed,,
TXN-A31491DDD686,2026-07-30 03:05:56,ACC-0242,ACC-0497,11843.07,INR,NEFT,transfer,fuel,Ahmedabad,completed,,
TXN-6C3CE3116BF5,2026-07-30 03:06:29,ACC-0339,ACC-0261,15757.58,INR,IMPS,transfer,,Pune,completed,,
TXN-AF2453E414DC,2026-07-30 03:13:06,ACC-0547,ACC-0322,22845.64,INR,UPI,transfer,restaurant,Ahmedabad,completed,,
TXN-9CA54CD15A73,2026-07-30 03:49:22,ACC-0426,ACC-0501,23987.44,INR,UPI,transfer,rent,Mumbai,completed,,
TXN-1BF533DD511F,2026-07-30 03:50:50,ACC-0515,ACC-0518,24909.68,INR,IMPS,transfer,fuel,Ahmedabad,completed,,
TXN-46ED5FA6DB96,2026-07-30 03:54:15,ACC-0242,ACC-0245,19586.28,INR,UPI,transfer,groceries,Hyderabad,completed,,
TXN-1D273E650E73,2026-07-30 03:54:50,ACC-0554,ACC-0155,3264.72,INR,UPI,transfer,subscription,Chennai,completed,,
TXN-B5C3EB3C1FAB,2026-07-30 04:12:21,ACC-0270,ACC-F-001,12642.48,INR,NEFT,transfer,medical,Bangalore,completed,,
TXN-FCBDBC902E4E,2026-07-30 04:18:35,ACC-0480,ACC-0165,22461.47,INR,IMPS,transfer,,Pune,completed,,
TXN-3AEFF599B4F1,2026-07-30 04:35:16,ACC-0325,ACC-0519,18545.55,INR,UPI,transfer,fuel,Bangalore,completed,,
TXN-B4110C75C091,2026-07-30 04:39:05,ACC-0526,ACC-0437,21117.07,INR,NEFT,transfer,rent,Delhi,completed,,
TXN-D212A9B1EA1A,2026-07-30 04:41:35,ACC-0321,ACC-0460,12478.76,INR,IMPS,transfer,,Hyderabad,completed,,
TXN-2143329889DC,2026-07-30 04:42:03,ACC-0288,ACC-0101,15799.44,INR,CASH,transfer,,Mumbai,completed,,
TXN-11060829B038,2026-07-30 04:49:13,ACC-0264,ACC-0444,3205.38,INR,UPI,transfer,utilities,Pune,completed,,
TXN-6B4F4FF91D2E,2026-07-30 04:58:03,ACC-0488,ACC-0121,19347.73,INR,UPI,transfer,utilities,Ahmedabad,completed,,
TXN-24465613EC23,2026-07-30 05:04:21,ACC-0184,ACC-0380,15930.42,INR,IMPS,transfer,rent,Ahmedabad,completed,,
TXN-E1C35BFD6F18,2026-07-30 05:13:42,ACC-0192,ACC-0140,16664.87,INR,IMPS,transfer,shopping,Chennai,completed,,
TXN-BAF0FD77462B,2026-07-30 05:22:46,ACC-0506,ACC-0355,11403.66,INR,NEFT,transfer,subscription,Hyderabad,completed,,
TXN-9E29F82D12B7,2026-07-30 05:25:34,ACC-0586,ACC-0304,19422.56,INR,UPI,transfer,fuel,Bangalore,completed,,
TXN-87807BC476AC,2026-07-30 05:27:08,ACC-0547,ACC-0397,24497.41,INR,UPI,transfer,groceries,Chennai,completed,,
TXN-2984CE23E9E4,2026-07-30 05:41:21,ACC-0555,ACC-0293,19056.12,INR,NEFT,transfer,restaurant,Pune,completed,,
TXN-D9B4AA6E5582,2026-07-30 05:44:26,ACC-0572,ACC-0532,22681.92,INR,UPI,transfer,fuel,Pune,completed,,
TXN-48785090FA43,2026-07-30 05:51:44,ACC-0377,ACC-0424,6400.13,INR,UPI,transfer,shopping,Ahmedabad,completed,,
TXN-C4B0442BE368,2026-07-30 06:04:28,ACC-0469,ACC-0130,23478.42,INR,UPI,transfer,shopping,Delhi,completed,,
TXN-D4A2DFCFEC53,2026-07-30 06:04:48,ACC-0382,ACC-0496,24542.26,INR,RTGS,transfer,shopping,Ahmedabad,completed,,
TXN-5258F3D187D2,2026-07-30 06:06:10,ACC-0279,ACC-0425,12968.38,INR,UPI,transfer,restaurant,Chennai,completed,,
TXN-653875371EDC,2026-07-30 06:06:24,ACC-0412,ACC-0229,19433.9,INR,UPI,transfer,restaurant,Kolkata,completed,,
TXN-30183E2DA3CA,2026-07-30 06:07:05,ACC-0217,ACC-0521,26533.73,INR,RTGS,transfer,,Delhi,completed,,
TXN-8A8A65C3A9FA,2026-07-30 06:16:18,ACC-0529,ACC-0573,21839.89,INR,NEFT,transfer,rent,Bangalore,completed,,
TXN-5E5A8C165A3F,2026-07-30 06:19:06,ACC-0551,ACC-0227,19773.65,INR,NEFT,transfer,rent,Delhi,completed,,
TXN-99013B53AA2F,2026-07-30 06:31:25,ACC-0118,ACC-0579,11512.58,INR,UPI,transfer,restaurant,Kolkata,completed,,
TXN-2801BAC4AF08,2026-07-30 06:32:05,ACC-0380,ACC-0282,13491.67,INR,NEFT,transfer,shopping,Chennai,completed,,
TXN-13C7F96B27A9,2026-07-30 06:36:04,ACC-0280,ACC-0265,21678.13,INR,UPI,transfer,groceries,Bangalore,completed,,
TXN-966FA557085D,2026-07-30 06:41:08,ACC-0261,ACC-0170,30855.77,INR,UPI,transfer,medical,Delhi,completed,,
TXN-CCABB28EE967,2026-07-30 06:46:59,ACC-0310,ACC-0397,16704.26,INR,UPI,transfer,subscription,Kolkata,completed,,
TXN-D9714851EE00,2026-07-30 06:49:35,ACC-0385,ACC-0501,98395.67,INR,IMPS,transfer,medical,Pune,completed,,
TXN-C7A3C4BA7784,2026-07-30 06:57:21,ACC-0252,ACC-0370,20423.58,INR,UPI,transfer,,Kolkata,completed,,
TXN-AC46286844B4,2026-07-30 07:09:37,ACC-0339,ACC-0437,13937.02,INR,UPI,transfer,subscription,Mumbai,completed,,
TXN-8BB1FB29907C,2026-07-30 07:15:46,ACC-0154,ACC-0285,111278.27,INR,CASH,transfer,fuel,Hyderabad,completed,,
TXN-5D8B721EF295,2026-07-30 07:26:06,ACC-0573,ACC-0201,94805.16,INR,NEFT,transfer,restaurant,Pune,completed,,
TXN-5B02A168B4CC,2026-07-30 07:27:13,ACC-0308,ACC-0400,13245.98,INR,NEFT,transfer,shopping,Ahmedabad,completed,,
TXN-3486FD2E0C2B,2026-07-30 07:32:30,ACC-0118,ACC-0574,20502.31,INR,IMPS,transfer,shopping,Bangalore,completed,,
TXN-2B6C3918F84C,2026-07-30 07:54:01,ACC-0277,ACC-0491,17944.53,INR,NEFT,transfer,utilities,Bangalore,completed,,
TXN-A7B5EDC7FEFA,2026-07-30 07:54:30,ACC-0112,ACC-0193,20672.24,INR,UPI,transfer,medical,Delhi,completed,,
TXN-415FDC054547,2026-07-30 08:18:28,ACC-0121,ACC-0345,24428.32,INR,UPI,transfer,restaurant,Mumbai,completed,,
TXN-9AAA2C0FEFC6,2026-07-30 08:38:59,ACC-0351,ACC-0396,21651.73,INR,UPI,transfer,groceries,Hyderabad,completed,,
TXN-331D112644DF,2026-07-30 08:55:15,ACC-0272,ACC-0592,13717.86,INR,UPI,transfer,restaurant,Kolkata,completed,,
TXN-964B57155310,2026-07-30 08:55:22,ACC-0387,ACC-0264,25803.71,INR,NEFT,transfer,restaurant,Bangalore,completed,,
TXN-74BBB393A3A5,2026-07-30 09:02:07,ACC-0302,ACC-0363,11085.33,INR,RTGS,transfer,shopping,Chennai,completed,,
TXN-5EE96FCF5BB9,2026-07-30 09:09:48,ACC-0562,ACC-0130,23476.62,INR,UPI,transfer,medical,Hyderabad,completed,,
TXN-C7FF702F8124,2026-07-30 09:33:47,ACC-0285,ACC-0424,17530.99,INR,UPI,transfer,rent,Ahmedabad,completed,,
TXN-436D5BD7037B,2026-07-30 09:46:48,ACC-0208,ACC-0476,10178.72,INR,UPI,transfer,restaurant,Pune,completed,,
TXN-BF585A92B3DA,2026-07-30 09:57:31,ACC-0251,ACC-0121,12569.65,INR,RTGS,transfer,medical,Bangalore,completed,,
TXN-5818C2B64636,2026-07-30 10:05:34,ACC-0252,ACC-0220,21246.61,INR,NEFT,transfer,utilities,Bangalore,completed,,
TXN-D3532159F877,2026-07-30 10:07:46,ACC-0511,ACC-0177,11817.38,INR,UPI,transfer,rent,Chennai,completed,,
TXN-D71691CA0144,2026-07-30 10:16:33,ACC-0528,ACC-0471,23035.88,INR,UPI,transfer,,Chennai,completed,,
TXN-63F37E29AF49,2026-07-30 10:31:50,ACC-0334,ACC-0287,16606.29,INR,UPI,transfer,fuel,Hyderabad,completed,,
TXN-65C07D64A194,2026-07-30 10:31:56,ACC-0499,ACC-0370,23558.52,INR,NEFT,transfer,subscription,Mumbai,completed,,
TXN-CB1CF5483824,2026-07-30 10:48:01,ACC-0515,ACC-0520,23440.13,INR,NEFT,transfer,rent,Kolkata,completed,,
TXN-C4C3D82440A0,2026-07-30 10:51:17,ACC-0345,ACC-0100,11026.95,INR,NEFT,transfer,restaurant,Hyderabad,completed,,
TXN-6E5DAB19E021,2026-07-30 10:55:03,ACC-0257,ACC-0379,14274.59,INR,UPI,transfer,utilities,Ahmedabad,completed,,
TXN-C71984487A6B,2026-07-30 10:55:20,ACC-0491,ACC-0358,19866.14,INR,UPI,transfer,subscription,Kolkata,completed,,
TXN-8B45AD484E94,2026-07-30 11:02:36,ACC-0438,ACC-0508,64604.54,INR,RTGS,transfer,medical,Hyderabad,completed,,
TXN-E9CE963F9EA6,2026-07-30 11:10:25,ACC-0398,ACC-0153,12171.34,INR,RTGS,transfer,restaurant,Mumbai,completed,,
TXN-223C6A711EDA,2026-07-30 11:13:25,ACC-0293,ACC-0448,89789.63,INR,UPI,transfer,,Mumbai,completed,,
TXN-BB0D093382A8,2026-07-30 11:14:26,ACC-0526,ACC-0485,25426.33,INR,UPI,transfer,restaurant,Chennai,completed,,
TXN-5B0A97AE1898,2026-07-30 11:16:36,ACC-0425,ACC-0152,17860.97,INR,NEFT,transfer,groceries,Mumbai,completed,,
TXN-AF3AE240B166,2026-07-30 11:17:40,ACC-0132,ACC-0350,22716.57,INR,RTGS,transfer,medical,Mumbai,completed,,
TXN-5F44C62DE18D,2026-07-30 11:27:12,ACC-0494,ACC-0582,19603.62,INR,IMPS,transfer,shopping,Chennai,completed,,
TXN-8449F7C61076,2026-07-30 11:56:54,ACC-0491,ACC-0256,2565.44,INR,UPI,transfer,groceries,Ahmedabad,completed,,
TXN-173AE6404F6B,2026-07-30 12:00:33,ACC-0535,ACC-0164,12088.83,INR,RTGS,transfer,,Bangalore,completed,,
TXN-213328B4B341,2026-07-30 12:09:03,ACC-0399,ACC-G-001,16692.48,INR,UPI,transfer,shopping,Mumbai,completed,,
TXN-F62082479A66,2026-07-30 12:19:26,ACC-0376,ACC-0290,13342.79,INR,NEFT,transfer,restaurant,Delhi,completed,,
TXN-638676DFADF6,2026-07-30 12:23:15,ACC-0577,ACC-0235,12614.73,INR,UPI,transfer,,Pune,completed,,
TXN-94D949BD17B0,2026-07-30 12:31:13,ACC-0392,ACC-0444,21652.0,INR,IMPS,transfer,groceries,Bangalore,completed,,
TXN-1D73185FF64D,2026-07-30 12:33:45,ACC-0115,ACC-0347,41129.68,INR,RTGS,transfer,,Delhi,completed,,
TXN-0A858608491A,2026-07-30 12:36:16,ACC-0397,ACC-0324,13102.71,INR,IMPS,transfer,utilities,Kolkata,completed,,
TXN-3BFA14590BD8,2026-07-30 12:40:15,ACC-0412,ACC-0341,19362.55,INR,UPI,transfer,rent,Bangalore,completed,,
TXN-A26891F1A0D2,2026-07-30 12:52:20,ACC-0442,ACC-0386,1551.29,INR,UPI,transfer,fuel,Kolkata,completed,,
TXN-139F95BF5D6F,2026-07-30 12:54:18,ACC-0178,ACC-0552,20327.98,INR,UPI,transfer,groceries,Delhi,completed,,
TXN-1755E09B67DC,2026-07-30 13:04:03,ACC-0236,ACC-0136,20856.37,INR,UPI,transfer,shopping,Bangalore,completed,,
TXN-DDA3D2AA95DD,2026-07-30 13:09:17,ACC-0278,ACC-0579,20203.55,INR,IMPS,transfer,medical,Hyderabad,completed,,
TXN-547282FC6973,2026-07-30 13:10:50,ACC-0426,ACC-0499,24386.19,INR,UPI,transfer,rent,Hyderabad,completed,,
TXN-33832652C7CD,2026-07-30 13:17:39,ACC-0470,ACC-0507,11444.08,INR,IMPS,transfer,,Bangalore,completed,,
TXN-EF00153ED129,2026-07-30 13:32:30,ACC-0403,ACC-0388,15630.75,INR,NEFT,transfer,,Ahmedabad,completed,,
TXN-BEDA8D1221D8,2026-07-30 13:37:57,ACC-0143,ACC-0328,12384.04,INR,RTGS,transfer,subscription,Ahmedabad,completed,,
TXN-C97B5141A30F,2026-07-30 13:48:21,ACC-0502,ACC-0518,11833.06,INR,NEFT,transfer,,Kolkata,completed,,
TXN-FC2D9E473419,2026-07-30 13:52:36,ACC-0311,ACC-0145,11206.0,INR,CASH,transfer,,Mumbai,completed,,
TXN-EF90A649AD10,2026-07-30 14:02:26,ACC-0101,ACC-0514,13270.16,INR,UPI,transfer,restaurant,Ahmedabad,completed,,
TXN-891531B4A706,2026-07-30 14:02:29,ACC-0394,ACC-0502,21677.53,INR,IMPS,transfer,fuel,Mumbai,completed,,
TXN-2D16FE5FFE0B,2026-07-30 14:06:54,ACC-0178,ACC-0263,22209.96,INR,UPI,transfer,utilities,Mumbai,completed,,
TXN-CAFA7815ECB2,2026-07-30 14:10:18,ACC-0336,ACC-0197,12957.99,INR,IMPS,transfer,utilities,Chennai,completed,,
TXN-31D0635503E2,2026-07-30 14:11:09,ACC-0342,ACC-0269,20463.3,INR,UPI,transfer,fuel,Bangalore,completed,,
TXN-BADC46A26C07,2026-07-30 14:34:08,ACC-0187,ACC-0143,14606.27,INR,UPI,transfer,medical,Hyderabad,completed,,
TXN-CE3C12C5A572,2026-07-30 14:46:52,ACC-0181,ACC-0130,16086.51,INR,NEFT,transfer,restaurant,Ahmedabad,completed,,
TXN-01AF05FAE6C7,2026-07-30 14:54:37,ACC-0119,ACC-0236,12474.23,INR,IMPS,transfer,,Delhi,completed,,
TXN-FC187CC35C75,2026-07-30 15:00:33,ACC-0339,ACC-0272,13907.25,INR,RTGS,transfer,rent,Ahmedabad,completed,,
TXN-6FAC7F7BB6E7,2026-07-30 15:06:59,ACC-0507,ACC-0573,18316.95,INR,IMPS,transfer,utilities,Pune,completed,,
TXN-1436AA4BBDB1,2026-07-30 15:07:05,ACC-0124,ACC-0160,17228.38,INR,NEFT,transfer,,Pune,completed,,
TXN-406FC8FDB885,2026-07-30 15:13:28,ACC-0257,ACC-0552,11350.84,INR,UPI,transfer,fuel,Mumbai,completed,,
TXN-A3281811D58B,2026-07-30 15:18:10,ACC-0483,ACC-0578,11449.76,INR,RTGS,transfer,rent,Delhi,completed,,
TXN-007CBE13C723,2026-07-30 15:30:51,ACC-0401,ACC-0471,48932.74,INR,RTGS,transfer,subscription,Chennai,completed,,
TXN-235337BC0830,2026-07-30 15:38:01,ACC-0336,ACC-0293,8683.3,INR,IMPS,transfer,rent,Mumbai,completed,,
TXN-63B1C5E22E3F,2026-07-30 15:40:22,ACC-0389,ACC-0483,12027.65,INR,NEFT,transfer,shopping,Pune,completed,,
TXN-3E6A654C5273,2026-07-30 15:42:53,ACC-0191,ACC-0527,21533.74,INR,UPI,transfer,shopping,Delhi,completed,,
TXN-A1AF2655FC93,2026-07-30 16:01:11,ACC-0409,ACC-0276,24116.62,INR,UPI,transfer,shopping,Delhi,completed,,
TXN-2079B76D8189,2026-07-30 16:02:30,ACC-0314,ACC-0162,22836.02,INR,RTGS,transfer,subscription,Delhi,completed,,
TXN-A1F60ADF7A22,2026-07-30 16:14:16,ACC-0165,ACC-0459,19859.97,INR,UPI,transfer,utilities,Pune,completed,,
TXN-C4A85894D09C,2026-07-30 16:16:05,ACC-0583,ACC-0497,18199.74,INR,CASH,transfer,groceries,Mumbai,completed,,
TXN-B49879D2AAD0,2026-07-30 16:36:57,ACC-0414,ACC-0548,7569.73,INR,NEFT,transfer,fuel,Bangalore,completed,,
TXN-1E306D4223FA,2026-07-30 16:41:24,ACC-0373,ACC-0349,12214.41,INR,CASH,transfer,shopping,Pune,completed,,
TXN-B682C1D4EE0B,2026-07-30 16:53:16,ACC-0438,ACC-0162,65348.4,INR,UPI,transfer,fuel,Delhi,completed,,
TXN-E8CD1BE83A15,2026-07-30 16:55:47,ACC-0407,ACC-0487,83407.88,INR,UPI,transfer,subscription,Ahmedabad,completed,,
TXN-1DCA4014D78A,2026-07-30 17:00:49,ACC-0530,ACC-0140,15633.2,INR,IMPS,transfer,restaurant,Chennai,completed,,
TXN-913750BEDBCC,2026-07-30 17:07:03,ACC-0417,ACC-0505,9519.57,INR,UPI,transfer,shopping,Delhi,completed,,
TXN-0A8AFD141C8F,2026-07-30 17:17:59,ACC-0169,ACC-0103,16614.56,INR,UPI,transfer,subscription,Mumbai,completed,,
TXN-5DA82E108256,2026-07-30 17:20:16,ACC-0130,ACC-0118,22619.51,INR,UPI,transfer,shopping,Hyderabad,completed,,
TXN-C27FA85DB77D,2026-07-30 17:28:50,ACC-0507,ACC-0364,20776.43,INR,NEFT,transfer,utilities,Hyderabad,completed,,
TXN-25085973D52C,2026-07-30 17:35:41,ACC-0110,ACC-0377,7730.86,INR,RTGS,transfer,rent,Hyderabad,completed,,
TXN-C0BF733CF005,2026-07-30 17:38:22,ACC-0291,ACC-0126,39690.64,INR,RTGS,transfer,subscription,Mumbai,completed,,
TXN-A8A44BB4C4B8,2026-07-30 17:41:25,ACC-0348,ACC-0254,75171.53,INR,UPI,transfer,,Delhi,completed,,
TXN-D684B2117DB9,2026-07-30 17:52:31,ACC-0324,ACC-0333,11292.1,INR,UPI,transfer,,Pune,completed,,
TXN-A50E52F4554F,2026-07-30 17:58:59,ACC-0238,ACC-0116,17151.03,INR,UPI,transfer,shopping,Hyderabad,completed,,
TXN-94965AAB49E4,2026-07-30 18:09:47,ACC-0302,ACC-0151,13308.69,INR,UPI,transfer,utilities,Bangalore,completed,,
TXN-54D40307C6BA,2026-07-30 18:17:18,ACC-0200,ACC-0310,25979.75,INR,UPI,transfer,rent,Delhi,completed,,
TXN-772B427BE7AB,2026-07-30 18:21:51,ACC-0284,ACC-0168,9247.87,INR,UPI,transfer,restaurant,Mumbai,completed,,
TXN-CBFFAEB822D8,2026-07-30 18:23:13,ACC-0350,ACC-0193,16787.28,INR,IMPS,transfer,restaurant,Bangalore,completed,,
TXN-B6E80FE30E48,2026-07-30 18:24:04,ACC-0185,ACC-0570,12769.9,INR,UPI,transfer,shopping,Bangalore,completed,,
TXN-2F4DC9512626,2026-07-30 18:25:23,ACC-0587,ACC-0313,10714.26,INR,IMPS,transfer,shopping,Hyderabad,completed,,
TXN-B376DBF7710E,2026-07-30 18:46:26,ACC-0137,ACC-0268,62266.76,INR,UPI,transfer,rent,Kolkata,completed,,
TXN-F0FF18A2CD2D,2026-07-30 18:46:48,ACC-0455,ACC-0446,13005.87,INR,IMPS,transfer,groceries,Kolkata,completed,,
TXN-15707B366C15,2026-07-30 18:53:59,ACC-0298,ACC-0106,22999.6,INR,IMPS,transfer,restaurant,Mumbai,completed,,
TXN-D799017E3FF7,2026-07-30 19:02:41,ACC-0112,ACC-0147,17787.64,INR,UPI,transfer,restaurant,Bangalore,completed,,
TXN-D7DBDDC23503,2026-07-30 19:10:55,ACC-0571,ACC-0274,9331.92,INR,NEFT,transfer,restaurant,Pune,completed,,
TXN-638BC096DEC6,2026-07-30 19:13:17,ACC-0478,ACC-0511,17992.86,INR,UPI,transfer,groceries,Bangalore,completed,,
TXN-DD6BD2727548,2026-07-30 19:17:56,ACC-0342,ACC-0437,21672.82,INR,UPI,transfer,,Hyderabad,completed,,
TXN-AE0E6798BD74,2026-07-30 19:24:19,ACC-0466,ACC-0275,10392.21,INR,UPI,transfer,medical,Kolkata,completed,,
TXN-97568C81C591,2026-07-30 19:35:03,ACC-0413,ACC-0560,22782.15,INR,NEFT,transfer,subscription,Ahmedabad,completed,,
TXN-FC71F2EF1468,2026-07-30 19:35:14,ACC-0383,ACC-0466,1101.62,INR,NEFT,transfer,groceries,Chennai,completed,,
TXN-7BDDB254F35D,2026-07-30 20:24:42,ACC-0372,ACC-0259,15881.8,INR,IMPS,transfer,fuel,Hyderabad,completed,,
TXN-2790AE58A605,2026-07-30 20:43:34,ACC-0264,ACC-0523,10972.13,INR,IMPS,transfer,rent,Pune,completed,,
TXN-AC304DD66AF4,2026-07-30 20:44:09,ACC-0405,ACC-0529,1545.54,INR,UPI,transfer,,Pune,completed,,
TXN-1AD1EAA5A272,2026-07-30 20:44:18,ACC-0171,ACC-0305,26697.97,INR,NEFT,transfer,rent,Ahmedabad,completed,,
TXN-093A7DE5817E,2026-07-30 20:55:59,ACC-0186,ACC-0173,16817.77,INR,NEFT,transfer,,Pune,completed,,
TXN-C6DC030D5E1B,2026-07-30 21:01:41,ACC-0343,ACC-0213,20727.47,INR,CASH,transfer,restaurant,Ahmedabad,completed,,
TXN-DBC91774B8E7,2026-07-30 21:42:47,ACC-0587,ACC-0280,13703.43,INR,IMPS,transfer,,Hyderabad,completed,,
TXN-A081E600BA6C,2026-07-30 21:57:33,ACC-0162,ACC-0237,22231.24,INR,NEFT,transfer,groceries,Kolkata,completed,,
TXN-4963FC7144CC,2026-07-30 21:58:36,ACC-0167,ACC-0375,24207.79,INR,UPI,transfer,utilities,Kolkata,completed,,
TXN-45B2C761DD2C,2026-07-30 22:14:50,ACC-0554,ACC-0193,10217.6,INR,NEFT,transfer,restaurant,Hyderabad,completed,,
TXN-41693BAD28D8,2026-07-30 22:24:18,ACC-0487,ACC-0201,16678.22,INR,UPI,transfer,groceries,Bangalore,completed,,
TXN-DA2AA4AC6BB2,2026-07-30 22:27:30,ACC-0264,ACC-0183,12563.62,INR,CASH,transfer,subscription,Delhi,completed,,
TXN-4DC4062ACDA4,2026-07-30 22:40:57,ACC-0330,ACC-0401,15042.97,INR,UPI,transfer,shopping,Mumbai,completed,,
TXN-B0AF9B739E58,2026-07-30 23:12:43,ACC-0506,ACC-0435,13589.9,INR,IMPS,transfer,utilities,Mumbai,completed,,
TXN-CA35554E7A32,2026-07-30 23:15:39,ACC-0259,ACC-0277,64379.44,INR,RTGS,transfer,,Kolkata,completed,,
TXN-EB04D83D7849,2026-07-30 23:44:11,ACC-0385,ACC-0228,105682.46,INR,NEFT,transfer,subscription,Pune,completed,,
TXN-BC7D60E8D2E7,2026-07-31 00:02:58,ACC-0155,ACC-0159,37939.89,INR,IMPS,transfer,,Kolkata,completed,,
TXN-A57C2B06B55A,2026-07-31 00:40:48,ACC-0143,ACC-0443,13267.16,INR,RTGS,transfer,subscription,Mumbai,completed,,
TXN-7C8B41F12374,2026-07-31 00:42:42,ACC-0485,ACC-0232,19574.65,INR,IMPS,transfer,restaurant,Delhi,completed,,
TXN-9BCF02CF39D8,2026-07-31 00:46:09,ACC-0488,ACC-0264,18082.03,INR,NEFT,transfer,subscription,Kolkata,completed,,
TXN-1C9CA0E1E500,2026-07-31 00:50:43,ACC-0350,ACC-0250,21201.9,INR,IMPS,transfer,subscription,Delhi,completed,,
TXN-333922E5A9AE,2026-07-31 00:52:31,ACC-0293,ACC-0144,147887.7,INR,UPI,transfer,restaurant,Hyderabad,completed,,
TXN-B07A328388A0,2026-07-31 01:20:28,ACC-0102,ACC-0407,13442.06,INR,IMPS,transfer,fuel,Hyderabad,completed,,
TXN-037CABF29088,2026-07-31 01:34:17,ACC-0592,ACC-0490,11739.67,INR,RTGS,transfer,subscription,Bangalore,completed,,
TXN-096352D8B18D,2026-07-31 01:55:07,ACC-0584,ACC-0114,35585.94,INR,UPI,transfer,utilities,Kolkata,completed,,
TXN-A7B3AA3C4BA8,2026-07-31 02:10:39,ACC-0566,ACC-0183,25494.63,INR,UPI,transfer,subscription,Kolkata,completed,,
TXN-EA1EC8776864,2026-07-31 02:14:44,ACC-0564,ACC-0224,21005.89,INR,NEFT,transfer,utilities,Kolkata,completed,,
TXN-A05CBDE3B2B2,2026-07-31 02:23:01,ACC-0415,ACC-0503,22212.6,INR,RTGS,transfer,,Delhi,completed,,
TXN-C9B3CA508910,2026-07-31 02:44:14,ACC-0432,ACC-0476,22593.12,INR,UPI,transfer,subscription,Hyderabad,completed,,
TXN-748D4C2EC3E0,2026-07-31 02:46:17,ACC-0254,ACC-0192,13424.39,INR,UPI,transfer,groceries,Ahmedabad,completed,,
TXN-2D1143CA7ED9,2026-07-31 02:58:24,ACC-0471,ACC-0484,17063.3,INR,NEFT,transfer,fuel,Pune,completed,,
TXN-EE15E7FADE0B,2026-07-31 03:20:22,ACC-0168,ACC-0561,4470.7,INR,IMPS,transfer,restaurant,Delhi,completed,,
TXN-9DB9E2FBFDBB,2026-07-31 03:22:15,ACC-0420,ACC-0585,19938.76,INR,UPI,transfer,restaurant,Mumbai,completed,,
TXN-44DF1D709053,2026-07-31 03:28:14,ACC-0193,ACC-0546,22079.61,INR,RTGS,transfer,subscription,Hyderabad,completed,,
TXN-C94F8D9A2827,2026-07-31 03:36:05,ACC-0351,ACC-0372,18123.3,INR,RTGS,transfer,restaurant,Ahmedabad,completed,,
TXN-E746EB65D88F,2026-07-31 03:36:17,ACC-F-001,ACC-0210,15276.75,INR,UPI,transfer,fuel,Chennai,completed,,
TXN-DE4C40C56F14,2026-07-31 03:46:38,ACC-0176,ACC-0298,23815.7,INR,UPI,transfer,subscription,Ahmedabad,completed,,
TXN-0D408F59952B,2026-07-31 03:53:28,ACC-0114,ACC-0173,15501.43,INR,NEFT,transfer,,Hyderabad,completed,,
TXN-42F359FA4325,2026-07-31 03:59:28,ACC-0261,ACC-0201,5625.03,INR,NEFT,transfer,subscription,Kolkata,completed,,
TXN-37ECDAEA3522,2026-07-31 03:59:29,ACC-0171,ACC-0317,15655.49,INR,CASH,transfer,subscription,Kolkata,completed,,
TXN-A0B7AED8EB2A,2026-07-31 04:06:52,ACC-0487,ACC-0247,18761.81,INR,UPI,transfer,medical,Delhi,completed,,
TXN-819937A515CB,2026-07-31 04:15:51,ACC-0350,ACC-0257,21562.78,INR,UPI,transfer,medical,Mumbai,completed,,
TXN-6F06AF911B7C,2026-07-31 04:19:17,ACC-0531,ACC-0575,17594.53,INR,UPI,transfer,medical,Hyderabad,completed,,
TXN-C84885FF5B70,2026-07-31 04:32:45,ACC-0381,ACC-0490,10791.19,INR,UPI,transfer,restaurant,Kolkata,completed,,
TXN-3BE3801BE0AD,2026-07-31 04:41:20,ACC-0297,ACC-0188,18155.32,INR,NEFT,transfer,rent,Bangalore,completed,,
TXN-D0F1C7AEB992,2026-07-31 04:42:23,ACC-0584,ACC-0579,12788.94,INR,NEFT,transfer,shopping,Pune,completed,,
TXN-C74E4AE3949A,2026-07-31 04:48:06,ACC-0491,ACC-0314,42591.01,INR,RTGS,transfer,,Delhi,completed,,
TXN-8CA63EEB91ED,2026-07-31 04:48:35,ACC-0143,ACC-0162,10869.87,INR,IMPS,transfer,,Mumbai,completed,,
TXN-E19838D8C7B0,2026-07-31 04:51:33,ACC-0295,ACC-0306,47045.41,INR,NEFT,transfer,rent,Ahmedabad,completed,,
TXN-A4032C5EDDEF,2026-07-31 05:00:29,ACC-0564,ACC-0504,24129.86,INR,UPI,transfer,rent,Bangalore,completed,,
TXN-22F122F4495A,2026-07-31 05:24:01,ACC-0124,ACC-0135,14589.97,INR,IMPS,transfer,utilities,Delhi,completed,,
TXN-9D7EA85FB9C3,2026-07-31 05:25:10,ACC-0279,ACC-0198,9917.19,INR,IMPS,transfer,fuel,Kolkata,completed,,
TXN-895E068AA9D0,2026-07-31 05:34:35,ACC-0160,ACC-0452,32020.92,INR,NEFT,transfer,,Pune,completed,,
TXN-7F862C1D3AD5,2026-07-31 05:40:43,ACC-0254,ACC-0569,12491.82,INR,IMPS,transfer,,Chennai,completed,,
TXN-A5174383B109,2026-07-31 05:41:45,ACC-0393,ACC-0212,22028.08,INR,UPI,transfer,subscription,Hyderabad,completed,,
TXN-52781559B8C0,2026-07-31 05:54:57,ACC-0544,ACC-0330,12240.03,INR,IMPS,transfer,medical,Ahmedabad,completed,,
TXN-5201366F127D,2026-07-31 06:01:03,ACC-0307,ACC-0123,10576.63,INR,IMPS,transfer,,Kolkata,completed,,
TXN-CCAC5C3B6166,2026-07-31 06:08:53,ACC-0106,ACC-0480,15139.8,INR,NEFT,transfer,subscription,Hyderabad,completed,,
TXN-16A0CF5400FC,2026-07-31 06:22:29,ACC-0228,ACC-0447,22619.9,INR,IMPS,transfer,subscription,Chennai,completed,,
TXN-A13D1A231E05,2026-07-31 06:24:19,ACC-0247,ACC-0524,9899.89,INR,CASH,transfer,,Mumbai,completed,,
TXN-BBFF743C8CF9,2026-07-31 06:29:41,ACC-0580,ACC-0296,14406.51,INR,UPI,transfer,,Mumbai,completed,,
TXN-632D7CBF7814,2026-07-31 06:46:18,ACC-0553,ACC-0179,60233.53,INR,RTGS,transfer,shopping,Chennai,completed,,
TXN-793410E0CE62,2026-07-31 06:46:56,ACC-0538,ACC-0282,62045.51,INR,CASH,transfer,medical,Hyderabad,completed,,
TXN-1A55154A4F4C,2026-07-31 06:54:15,ACC-0170,ACC-0538,43890.1,INR,UPI,transfer,,Kolkata,completed,,
TXN-ABAD562758BE,2026-07-31 06:59:28,ACC-0124,ACC-0409,10002.38,INR,UPI,transfer,groceries,Hyderabad,completed,,
TXN-DA652D951A72,2026-07-31 07:04:47,ACC-0364,ACC-0338,17217.22,INR,RTGS,transfer,groceries,Kolkata,completed,,
TXN-52C6EA72E7B1,2026-07-31 07:15:51,ACC-0590,ACC-0507,22317.17,INR,RTGS,transfer,shopping,Ahmedabad,completed,,
TXN-116061F9772E,2026-07-31 07:27:01,ACC-0195,ACC-0477,20665.81,INR,UPI,transfer,utilities,Pune,completed,,
TXN-3AC3618BF042,2026-07-31 07:38:40,ACC-0141,ACC-C-001,23398.45,INR,UPI,transfer,utilities,Hyderabad,completed,,
TXN-9B5C5B2F607D,2026-07-31 08:16:49,ACC-0219,ACC-0397,24077.26,INR,UPI,transfer,,Hyderabad,completed,,
TXN-1C2DB6689636,2026-07-31 08:20:22,ACC-0497,ACC-0209,19442.41,INR,NEFT,transfer,medical,Kolkata,completed,,
TXN-E2FD35E1739A,2026-07-31 08:26:18,ACC-0417,ACC-0435,2161.95,INR,NEFT,transfer,,Hyderabad,completed,,
TXN-04C58B778523,2026-07-31 08:26:39,ACC-0120,ACC-0539,10050.63,INR,NEFT,transfer,restaurant,Bangalore,completed,,
TXN-EA6237816E08,2026-07-31 08:30:11,ACC-0114,ACC-0134,13569.76,INR,UPI,transfer,rent,Delhi,completed,,
TXN-7F6AB2202B99,2026-07-31 08:31:43,ACC-0296,ACC-0185,23245.59,INR,NEFT,transfer,groceries,Hyderabad,completed,,
TXN-2EEE89E4A35C,2026-07-31 08:32:20,ACC-0393,ACC-0440,24457.29,INR,NEFT,transfer,shopping,Pune,completed,,
TXN-ABA69DCB9D86,2026-07-31 08:35:40,ACC-0542,ACC-G-001,14601.7,INR,CASH,transfer,utilities,Mumbai,completed,,
TXN-B8B14D1FC170,2026-07-31 08:50:10,ACC-0304,ACC-0119,18929.44,INR,IMPS,transfer,fuel,Bangalore,completed,,
TXN-7C47FA11095B,2026-07-31 08:50:20,ACC-0456,ACC-0553,12501.26,INR,UPI,transfer,,Chennai,completed,,
TXN-472B62B49CF3,2026-07-31 08:52:32,ACC-0324,ACC-0162,14549.94,INR,RTGS,transfer,medical,Pune,completed,,
TXN-91DC11D07781,2026-07-31 09:05:12,ACC-0434,ACC-0335,2693.79,INR,UPI,transfer,utilities,Chennai,completed,,
TXN-5117031DA314,2026-07-31 09:06:46,ACC-0298,ACC-0490,22064.71,INR,IMPS,transfer,medical,Kolkata,completed,,
TXN-B40FEDDB7427,2026-07-31 09:16:51,ACC-0190,ACC-0227,10484.1,INR,UPI,transfer,shopping,Delhi,completed,,
TXN-583107ED4E90,2026-07-31 09:19:10,ACC-0580,ACC-0343,10768.98,INR,NEFT,transfer,utilities,Ahmedabad,completed,,
TXN-6724B76B49A1,2026-07-31 09:29:47,ACC-0482,ACC-0587,92865.61,INR,CASH,transfer,utilities,Ahmedabad,completed,,
TXN-F6B5F9E04C02,2026-07-31 09:51:39,ACC-0107,ACC-0240,18791.82,INR,UPI,transfer,utilities,Bangalore,completed,,
TXN-0BAC808D5785,2026-07-31 09:54:26,ACC-0204,ACC-0522,15689.02,INR,UPI,transfer,shopping,Pune,completed,,
TXN-B0CC69CC055B,2026-07-31 10:19:36,ACC-0341,ACC-0233,22478.85,INR,IMPS,transfer,fuel,Ahmedabad,completed,,
TXN-61B6CE8C1B47,2026-07-31 10:54:46,ACC-0514,ACC-0362,11322.08,INR,IMPS,transfer,groceries,Delhi,completed,,
TXN-B4935607EFA9,2026-07-31 10:59:14,ACC-0196,ACC-0300,16758.99,INR,UPI,transfer,restaurant,Ahmedabad,completed,,
TXN-5CA7FDFBDA42,2026-07-31 11:07:40,ACC-0337,ACC-0149,20677.44,INR,NEFT,transfer,subscription,Hyderabad,completed,,
TXN-CE3F65A5E494,2026-07-31 11:08:31,ACC-0277,ACC-0557,21857.48,INR,UPI,transfer,shopping,Chennai,completed,,
TXN-472A73070537,2026-07-31 11:45:10,ACC-0449,ACC-0240,17494.74,INR,UPI,transfer,utilities,Delhi,completed,,
TXN-F0DBAF58D1C4,2026-07-31 11:54:10,ACC-0559,ACC-G-001,11833.78,INR,NEFT,transfer,rent,Mumbai,completed,,
TXN-33649F92BBD6,2026-07-31 11:56:38,ACC-0505,ACC-0536,12324.92,INR,UPI,transfer,medical,Bangalore,completed,,
TXN-ECA5CA122974,2026-07-31 12:01:21,ACC-0198,ACC-0375,17509.4,INR,IMPS,transfer,groceries,Chennai,completed,,
TXN-B109FF76C8FA,2026-07-31 12:23:47,ACC-0265,ACC-0110,25189.02,INR,RTGS,transfer,,Bangalore,completed,,
TXN-24D1CDFB1397,2026-07-31 12:28:18,ACC-0435,ACC-0539,61971.95,INR,UPI,transfer,,Delhi,completed,,
TXN-7D635E468225,2026-07-31 12:44:23,ACC-0306,ACC-0510,11204.25,INR,RTGS,transfer,subscription,Ahmedabad,completed,,
TXN-C98ECDF0225B,2026-07-31 12:46:11,ACC-0172,ACC-0582,22155.02,INR,NEFT,transfer,,Kolkata,completed,,
TXN-2ABC9694418B,2026-07-31 12:57:09,ACC-0246,ACC-0592,13535.3,INR,IMPS,transfer,fuel,Chennai,completed,,
TXN-C2473A78F81E,2026-07-31 13:06:41,ACC-0580,ACC-0236,11313.55,INR,NEFT,transfer,,Kolkata,completed,,
TXN-B20D255545D4,2026-07-31 13:11:26,ACC-0478,ACC-0345,21057.07,INR,UPI,transfer,utilities,Delhi,completed,,
TXN-A2812713C834,2026-07-31 13:12:25,ACC-0225,ACC-0534,787.85,INR,UPI,transfer,medical,Chennai,completed,,
TXN-C6551BE7CACC,2026-07-31 13:15:24,ACC-0248,ACC-0159,21401.48,INR,IMPS,transfer,groceries,Kolkata,completed,,
TXN-0FB1D4D9E553,2026-07-31 13:37:51,ACC-0376,ACC-0175,10406.54,INR,NEFT,transfer,subscription,Chennai,completed,,
TXN-AD948D74669C,2026-07-31 13:38:09,ACC-0150,ACC-0463,25808.47,INR,UPI,transfer,medical,Delhi,completed,,
TXN-759FD617A612,2026-07-31 13:42:49,ACC-0389,ACC-0501,13552.87,INR,RTGS,transfer,rent,Pune,completed,,
TXN-A228085BABE3,2026-07-31 13:47:30,ACC-0325,ACC-0296,21712.74,INR,IMPS,transfer,subscription,Bangalore,completed,,
TXN-A3F364CDFA9B,2026-07-31 14:00:04,ACC-0383,ACC-0340,19345.75,INR,IMPS,transfer,utilities,Mumbai,completed,,
TXN-EC0B11A76CC9,2026-07-31 14:13:06,ACC-0113,ACC-0297,13349.4,INR,RTGS,transfer,groceries,Ahmedabad,completed,,
TXN-A7CCFFA1F563,2026-07-31 14:17:01,ACC-0141,ACC-0558,28575.78,INR,UPI,transfer,subscription,Mumbai,completed,,
TXN-C9F4B25926B4,2026-07-31 14:17:06,ACC-0519,ACC-0235,4807.41,INR,RTGS,transfer,rent,Ahmedabad,completed,,
TXN-5C8779FBE5F6,2026-07-31 14:17:55,ACC-0441,ACC-0470,18654.81,INR,IMPS,transfer,subscription,Ahmedabad,completed,,
TXN-3593077ED172,2026-07-31 14:28:35,ACC-0106,ACC-0330,14052.95,INR,UPI,transfer,utilities,Mumbai,completed,,
TXN-F29BB0DAE793,2026-07-31 14:28:51,ACC-0389,ACC-0445,12598.7,INR,IMPS,transfer,restaurant,Delhi,completed,,
TXN-13BF82935F0D,2026-07-31 14:33:48,ACC-0467,ACC-0155,20417.42,INR,UPI,transfer,medical,Kolkata,completed,,
TXN-83340F5A001E,2026-07-31 14:34:39,ACC-0149,ACC-0555,20182.26,INR,UPI,transfer,utilities,Ahmedabad,completed,,
TXN-05133A9A94E4,2026-07-31 14:39:52,ACC-0289,ACC-0467,20367.01,INR,RTGS,transfer,,Mumbai,completed,,
TXN-711A4118586E,2026-07-31 14:40:20,ACC-0546,ACC-0203,26310.54,INR,UPI,transfer,fuel,Chennai,completed,,
TXN-D28C66D4B87C,2026-07-31 14:49:34,ACC-0376,ACC-0454,10715.25,INR,UPI,transfer,utilities,Kolkata,completed,,
TXN-151B1FB5C1A9,2026-07-31 14:53:47,ACC-0226,ACC-0228,4086.32,INR,NEFT,transfer,rent,Mumbai,completed,,
TXN-FB4E92A1AC1D,2026-07-31 15:24:41,ACC-0202,ACC-0169,11672.93,INR,RTGS,transfer,,Hyderabad,completed,,
TXN-D4EE027D0FE0,2026-07-31 15:43:19,ACC-0117,ACC-0503,16829.91,INR,RTGS,transfer,,Chennai,completed,,
TXN-FFDBAE1275A5,2026-07-31 15:44:29,ACC-0501,ACC-0448,124718.34,INR,IMPS,transfer,,Delhi,completed,,
TXN-DFDD23A42C0B,2026-07-31 15:51:08,ACC-0412,ACC-0139,17319.54,INR,UPI,transfer,restaurant,Ahmedabad,completed,,
TXN-DA6560E8AE94,2026-07-31 15:51:49,ACC-0291,ACC-0552,255.77,INR,NEFT,transfer,fuel,Kolkata,completed,,
TXN-62F7FACF8C2E,2026-07-31 15:51:58,ACC-0358,ACC-0492,18013.87,INR,NEFT,transfer,restaurant,Kolkata,completed,,
TXN-73A8F2630942,2026-07-31 15:52:32,ACC-0248,ACC-0133,22337.26,INR,IMPS,transfer,rent,Delhi,completed,,
TXN-C339991E570A,2026-07-31 15:52:42,ACC-0431,ACC-0135,31066.86,INR,NEFT,transfer,rent,Mumbai,completed,,
TXN-B2D9262CCAC9,2026-07-31 15:55:53,ACC-0339,ACC-0200,15574.66,INR,UPI,transfer,groceries,Chennai,completed,,
TXN-464E4B2024CB,2026-07-31 16:18:31,ACC-0140,ACC-0494,21120.64,INR,IMPS,transfer,,Delhi,completed,,
TXN-530D4E0A1FB2,2026-07-31 16:19:48,ACC-0370,ACC-0574,10682.52,INR,IMPS,transfer,restaurant,Delhi,completed,,
TXN-E9B1B8E524A9,2026-07-31 16:34:33,ACC-0279,ACC-0560,10432.79,INR,IMPS,transfer,rent,Chennai,completed,,
TXN-D1F1943CDF29,2026-07-31 16:35:09,ACC-0169,ACC-0450,17940.87,INR,IMPS,transfer,,Delhi,completed,,
TXN-501D8E4E7952,2026-07-31 16:41:23,ACC-0361,ACC-0521,12960.72,INR,NEFT,transfer,fuel,Mumbai,completed,,
TXN-D97C42E556F8,2026-07-31 16:49:03,ACC-0133,ACC-0410,22328.39,INR,UPI,transfer,utilities,Mumbai,completed,,
TXN-7724857A6DDB,2026-07-31 16:50:05,ACC-0417,ACC-0530,32502.18,INR,RTGS,transfer,,Delhi,completed,,
TXN-E0D31B84F7E5,2026-07-31 16:51:21,ACC-0373,ACC-0196,9666.16,INR,UPI,transfer,restaurant,Hyderabad,completed,,
TXN-6C66FDD65D27,2026-07-31 16:58:44,ACC-0454,ACC-E-001,19109.12,INR,NEFT,transfer,medical,Delhi,completed,,
TXN-41B1CF4E94B5,2026-07-31 17:42:45,ACC-0112,ACC-0370,24748.12,INR,UPI,transfer,rent,Hyderabad,completed,,
TXN-A616D43E6EF8,2026-07-31 17:44:03,ACC-0238,ACC-0553,33227.42,INR,CASH,transfer,subscription,Pune,completed,,
TXN-1DAB93281746,2026-07-31 17:47:10,ACC-0343,ACC-0543,23765.24,INR,UPI,transfer,rent,Chennai,completed,,
TXN-EC94EFEDA58B,2026-07-31 17:49:25,ACC-0394,ACC-0148,711.16,INR,IMPS,transfer,utilities,Bangalore,completed,,
TXN-4C63D292828E,2026-07-31 18:11:11,ACC-0472,ACC-0210,75130.09,INR,NEFT,transfer,restaurant,Pune,completed,,
TXN-D830CECB04D0,2026-07-31 18:27:47,ACC-0541,ACC-0265,32609.36,INR,IMPS,transfer,groceries,Pune,completed,,
TXN-3AFEA3E4B00A,2026-07-31 18:57:35,ACC-0278,ACC-0324,22661.67,INR,UPI,transfer,restaurant,Kolkata,completed,,
TXN-3E39F908909B,2026-07-31 19:02:24,ACC-0578,ACC-0442,8120.35,INR,RTGS,transfer,shopping,Pune,completed,,
TXN-AEF3A66C5025,2026-07-31 19:06:45,ACC-0411,ACC-0545,17717.31,INR,RTGS,transfer,groceries,Pune,completed,,
TXN-E64CE8F79D0E,2026-07-31 19:20:30,ACC-0232,ACC-0197,17876.01,INR,UPI,transfer,,Mumbai,completed,,
TXN-6A0FF622E138,2026-07-31 19:38:26,ACC-0117,ACC-0534,25365.9,INR,UPI,transfer,shopping,Pune,completed,,
TXN-0053213821AF,2026-07-31 19:43:21,ACC-0559,ACC-0405,14851.79,INR,IMPS,transfer,fuel,Chennai,completed,,
TXN-BB2FC69A8872,2026-07-31 20:07:12,ACC-0234,ACC-0578,12904.64,INR,NEFT,transfer,groceries,Bangalore,completed,,
TXN-B16C321C0A20,2026-07-31 20:13:41,ACC-0326,ACC-0520,16644.43,INR,IMPS,transfer,shopping,Bangalore,completed,,
TXN-3F48CE97FF21,2026-07-31 20:22:47,ACC-0440,ACC-0103,19212.31,INR,NEFT,transfer,,Mumbai,completed,,
TXN-1780495461F8,2026-07-31 20:47:27,ACC-0510,ACC-0270,18330.28,INR,UPI,transfer,restaurant,Bangalore,completed,,
TXN-2EF9100AE585,2026-07-31 21:01:33,ACC-0334,ACC-0304,26645.04,INR,UPI,transfer,groceries,Hyderabad,completed,,
TXN-BE24A5727456,2026-07-31 21:03:23,ACC-0251,ACC-0209,14413.17,INR,RTGS,transfer,fuel,Bangalore,completed,,
TXN-F5CEDC9964C4,2026-07-31 21:05:09,ACC-0421,ACC-0508,11061.73,INR,UPI,transfer,,Kolkata,completed,,
TXN-6EC8F7201A52,2026-07-31 21:06:40,ACC-0374,ACC-0294,38034.83,INR,UPI,transfer,subscription,Pune,completed,,
TXN-26139A3688AF,2026-07-31 21:10:17,ACC-0223,ACC-0312,19494.59,INR,RTGS,transfer,groceries,Hyderabad,completed,,
TXN-F8259DA53412,2026-07-31 21:12:23,ACC-0416,ACC-0104,16103.8,INR,UPI,transfer,medical,Kolkata,completed,,
TXN-354FB24A50BA,2026-07-31 21:15:19,ACC-0514,ACC-0549,11201.75,INR,UPI,transfer,groceries,Kolkata,completed,,
TXN-0E5957A533FB,2026-07-31 21:17:27,ACC-0349,ACC-0376,26152.15,INR,UPI,transfer,subscription,Ahmedabad,completed,,
TXN-549E5CDF9082,2026-07-31 21:29:22,ACC-0507,ACC-0126,21385.95,INR,UPI,transfer,,Chennai,completed,,
TXN-5B00F67587FD,2026-07-31 21:34:01,ACC-0331,ACC-0280,25318.49,INR,UPI,transfer,medical,Bangalore,completed,,
TXN-2F9A4755BAC6,2026-07-31 21:35:33,ACC-0383,ACC-0325,9925.5,INR,IMPS,transfer,subscription,Bangalore,completed,,
TXN-D3670BDF3AD3,2026-07-31 21:40:04,ACC-0366,ACC-0484,20680.37,INR,RTGS,transfer,subscription,Bangalore,completed,,
TXN-7E471074BB19,2026-07-31 21:45:01,ACC-0590,ACC-0151,17394.57,INR,IMPS,transfer,shopping,Delhi,completed,,
TXN-1486ADEFB935,2026-07-31 21:50:28,ACC-0261,ACC-0368,12282.99,INR,UPI,transfer,fuel,Mumbai,completed,,
TXN-555E6017B1A6,2026-07-31 21:58:14,ACC-0463,ACC-0367,11479.05,INR,RTGS,transfer,groceries,Bangalore,completed,,
TXN-64023D157309,2026-07-31 22:08:55,ACC-0583,ACC-0436,20390.7,INR,NEFT,transfer,,Delhi,completed,,
TXN-FE4D2692A6DC,2026-07-31 22:11:42,ACC-0310,ACC-0294,19807.65,INR,UPI,transfer,restaurant,Bangalore,completed,,
TXN-2BD54F489EBB,2026-07-31 22:17:25,ACC-0445,ACC-0410,22531.13,INR,IMPS,transfer,groceries,Mumbai,completed,,
TXN-FB67929F6809,2026-07-31 22:32:04,ACC-0280,ACC-0195,19035.06,INR,UPI,transfer,medical,Delhi,completed,,
TXN-26F58113637C,2026-07-31 23:35:31,ACC-0348,ACC-0352,38157.75,INR,UPI,transfer,fuel,Pune,completed,,
TXN-9C505D157B07,2026-07-31 23:44:36,ACC-0456,ACC-0119,9676.56,INR,IMPS,transfer,subscription,Chennai,completed,,
TXN-A38AA00EAB47,2026-07-31 23:48:59,ACC-0293,ACC-0557,93190.34,INR,IMPS,transfer,subscription,Chennai,completed,,
TXN-2F1056991B8D,2026-07-31 23:54:25,ACC-0425,ACC-0388,20089.86,INR,NEFT,transfer,medical,Mumbai,completed,,
TXN-0B2024686AED,2026-07-31 23:54:57,ACC-0462,ACC-0183,19480.72,INR,IMPS,transfer,shopping,Bangalore,completed,,
TXN-33EDED2A7CCF,2026-07-31 23:59:44,ACC-0515,ACC-0279,30010.66,INR,NEFT,transfer,medical,Mumbai,completed,,
TXN-46B9DE650B7C,2026-08-01 00:01:54,ACC-0481,ACC-0320,11491.09,INR,NEFT,transfer,groceries,Ahmedabad,completed,,
TXN-08CFD94E9972,2026-08-01 00:12:06,ACC-0367,ACC-0531,25787.91,INR,UPI,transfer,subscription,Hyderabad,completed,,
TXN-4BECEADAAD06,2026-08-01 00:17:20,ACC-0387,ACC-0373,20861.59,INR,RTGS,transfer,subscription,Ahmedabad,completed,,
TXN-04C6A9215129,2026-08-01 00:19:11,ACC-0168,ACC-0461,950.84,INR,NEFT,transfer,medical,Bangalore,completed,,
TXN-2BDA7D645897,2026-08-01 00:20:22,ACC-0336,ACC-0261,10828.27,INR,UPI,transfer,,Ahmedabad,completed,,
TXN-61C4660AE6CC,2026-08-01 00:24:20,ACC-0151,ACC-0139,115096.81,INR,RTGS,transfer,shopping,Delhi,completed,,
TXN-FB0BEC3A49C1,2026-08-01 00:26:09,ACC-0259,ACC-0263,65331.38,INR,NEFT,transfer,restaurant,Ahmedabad,completed,,
TXN-1D027A11494C,2026-08-01 00:40:24,ACC-0445,ACC-0384,17489.06,INR,UPI,transfer,restaurant,Kolkata,completed,,
TXN-332821AAF2DA,2026-08-01 01:13:44,ACC-0481,ACC-0108,19757.36,INR,RTGS,transfer,,Kolkata,completed,,
TXN-4E56A83EF6CF,2026-08-01 01:24:25,ACC-0365,ACC-0238,10862.26,INR,RTGS,transfer,rent,Pune,completed,,
TXN-F68657DF940E,2026-08-01 01:43:13,ACC-0353,ACC-0144,24006.53,INR,UPI,transfer,rent,Kolkata,completed,,
TXN-251F5FD478B5,2026-08-01 01:43:59,ACC-0172,ACC-0130,28097.24,INR,IMPS,transfer,groceries,Kolkata,completed,,
TXN-E59432097698,2026-08-01 01:45:28,ACC-0163,ACC-0260,12207.97,INR,NEFT,transfer,subscription,Ahmedabad,completed,,
TXN-1428A530F81E,2026-08-01 01:51:49,ACC-0287,ACC-0270,11572.69,INR,UPI,transfer,,Hyderabad,completed,,
TXN-039999B8DDEA,2026-08-01 02:08:35,ACC-0551,ACC-A-001,21555.91,INR,UPI,transfer,shopping,Mumbai,completed,,
TXN-1C7EC507E3E9,2026-08-01 02:12:35,ACC-0209,ACC-0171,24506.26,INR,IMPS,transfer,rent,Delhi,completed,,
TXN-F33E6D6E7702,2026-08-01 02:27:02,ACC-0438,ACC-0478,33179.15,INR,UPI,transfer,rent,Ahmedabad,completed,,
TXN-9D8D6FA03BF2,2026-08-01 02:37:23,ACC-0441,ACC-0519,22229.18,INR,UPI,transfer,,Mumbai,completed,,
TXN-904E121473CF,2026-08-01 02:42:58,ACC-0133,ACC-0384,21866.18,INR,UPI,transfer,fuel,Mumbai,completed,,
TXN-EBAF6A60A89F,2026-08-01 02:50:23,ACC-0561,ACC-0366,19446.94,INR,NEFT,transfer,fuel,Ahmedabad,completed,,
TXN-F799E7E76DD1,2026-08-01 02:53:44,ACC-0433,ACC-0143,11886.07,INR,IMPS,transfer,fuel,Delhi,completed,,
TXN-826073F4CDAF,2026-08-01 02:58:29,ACC-0481,ACC-0227,18095.12,INR,UPI,transfer,subscription,Pune,completed,,
TXN-062468220E95,2026-08-01 03:05:41,ACC-0463,ACC-0215,11273.74,INR,RTGS,transfer,rent,Chennai,completed,,
TXN-15AF820BA7D2,2026-08-01 03:11:40,ACC-0492,ACC-0476,51600.84,INR,IMPS,transfer,fuel,Hyderabad,completed,,
TXN-1A1790D12D65,2026-08-01 03:14:27,ACC-0179,ACC-0465,22306.23,INR,IMPS,transfer,,Delhi,completed,,
TXN-FE7C34797E16,2026-08-01 03:15:50,ACC-A-001,ACC-0229,51925.67,INR,IMPS,transfer,groceries,Pune,completed,,
TXN-C91D67439349,2026-08-01 03:15:54,ACC-0122,ACC-0422,81785.68,INR,UPI,transfer,restaurant,Ahmedabad,completed,,
TXN-53C6B6D9349D,2026-08-01 03:22:55,ACC-0304,ACC-0391,30107.73,INR,RTGS,transfer,restaurant,Ahmedabad,completed,,
TXN-BD9F330F6CD8,2026-08-01 03:27:34,ACC-0234,ACC-0298,12737.88,INR,CASH,transfer,subscription,Bangalore,completed,,
TXN-F0B7047A201A,2026-08-01 03:30:28,ACC-0252,ACC-0403,23579.7,INR,UPI,transfer,groceries,Bangalore,completed,,
TXN-12BDD82E4C1B,2026-08-01 03:42:51,ACC-0266,ACC-0284,9635.83,INR,CASH,transfer,shopping,Pune,completed,,
TXN-A592F7BB32BE,2026-08-01 03:44:10,ACC-0231,ACC-0336,20192.34,INR,UPI,transfer,subscription,Kolkata,completed,,
TXN-BA5A020F778B,2026-08-01 03:55:26,ACC-0134,ACC-0185,15218.82,INR,UPI,transfer,groceries,Mumbai,completed,,
TXN-E348853FC307,2026-08-01 04:01:57,ACC-0561,ACC-0578,23821.2,INR,UPI,transfer,,Bangalore,completed,,
TXN-B78C818B5B83,2026-08-01 04:06:38,ACC-0253,ACC-0201,18400.49,INR,UPI,transfer,utilities,Bangalore,completed,,
TXN-FBECAAF0A43F,2026-08-01 04:15:37,ACC-0407,ACC-0121,81546.31,INR,NEFT,transfer,groceries,Ahmedabad,completed,,
TXN-05170F6FF41A,2026-08-01 04:17:34,ACC-F-001,ACC-G-001,21106.76,INR,IMPS,transfer,medical,Bangalore,completed,,
TXN-ABA480420F42,2026-08-01 04:17:42,ACC-0181,ACC-0484,17778.09,INR,UPI,transfer,fuel,Bangalore,completed,,
TXN-CBF14A0D8C55,2026-08-01 04:29:09,ACC-0441,ACC-0152,123396.99,INR,IMPS,transfer,,Mumbai,completed,,
TXN-99BE3BDCFF24,2026-08-01 04:36:38,ACC-0434,ACC-0256,23813.1,INR,UPI,transfer,subscription,Bangalore,completed,,
TXN-BACF426135C2,2026-08-01 04:36:58,ACC-0201,ACC-0478,9929.85,INR,UPI,transfer,,Bangalore,completed,,
TXN-2ED1197C26B8,2026-08-01 04:45:12,ACC-0495,ACC-0220,22279.04,INR,UPI,transfer,restaurant,Pune,completed,,
TXN-7B991E4ADF24,2026-08-01 04:50:49,ACC-0277,ACC-0514,19997.17,INR,UPI,transfer,shopping,Hyderabad,completed,,
TXN-760A873262F8,2026-08-01 04:58:16,ACC-0251,ACC-0352,13980.62,INR,IMPS,transfer,utilities,Hyderabad,completed,,
TXN-A9AB3892CBDC,2026-08-01 05:00:50,ACC-0259,ACC-0561,5462.06,INR,NEFT,transfer,medical,Ahmedabad,completed,,
TXN-CC182969D056,2026-08-01 05:11:47,ACC-0449,ACC-0544,18714.46,INR,UPI,transfer,utilities,Kolkata,completed,,
TXN-102C6FB66622,2026-08-01 05:14:48,ACC-0419,ACC-0387,21747.75,INR,IMPS,transfer,fuel,Chennai,completed,,
TXN-DFC1F130118B,2026-08-01 05:37:06,ACC-0338,ACC-0175,23812.5,INR,UPI,transfer,,Kolkata,completed,,
TXN-90E89FCAB575,2026-08-01 05:39:57,ACC-0184,ACC-0191,152.93,INR,UPI,transfer,,Bangalore,completed,,
TXN-9D38F545F960,2026-08-01 06:01:29,ACC-0453,ACC-0367,13760.21,INR,UPI,transfer,,Mumbai,completed,,
TXN-FFA9A3549A4E,2026-08-01 06:02:32,ACC-0201,ACC-0390,12839.69,INR,UPI,transfer,fuel,Delhi,completed,,
TXN-C9D0C1D961BD,2026-08-01 06:07:14,ACC-0143,ACC-0314,9853.84,INR,CASH,transfer,medical,Pune,completed,,
TXN-F478ACD5793D,2026-08-01 06:07:28,ACC-0407,ACC-0222,48922.14,INR,CASH,transfer,subscription,Ahmedabad,completed,,
TXN-76F1D6F68F47,2026-08-01 06:47:31,ACC-0210,ACC-0315,17573.99,INR,RTGS,transfer,medical,Mumbai,completed,,
TXN-A4D47AC24DF9,2026-08-01 07:06:33,ACC-0488,ACC-0437,24343.15,INR,RTGS,transfer,shopping,Chennai,completed,,
TXN-1FA3BA00D927,2026-08-01 07:07:39,ACC-0152,ACC-0437,20462.7,INR,UPI,transfer,,Chennai,completed,,
TXN-44DE2636E0B0,2026-08-01 07:18:19,ACC-0220,ACC-0330,10920.23,INR,UPI,transfer,shopping,Delhi,completed,,
TXN-262EF8E80F71,2026-08-01 07:51:21,ACC-0238,ACC-0516,27874.71,INR,IMPS,transfer,medical,Kolkata,completed,,
TXN-7852E1CD2682,2026-08-01 07:52:59,ACC-0214,ACC-0451,43480.83,INR,CASH,transfer,,Kolkata,completed,,
TXN-5F931DFBC944,2026-08-01 08:00:34,ACC-0153,ACC-0348,19713.59,INR,UPI,transfer,medical,Mumbai,completed,,
TXN-B45ED199E048,2026-08-01 08:01:56,ACC-0154,ACC-0270,90360.95,INR,NEFT,transfer,,Mumbai,completed,,
TXN-02E3F6E558FB,2026-08-01 08:02:13,ACC-0258,ACC-0471,16335.23,INR,UPI,transfer,,Kolkata,completed,,
TXN-1E4881664A09,2026-08-01 08:07:20,ACC-0310,ACC-0121,18072.94,INR,NEFT,transfer,,Mumbai,completed,,
TXN-FC7A2C88C055,2026-08-01 08:07:46,ACC-0367,ACC-0130,17434.07,INR,NEFT,transfer,,Mumbai,completed,,
TXN-AE5A37F45629,2026-08-01 08:19:06,ACC-0573,ACC-0220,47495.35,INR,RTGS,transfer,restaurant,Chennai,completed,,
TXN-F5606A4A40CC,2026-08-01 08:39:10,ACC-0312,ACC-0201,21701.83,INR,IMPS,transfer,fuel,Hyderabad,completed,,
TXN-78D640D92FE4,2026-08-01 08:47:36,ACC-0284,ACC-0334,4636.44,INR,IMPS,transfer,rent,Ahmedabad,completed,,
TXN-451A2828DA0D,2026-08-01 08:57:30,ACC-0432,ACC-0152,17751.33,INR,RTGS,transfer,rent,Ahmedabad,completed,,
TXN-C5018D6CADB7,2026-08-01 09:00:41,ACC-0158,ACC-0542,16659.43,INR,UPI,transfer,medical,Delhi,completed,,
TXN-DF4C059850ED,2026-08-01 09:10:52,ACC-0428,ACC-0535,9687.03,INR,UPI,transfer,,Kolkata,completed,,
TXN-E36C19A2CECA,2026-08-01 09:15:27,ACC-0125,ACC-D-001,18810.07,INR,IMPS,transfer,rent,Pune,completed,,
TXN-A38D57C6C4EF,2026-08-01 10:06:52,ACC-0217,ACC-0126,18738.81,INR,UPI,transfer,,Pune,completed,,
TXN-C83C64A36962,2026-08-01 10:07:24,ACC-0488,ACC-0562,25962.9,INR,NEFT,transfer,subscription,Pune,completed,,
TXN-A6B0939C434A,2026-08-01 10:14:25,ACC-0205,ACC-0448,18652.15,INR,NEFT,transfer,,Kolkata,completed,,
TXN-DDC1F1D0B1D9,2026-08-01 10:22:11,ACC-0360,ACC-0128,20077.38,INR,IMPS,transfer,,Hyderabad,completed,,
TXN-09D653D818F8,2026-08-01 10:26:02,ACC-0229,ACC-0561,24438.8,INR,IMPS,transfer,medical,Kolkata,completed,,
TXN-F62C283A2FA7,2026-08-01 10:27:01,ACC-0390,ACC-0280,22084.49,INR,IMPS,transfer,,Ahmedabad,completed,,
TXN-E2048389780E,2026-08-01 10:29:53,ACC-0142,ACC-0365,12121.67,INR,RTGS,transfer,fuel,Hyderabad,completed,,
TXN-C2C4C6BDEF27,2026-08-01 10:33:59,ACC-0312,ACC-0451,23415.9,INR,IMPS,transfer,subscription,Bangalore,completed,,
TXN-EEB00FB2C94E,2026-08-01 10:44:19,ACC-0576,ACC-0582,10735.42,INR,UPI,transfer,medical,Mumbai,completed,,
TXN-DDF2269D29B7,2026-08-01 10:58:06,ACC-0208,ACC-0417,11145.25,INR,UPI,transfer,rent,Delhi,completed,,
TXN-3554C57837A3,2026-08-01 11:29:59,ACC-0394,ACC-0376,22941.95,INR,UPI,transfer,fuel,Delhi,completed,,
TXN-E2371DDA0C61,2026-08-01 11:53:34,ACC-0377,ACC-0461,29007.15,INR,UPI,transfer,restaurant,Delhi,completed,,
TXN-D1CA91F0AF64,2026-08-01 12:11:32,ACC-0330,ACC-0378,21823.62,INR,CASH,transfer,rent,Pune,completed,,
TXN-2C7715458A23,2026-08-01 12:12:09,ACC-0182,ACC-0188,21442.59,INR,UPI,transfer,utilities,Bangalore,completed,,
TXN-5A9F77EE5D15,2026-08-01 12:14:06,ACC-0272,ACC-0417,45092.53,INR,NEFT,transfer,fuel,Hyderabad,completed,,
TXN-50C99F902F58,2026-08-01 12:19:03,ACC-0491,ACC-0534,33438.6,INR,UPI,transfer,fuel,Kolkata,completed,,
TXN-D3E56FFB43A3,2026-08-01 12:41:22,ACC-0345,ACC-0471,50778.58,INR,CASH,transfer,fuel,Ahmedabad,completed,,
TXN-2CE223B89FAE,2026-08-01 12:59:17,ACC-0318,ACC-0304,18160.94,INR,RTGS,transfer,utilities,Delhi,completed,,
TXN-221EBD4A02EA,2026-08-01 13:01:10,ACC-0412,ACC-0271,18382.41,INR,RTGS,transfer,,Kolkata,completed,,
TXN-8B3E3C128E70,2026-08-01 13:12:50,ACC-0545,ACC-0287,14279.43,INR,NEFT,transfer,utilities,Ahmedabad,completed,,
TXN-04F4FB431BAC,2026-08-01 13:23:25,ACC-0339,ACC-0568,15069.91,INR,UPI,transfer,medical,Kolkata,completed,,
TXN-366D1F749D6A,2026-08-01 13:31:25,ACC-0349,ACC-0257,29455.49,INR,UPI,transfer,subscription,Kolkata,completed,,
TXN-81B4ACA32BD8,2026-08-01 13:32:46,ACC-0444,ACC-0322,10378.42,INR,UPI,transfer,fuel,Hyderabad,completed,,
TXN-386DF2C41A5C,2026-08-01 13:43:52,ACC-0134,ACC-0232,18090.36,INR,UPI,transfer,fuel,Mumbai,completed,,
TXN-0308B5177D3E,2026-08-01 13:50:11,ACC-0291,ACC-0190,1514.16,INR,CASH,transfer,groceries,Kolkata,completed,,
TXN-F577206A68AA,2026-08-01 14:04:41,ACC-0394,ACC-0129,9769.82,INR,IMPS,transfer,restaurant,Ahmedabad,completed,,
TXN-BD1667AE5F6C,2026-08-01 14:08:18,ACC-0375,ACC-0303,21905.43,INR,IMPS,transfer,medical,Hyderabad,completed,,
TXN-6F128383187D,2026-08-01 14:18:53,ACC-0329,ACC-0180,19856.7,INR,UPI,transfer,,Ahmedabad,completed,,
TXN-8640D8E102B2,2026-08-01 14:43:03,ACC-0400,ACC-0171,11127.33,INR,UPI,transfer,,Hyderabad,completed,,
TXN-47B01389E1AE,2026-08-01 14:48:01,ACC-0166,ACC-0217,19399.53,INR,NEFT,transfer,fuel,Bangalore,completed,,
TXN-C1C76C50EAE5,2026-08-01 15:09:21,ACC-0358,ACC-0301,19550.69,INR,IMPS,transfer,restaurant,Ahmedabad,completed,,
TXN-21ECE02ADC99,2026-08-01 15:12:23,ACC-0299,ACC-0158,20920.28,INR,UPI,transfer,medical,Kolkata,completed,,
TXN-B11989A3509E,2026-08-01 15:17:52,ACC-0194,ACC-0165,14367.18,INR,IMPS,transfer,,Hyderabad,completed,,
TXN-551C4703ABF7,2026-08-01 15:25:02,ACC-0422,ACC-0414,20070.45,INR,UPI,transfer,shopping,Bangalore,completed,,
TXN-BDA2E19C4C27,2026-08-01 15:40:02,ACC-0462,ACC-0170,19214.13,INR,UPI,transfer,utilities,Hyderabad,completed,,
TXN-4F24EBEC99A4,2026-08-01 15:59:16,ACC-0589,ACC-0303,23271.56,INR,NEFT,transfer,rent,Ahmedabad,completed,,
TXN-A33CADA1101D,2026-08-01 16:00:32,ACC-0553,ACC-0337,14342.64,INR,RTGS,transfer,,Mumbai,completed,,
TXN-C1552741CD7E,2026-08-01 16:08:03,ACC-0176,ACC-0165,14180.51,INR,RTGS,transfer,groceries,Pune,completed,,
TXN-8E0197BB35D8,2026-08-01 16:08:08,ACC-0469,ACC-0585,14829.5,INR,UPI,transfer,medical,Bangalore,completed,,
TXN-7E6184B6043A,2026-08-01 16:18:53,ACC-0262,ACC-0246,20085.09,INR,UPI,transfer,restaurant,Bangalore,completed,,
TXN-A947A7131A3F,2026-08-01 16:52:06,ACC-0556,ACC-0310,12472.6,INR,UPI,transfer,,Chennai,completed,,
TXN-3008FDCCDE1E,2026-08-01 17:12:42,ACC-0349,ACC-0509,19776.92,INR,UPI,transfer,medical,Kolkata,completed,,
TXN-E7B9C14C8913,2026-08-01 17:32:53,ACC-0207,ACC-0158,16061.86,INR,IMPS,transfer,shopping,Delhi,completed,,
TXN-87C64806378B,2026-08-01 18:44:41,ACC-0336,ACC-0302,10813.68,INR,NEFT,transfer,utilities,Kolkata,completed,,
TXN-36CEF410FB25,2026-08-01 18:48:07,ACC-0522,ACC-0410,20397.33,INR,UPI,transfer,utilities,Delhi,completed,,
TXN-601BB8D8C678,2026-08-01 18:49:45,ACC-0325,ACC-0579,24875.88,INR,NEFT,transfer,shopping,Ahmedabad,completed,,
TXN-1A017F7228D6,2026-08-01 18:53:09,ACC-0464,ACC-0428,12217.6,INR,NEFT,transfer,rent,Mumbai,completed,,
TXN-90BEA802415B,2026-08-01 19:02:54,ACC-0533,ACC-0295,5956.39,INR,NEFT,transfer,,Kolkata,completed,,
TXN-2BD1C081FBDF,2026-08-01 19:04:55,ACC-0575,ACC-0365,20850.3,INR,IMPS,transfer,rent,Delhi,completed,,
TXN-5A475A300E88,2026-08-01 19:05:48,ACC-0403,ACC-0472,18758.77,INR,UPI,transfer,fuel,Bangalore,completed,,
TXN-2C9A9D872884,2026-08-01 19:45:00,ACC-0111,ACC-0434,11766.48,INR,IMPS,transfer,restaurant,Ahmedabad,completed,,
TXN-4D7C6293CAD0,2026-08-01 19:48:05,ACC-0185,ACC-0245,12319.94,INR,UPI,transfer,subscription,Pune,completed,,
TXN-D7147E47E4D3,2026-08-01 19:59:10,ACC-0545,ACC-0227,23665.31,INR,RTGS,transfer,rent,Mumbai,completed,,
TXN-F8FFF135C25D,2026-08-01 20:00:53,ACC-0384,ACC-0189,16334.72,INR,UPI,transfer,utilities,Delhi,completed,,
TXN-C972E25F3A15,2026-08-01 20:01:46,ACC-0480,ACC-0278,15509.82,INR,UPI,transfer,medical,Pune,completed,,
TXN-3CE46AFE95C3,2026-08-01 20:13:37,ACC-0525,ACC-0281,2683.48,INR,RTGS,transfer,utilities,Mumbai,completed,,
TXN-5940B67E5A4D,2026-08-01 20:29:36,ACC-0270,ACC-0519,11913.91,INR,UPI,transfer,shopping,Ahmedabad,completed,,
TXN-DD55D2B098F7,2026-08-01 20:41:01,ACC-0543,ACC-0580,1794.56,INR,NEFT,transfer,,Chennai,completed,,
TXN-DF2BCB9AAB48,2026-08-01 20:48:09,ACC-0498,ACC-0189,74344.87,INR,UPI,transfer,shopping,Pune,completed,,
TXN-D23E2ECF80C2,2026-08-01 20:58:05,ACC-G-001,ACC-0132,12950.67,INR,UPI,transfer,utilities,Bangalore,completed,,
TXN-E5738CA5505E,2026-08-01 21:03:48,ACC-0275,ACC-0142,9466.23,INR,IMPS,transfer,groceries,Bangalore,completed,,
TXN-2F4210E09251,2026-08-01 21:21:35,ACC-0419,ACC-0435,23853.5,INR,IMPS,transfer,,Kolkata,completed,,
TXN-EF34EA16D0FD,2026-08-01 21:26:24,ACC-0366,ACC-0494,87610.11,INR,UPI,transfer,rent,Mumbai,completed,,
TXN-998AF457C4CB,2026-08-01 21:39:08,ACC-0259,ACC-0262,63677.54,INR,IMPS,transfer,restaurant,Delhi,completed,,
TXN-D6F5721DCCC0,2026-08-01 21:41:26,ACC-0314,ACC-0546,22885.92,INR,NEFT,transfer,,Bangalore,completed,,
TXN-3EE28D127FDC,2026-08-01 21:41:44,ACC-0498,ACC-0562,88681.95,INR,NEFT,transfer,shopping,Kolkata,completed,,
TXN-8469380784D7,2026-08-01 21:56:29,ACC-0396,ACC-0485,17947.21,INR,NEFT,transfer,rent,Kolkata,completed,,
TXN-6622CAC4AA68,2026-08-01 22:00:45,ACC-0506,ACC-0471,14648.18,INR,IMPS,transfer,groceries,Pune,completed,,
TXN-0F5F1FF28405,2026-08-01 22:22:13,ACC-0579,ACC-0270,25294.05,INR,NEFT,transfer,restaurant,Delhi,completed,,
TXN-EE4AA132F7C2,2026-08-01 22:23:45,ACC-0289,ACC-0495,19541.05,INR,NEFT,transfer,subscription,Pune,completed,,
TXN-D0F64A60B919,2026-08-01 22:28:05,ACC-0585,ACC-0373,19153.33,INR,UPI,transfer,shopping,Pune,completed,,
TXN-C9D6663B3FEC,2026-08-01 22:34:11,ACC-0445,ACC-0107,19868.99,INR,UPI,transfer,subscription,Bangalore,completed,,
TXN-0B2E590CFC62,2026-08-01 22:42:46,ACC-0154,ACC-0422,134057.8,INR,CASH,transfer,,Mumbai,completed,,
TXN-A09D2AA6EB63,2026-08-01 22:52:55,ACC-0372,ACC-0112,27820.64,INR,RTGS,transfer,,Delhi,completed,,
TXN-5B823088EB4A,2026-08-01 22:54:30,ACC-0227,ACC-0429,20443.69,INR,RTGS,transfer,groceries,Delhi,completed,,
TXN-4FFE605B26FB,2026-08-01 23:09:05,ACC-0119,ACC-0292,12652.16,INR,NEFT,transfer,shopping,Ahmedabad,completed,,
TXN-A5FFAE6E2405,2026-08-01 23:18:56,ACC-0592,ACC-0582,23655.09,INR,NEFT,transfer,shopping,Mumbai,completed,,
TXN-284110A64650,2026-08-01 23:21:50,ACC-0591,ACC-0545,10678.4,INR,UPI,transfer,,Chennai,completed,,
TXN-C785B82DC275,2026-08-01 23:40:49,ACC-0530,ACC-0242,19925.95,INR,IMPS,transfer,restaurant,Kolkata,completed,,
TXN-B6BF61746425,2026-08-01 23:43:41,ACC-0520,ACC-0576,26652.8,INR,IMPS,transfer,rent,Chennai,completed,,
TXN-8EC5C91E9C9E,2026-08-01 23:45:56,ACC-0525,ACC-0568,487.24,INR,IMPS,transfer,rent,Hyderabad,completed,,
TXN-1AD7C01B9BA3,2026-08-01 23:52:02,ACC-0327,ACC-0119,20469.31,INR,RTGS,transfer,fuel,Pune,completed,,
TXN-8C21B1AF72CE,2026-08-01 23:53:09,ACC-0129,ACC-0387,25715.43,INR,UPI,transfer,,Mumbai,completed,,
TXN-CD38C8DF6A76,2026-08-02 00:00:15,ACC-0578,ACC-0196,20009.63,INR,CASH,transfer,medical,Pune,completed,,
TXN-1B91A6335BA4,2026-08-02 00:07:22,ACC-0471,ACC-0423,9854.7,INR,RTGS,transfer,medical,Hyderabad,completed,,
TXN-A496075B137B,2026-08-02 00:15:54,ACC-0177,ACC-0104,12673.27,INR,IMPS,transfer,rent,Bangalore,completed,,
TXN-EA438EA97C5A,2026-08-02 00:34:47,ACC-E-001,ACC-0234,12700.01,INR,UPI,transfer,,Pune,completed,,
TXN-021A014768DC,2026-08-02 00:39:59,ACC-0540,ACC-0427,21179.89,INR,IMPS,transfer,groceries,Bangalore,completed,,
TXN-A6AAB3600B5C,2026-08-02 00:40:15,ACC-0559,ACC-0435,10774.6,INR,UPI,transfer,medical,Pune,completed,,
TXN-E58802E23777,2026-08-02 00:48:10,ACC-0503,ACC-0124,10532.25,INR,CASH,transfer,groceries,Bangalore,completed,,
TXN-88D66CE4A0CB,2026-08-02 00:50:11,ACC-0495,ACC-0330,25482.14,INR,UPI,transfer,restaurant,Delhi,completed,,
TXN-472DEBE34355,2026-08-02 00:53:14,ACC-0347,ACC-0485,22600.8,INR,RTGS,transfer,,Mumbai,completed,,
TXN-648437D0072E,2026-08-02 01:02:38,ACC-0263,ACC-0279,5749.84,INR,RTGS,transfer,,Pune,completed,,
TXN-E377F1781241,2026-08-02 01:04:41,ACC-0338,ACC-0111,18651.66,INR,NEFT,transfer,groceries,Bangalore,completed,,
TXN-08B64C5D67C6,2026-08-02 01:05:45,ACC-0467,ACC-0177,20687.36,INR,UPI,transfer,fuel,Hyderabad,completed,,
TXN-F76783B078FD,2026-08-02 01:09:16,ACC-0395,ACC-0489,15533.9,INR,RTGS,transfer,,Delhi,completed,,
TXN-2FF2ABAAE6A6,2026-08-02 01:18:03,ACC-0421,ACC-0200,17445.03,INR,UPI,transfer,medical,Delhi,completed,,
TXN-ACB54C719BF0,2026-08-02 01:26:14,ACC-0523,ACC-0414,17551.05,INR,IMPS,transfer,fuel,Kolkata,completed,,
TXN-59FBCB1D8EB7,2026-08-02 01:30:35,ACC-0364,ACC-0455,27409.11,INR,UPI,transfer,,Delhi,completed,,
TXN-A940F7705934,2026-08-02 01:43:11,ACC-0218,ACC-0504,26164.29,INR,UPI,transfer,restaurant,Delhi,completed,,
TXN-5539092E3EFE,2026-08-02 02:22:10,ACC-0444,ACC-0452,13610.45,INR,UPI,transfer,,Pune,completed,,
TXN-4550417E6FAA,2026-08-02 02:26:04,ACC-0150,ACC-0202,14770.52,INR,UPI,transfer,fuel,Mumbai,completed,,
TXN-1905CA8A2A18,2026-08-02 02:31:30,ACC-0503,ACC-0366,15035.41,INR,NEFT,transfer,,Bangalore,completed,,
TXN-25C2BBC8ADE4,2026-08-02 02:55:28,ACC-0346,ACC-0590,23763.08,INR,UPI,transfer,subscription,Chennai,completed,,
TXN-7D3E5C3C7063,2026-08-02 03:07:45,ACC-0257,ACC-0489,12758.21,INR,NEFT,transfer,restaurant,Kolkata,completed,,
TXN-E2D1DF3D8DAE,2026-08-02 03:08:35,ACC-0102,ACC-0410,22440.86,INR,IMPS,transfer,medical,Ahmedabad,completed,,
TXN-321A02F4F4F4,2026-08-02 03:15:24,ACC-0165,ACC-0419,21393.37,INR,UPI,transfer,utilities,Ahmedabad,completed,,
TXN-7604347DB073,2026-08-02 03:16:39,ACC-0566,ACC-C-001,18333.5,INR,UPI,transfer,groceries,Bangalore,completed,,
TXN-5D32DB907CE4,2026-08-02 03:22:39,ACC-0477,ACC-0347,16662.87,INR,IMPS,transfer,groceries,Bangalore,completed,,
TXN-8366CFFE412D,2026-08-02 03:24:32,ACC-0579,ACC-0541,28778.81,INR,IMPS,transfer,,Kolkata,completed,,
TXN-0DBB0F6310DA,2026-08-02 03:34:42,ACC-0473,ACC-0197,36722.61,INR,RTGS,transfer,medical,Delhi,completed,,
TXN-A16156308F50,2026-08-02 03:51:04,ACC-0283,ACC-0511,138549.82,INR,UPI,transfer,fuel,Delhi,completed,,
TXN-320CC817B15C,2026-08-02 04:03:16,ACC-0476,ACC-0227,24030.05,INR,IMPS,transfer,fuel,Kolkata,completed,,
TXN-700D2286AAF4,2026-08-02 04:03:48,ACC-0117,ACC-0336,14489.32,INR,UPI,transfer,rent,Bangalore,completed,,
TXN-2648C4930FEC,2026-08-02 04:03:57,ACC-0205,ACC-0195,18034.0,INR,UPI,transfer,,Hyderabad,completed,,
TXN-B9888CD8D90C,2026-08-02 04:10:42,ACC-0411,ACC-0533,2446.85,INR,IMPS,transfer,shopping,Pune,completed,,
TXN-7D36066B4940,2026-08-02 04:21:04,ACC-0138,ACC-0524,11714.25,INR,UPI,transfer,fuel,Delhi,completed,,
TXN-89E0EE739A72,2026-08-02 04:40:04,ACC-0137,ACC-0337,81005.45,INR,UPI,transfer,groceries,Ahmedabad,completed,,
TXN-016DB2DB6173,2026-08-02 04:52:18,ACC-0435,ACC-0123,15505.7,INR,NEFT,transfer,shopping,Chennai,completed,,
TXN-06343CE3FD11,2026-08-02 04:58:53,ACC-0149,ACC-0287,23805.22,INR,RTGS,transfer,medical,Pune,completed,,
TXN-86BADA030BB8,2026-08-02 05:17:00,ACC-0257,ACC-0489,13559.86,INR,IMPS,transfer,rent,Chennai,completed,,
TXN-8586473D47AA,2026-08-02 05:28:12,ACC-0231,ACC-0382,23482.99,INR,IMPS,transfer,groceries,Pune,completed,,
TXN-C5D5BA97CA81,2026-08-02 05:29:20,ACC-0495,ACC-0327,20180.89,INR,IMPS,transfer,groceries,Ahmedabad,completed,,
TXN-A536AD29DE28,2026-08-02 05:45:30,ACC-0580,ACC-0521,14589.34,INR,RTGS,transfer,restaurant,Kolkata,completed,,
TXN-A3793E84460F,2026-08-02 06:14:22,ACC-0133,ACC-0135,17163.92,INR,IMPS,transfer,,Ahmedabad,completed,,
TXN-687139B0BD14,2026-08-02 06:23:19,ACC-0503,ACC-0126,12068.24,INR,NEFT,transfer,groceries,Delhi,completed,,
TXN-4EBA7CD6625D,2026-08-02 06:28:05,ACC-0295,ACC-0442,18590.17,INR,UPI,transfer,restaurant,Ahmedabad,completed,,
TXN-C9C0954DEF22,2026-08-02 06:28:11,ACC-0464,ACC-D-001,10526.54,INR,NEFT,transfer,medical,Delhi,completed,,
TXN-793750C6B8B3,2026-08-02 06:39:58,ACC-0432,ACC-0119,19752.94,INR,UPI,transfer,rent,Kolkata,completed,,
TXN-056C80E8BAF7,2026-08-02 06:43:58,ACC-0299,ACC-0246,22510.43,INR,UPI,transfer,rent,Bangalore,completed,,
TXN-116AB6E557AA,2026-08-02 06:57:43,ACC-0463,ACC-0180,11544.41,INR,UPI,transfer,restaurant,Bangalore,completed,,
TXN-A7FD7D0E708A,2026-08-02 07:11:57,ACC-0450,ACC-0399,65996.29,INR,UPI,transfer,utilities,Bangalore,completed,,
TXN-203BC4AD9A12,2026-08-02 07:16:05,ACC-0452,ACC-0528,63866.96,INR,CASH,transfer,restaurant,Kolkata,completed,,
TXN-62BFEA438306,2026-08-02 07:22:50,ACC-0494,ACC-0482,16655.75,INR,NEFT,transfer,medical,Ahmedabad,completed,,
TXN-197D886C31E9,2026-08-02 07:38:43,ACC-0183,ACC-0132,4376.72,INR,IMPS,transfer,,Pune,completed,,
TXN-52D4A362B420,2026-08-02 08:05:01,ACC-0250,ACC-0429,9372.26,INR,UPI,transfer,subscription,Pune,completed,,
TXN-D5FB5F6B1C16,2026-08-02 08:20:12,ACC-0116,ACC-0254,25604.41,INR,CASH,transfer,,Chennai,completed,,
TXN-E96459C7BB03,2026-08-02 08:24:41,ACC-0154,ACC-0554,52925.78,INR,UPI,transfer,restaurant,Kolkata,completed,,
TXN-546DAD312422,2026-08-02 08:26:50,ACC-0337,ACC-0461,22792.89,INR,IMPS,transfer,groceries,Mumbai,completed,,
TXN-C83D211927DE,2026-08-02 08:26:58,ACC-0560,ACC-0418,10398.57,INR,IMPS,transfer,,Chennai,completed,,
TXN-BACE3DD08098,2026-08-02 08:34:58,ACC-0507,ACC-0523,24489.5,INR,UPI,transfer,,Hyderabad,completed,,
TXN-7400DBE60A6C,2026-08-02 08:50:31,ACC-0545,ACC-0176,18717.33,INR,RTGS,transfer,medical,Hyderabad,completed,,
TXN-5AE3C747EC39,2026-08-02 08:55:15,ACC-0325,ACC-0412,17076.28,INR,IMPS,transfer,utilities,Chennai,completed,,
TXN-4BD11D1EC3D8,2026-08-02 09:11:03,ACC-0468,ACC-0149,23717.33,INR,UPI,transfer,,Bangalore,completed,,
TXN-462DF51B93BC,2026-08-02 09:45:42,ACC-0262,ACC-0142,18433.41,INR,IMPS,transfer,,Mumbai,completed,,
TXN-AA2DBE87B35F,2026-08-02 09:45:56,ACC-0258,ACC-0423,22328.11,INR,UPI,transfer,groceries,Mumbai,completed,,
TXN-F51CA33F4C5F,2026-08-02 09:46:32,ACC-0464,ACC-0556,13975.67,INR,IMPS,transfer,,Mumbai,completed,,
TXN-33F92FCBFD39,2026-08-02 10:12:02,ACC-0123,ACC-0109,13611.5,INR,UPI,transfer,restaurant,Kolkata,completed,,
TXN-8DB03E03C4C5,2026-08-02 10:31:59,ACC-0532,ACC-0494,21729.05,INR,UPI,transfer,medical,Kolkata,completed,,
TXN-D0C28E5EB9E2,2026-08-02 10:41:57,ACC-0319,ACC-0227,18562.83,INR,UPI,transfer,,Mumbai,completed,,
TXN-97E9EA9760A9,2026-08-02 10:48:34,ACC-0431,ACC-0322,15554.02,INR,IMPS,transfer,fuel,Chennai,completed,,
TXN-A23960DB7BDA,2026-08-02 10:51:42,ACC-0316,ACC-0483,20586.82,INR,IMPS,transfer,medical,Ahmedabad,completed,,
TXN-97DC831FCC0F,2026-08-02 11:06:22,ACC-0426,ACC-0533,20016.92,INR,UPI,transfer,rent,Mumbai,completed,,
TXN-CF1C8E4C34F1,2026-08-02 11:08:30,ACC-0365,ACC-0406,14209.01,INR,UPI,transfer,,Delhi,completed,,
TXN-644D6D4719FD,2026-08-02 11:15:24,ACC-0564,ACC-0465,23441.89,INR,RTGS,transfer,shopping,Kolkata,completed,,
TXN-8B978CFC5053,2026-08-02 11:18:30,ACC-0236,ACC-0423,14510.14,INR,UPI,transfer,utilities,Bangalore,completed,,
TXN-12ECACE83D16,2026-08-02 11:21:14,ACC-0310,ACC-0481,24958.34,INR,IMPS,transfer,rent,Mumbai,completed,,
TXN-1AE3D2668432,2026-08-02 11:34:16,ACC-0498,ACC-0541,128085.11,INR,NEFT,transfer,groceries,Delhi,completed,,
TXN-B377092C80E3,2026-08-02 11:44:13,ACC-0121,ACC-0147,26503.84,INR,NEFT,transfer,groceries,Mumbai,completed,,
TXN-A52A73214060,2026-08-02 12:03:10,ACC-0231,ACC-0464,17630.58,INR,NEFT,transfer,utilities,Hyderabad,completed,,
TXN-AB297EAFDA9B,2026-08-02 12:11:13,ACC-0461,ACC-0411,29628.15,INR,IMPS,transfer,restaurant,Hyderabad,completed,,
TXN-5369EBB6EC4C,2026-08-02 12:14:12,ACC-0521,ACC-0331,18654.45,INR,RTGS,transfer,subscription,Kolkata,completed,,
TXN-B6F6EA6864A0,2026-08-02 12:14:24,ACC-0399,ACC-0501,15495.78,INR,UPI,transfer,subscription,Ahmedabad,completed,,
TXN-18BA450F6324,2026-08-02 12:19:40,ACC-0176,ACC-0512,50252.37,INR,UPI,transfer,fuel,Delhi,completed,,
TXN-AF347B9FB402,2026-08-02 12:20:45,ACC-0335,ACC-0279,19366.78,INR,UPI,transfer,subscription,Bangalore,completed,,
TXN-4C61976CCFE1,2026-08-02 12:28:31,ACC-0528,ACC-0340,13322.38,INR,NEFT,transfer,subscription,Hyderabad,completed,,
TXN-78778DC5F9E1,2026-08-02 12:32:16,ACC-0309,ACC-0164,40489.92,INR,NEFT,transfer,groceries,Kolkata,completed,,
TXN-8AD263CD5CD1,2026-08-02 12:33:24,ACC-0416,ACC-0360,14384.94,INR,UPI,transfer,medical,Pune,completed,,
TXN-379DD4D82669,2026-08-02 12:33:48,ACC-0285,ACC-0432,17237.84,INR,RTGS,transfer,,Bangalore,completed,,
TXN-058270D408FF,2026-08-02 12:48:12,ACC-0178,ACC-0121,19599.38,INR,NEFT,transfer,shopping,Hyderabad,completed,,
TXN-F5276B918523,2026-08-02 12:54:25,ACC-0458,ACC-0332,27034.48,INR,IMPS,transfer,subscription,Bangalore,completed,,
TXN-6A9A272C6880,2026-08-02 12:58:56,ACC-0408,ACC-0550,16848.86,INR,NEFT,transfer,rent,Bangalore,completed,,
TXN-491E5B125DE9,2026-08-02 13:46:19,ACC-0201,ACC-0309,12389.58,INR,UPI,transfer,medical,Hyderabad,completed,,
TXN-B4C55E6C5009,2026-08-02 13:55:29,ACC-0565,ACC-0231,21229.2,INR,UPI,transfer,fuel,Hyderabad,completed,,
TXN-A865275872B7,2026-08-02 13:59:04,ACC-0452,ACC-0553,36835.46,INR,NEFT,transfer,utilities,Delhi,completed,,
TXN-D6549B7100BA,2026-08-02 13:59:53,ACC-0504,ACC-0251,17884.09,INR,NEFT,transfer,,Chennai,completed,,
TXN-C94F9E2A5101,2026-08-02 14:00:29,ACC-0546,ACC-0408,53744.07,INR,UPI,transfer,utilities,Mumbai,completed,,
TXN-CBD7CD0CC5EE,2026-08-02 14:33:06,ACC-0468,ACC-0124,10926.91,INR,UPI,transfer,,Pune,completed,,
TXN-75EA6002AA43,2026-08-02 14:55:33,ACC-0120,ACC-0546,13831.23,INR,UPI,transfer,medical,Hyderabad,completed,,
TXN-E23E9A8B832F,2026-08-02 15:08:29,ACC-0185,ACC-0293,11043.39,INR,UPI,transfer,shopping,Pune,completed,,
TXN-795D8C410D16,2026-08-02 15:21:20,ACC-0207,ACC-0516,21059.1,INR,UPI,transfer,restaurant,Mumbai,completed,,
TXN-BD55B88AD155,2026-08-02 15:22:16,ACC-0108,ACC-0193,16698.36,INR,UPI,transfer,,Chennai,completed,,
TXN-A4D96394AA72,2026-08-02 15:30:27,ACC-0591,ACC-0353,9073.35,INR,UPI,transfer,groceries,Bangalore,completed,,
TXN-F0F39415EC04,2026-08-02 15:34:51,ACC-0301,ACC-0108,134380.37,INR,CASH,transfer,fuel,Pune,completed,,
TXN-F64952630637,2026-08-02 15:36:06,ACC-0504,ACC-0176,18104.64,INR,UPI,transfer,shopping,Chennai,completed,,
TXN-186A5664085B,2026-08-02 15:36:49,ACC-0374,ACC-0361,30477.91,INR,RTGS,transfer,groceries,Bangalore,completed,,
TXN-2524C4AF5CAC,2026-08-02 15:39:57,ACC-0177,ACC-0431,25404.29,INR,UPI,transfer,,Mumbai,completed,,
TXN-55899858BC9B,2026-08-02 16:05:30,ACC-0230,ACC-0379,19826.09,INR,NEFT,transfer,rent,Chennai,completed,,
TXN-93EA6B4DDB6F,2026-08-02 16:06:07,ACC-0334,ACC-0296,30406.73,INR,UPI,transfer,medical,Bangalore,completed,,
TXN-68F4F2F10ABD,2026-08-02 16:34:31,ACC-0265,ACC-0303,7502.88,INR,NEFT,transfer,fuel,Mumbai,completed,,
TXN-FCB7DB3B7344,2026-08-02 16:56:25,ACC-0255,ACC-0520,13244.6,INR,NEFT,transfer,medical,Pune,completed,,
TXN-1E92248B067C,2026-08-02 17:06:26,ACC-0415,ACC-0306,23148.34,INR,NEFT,transfer,utilities,Kolkata,completed,,
TXN-B11B8D20375D,2026-08-02 17:06:44,ACC-0120,ACC-0297,12449.47,INR,UPI,transfer,subscription,Pune,completed,,
TXN-6BD3FDEF9EBE,2026-08-02 17:12:10,ACC-0445,ACC-0308,25124.07,INR,IMPS,transfer,subscription,Bangalore,completed,,
TXN-AACE9D9FD184,2026-08-02 17:20:22,ACC-0428,ACC-0476,36008.28,INR,IMPS,transfer,utilities,Ahmedabad,completed,,
TXN-F9CF176E9680,2026-08-02 17:20:41,ACC-0122,ACC-0458,39428.25,INR,CASH,transfer,restaurant,Chennai,completed,,
TXN-57DBF91FCF29,2026-08-02 17:24:59,ACC-0128,ACC-0375,17159.52,INR,NEFT,transfer,rent,Ahmedabad,completed,,
TXN-0F4E645BAE40,2026-08-02 17:31:10,ACC-0301,ACC-0245,53292.1,INR,IMPS,transfer,subscription,Delhi,completed,,
TXN-AD003D976C53,2026-08-02 17:46:41,ACC-0197,ACC-0171,23271.07,INR,UPI,transfer,groceries,Chennai,completed,,
TXN-04A25B78A248,2026-08-02 18:04:55,ACC-0221,ACC-0499,27380.5,INR,UPI,transfer,groceries,Hyderabad,completed,,
TXN-383BBA11C1DA,2026-08-02 18:12:34,ACC-0312,ACC-0415,13592.14,INR,IMPS,transfer,,Delhi,completed,,
TXN-A6B2B57A4E89,2026-08-02 18:26:17,ACC-0521,ACC-0406,23422.22,INR,UPI,transfer,shopping,Hyderabad,completed,,
TXN-2B61B108C99D,2026-08-02 18:27:49,ACC-0324,ACC-0255,13993.73,INR,UPI,transfer,groceries,Mumbai,completed,,
TXN-2172B145C941,2026-08-02 18:30:37,ACC-0274,ACC-0592,39840.05,INR,IMPS,transfer,restaurant,Kolkata,completed,,
TXN-314691E512D5,2026-08-02 18:31:42,ACC-0475,ACC-0182,91733.19,INR,IMPS,transfer,fuel,Delhi,completed,,
TXN-569CE5C19444,2026-08-02 19:05:08,ACC-0453,ACC-0294,13888.85,INR,UPI,transfer,medical,Kolkata,completed,,
TXN-15247BD73898,2026-08-02 19:07:34,ACC-0291,ACC-0419,1963.99,INR,CASH,transfer,fuel,Chennai,completed,,
TXN-C47610D09677,2026-08-02 19:14:55,ACC-0423,ACC-0269,14512.4,INR,IMPS,transfer,medical,Kolkata,completed,,
TXN-AA6018EBDC0C,2026-08-02 19:16:46,ACC-0117,ACC-0371,20083.55,INR,IMPS,transfer,,Bangalore,completed,,
TXN-B25BBB32EE47,2026-08-02 19:18:11,ACC-0560,ACC-0130,8705.81,INR,NEFT,transfer,restaurant,Kolkata,completed,,
TXN-E426ED645C50,2026-08-02 19:19:49,ACC-0449,ACC-0320,16676.2,INR,NEFT,transfer,shopping,Pune,completed,,
TXN-4FD572A58BBF,2026-08-02 19:20:00,ACC-0250,ACC-0312,11694.63,INR,NEFT,transfer,restaurant,Hyderabad,completed,,
TXN-1820FF748780,2026-08-02 19:21:44,ACC-0292,ACC-0254,15670.81,INR,NEFT,transfer,,Kolkata,completed,,
TXN-5993C13E9CE7,2026-08-02 19:26:03,ACC-0301,ACC-0288,23910.26,INR,NEFT,transfer,groceries,Mumbai,completed,,
TXN-7DE066A74B7B,2026-08-02 19:31:28,ACC-0428,ACC-0551,2735.4,INR,RTGS,transfer,rent,Ahmedabad,completed,,
TXN-743CD11F824E,2026-08-02 19:35:50,ACC-0380,ACC-0295,11841.08,INR,IMPS,transfer,subscription,Pune,completed,,
TXN-713127A6B1E0,2026-08-02 19:36:34,ACC-0295,ACC-0543,22456.71,INR,IMPS,transfer,,Chennai,completed,,
TXN-089A6D08F2A2,2026-08-02 19:40:15,ACC-0375,ACC-0390,19115.83,INR,NEFT,transfer,utilities,Chennai,completed,,
TXN-311BCDFE6EAA,2026-08-02 19:41:15,ACC-0264,ACC-0465,23597.15,INR,UPI,transfer,subscription,Kolkata,completed,,
TXN-05E7A14F07F8,2026-08-02 19:41:49,ACC-0563,ACC-0111,14445.95,INR,UPI,transfer,utilities,Bangalore,completed,,
TXN-C6FB190ED895,2026-08-02 19:41:51,ACC-0118,ACC-0490,20327.32,INR,IMPS,transfer,shopping,Pune,completed,,
TXN-F96F759254E4,2026-08-02 19:43:55,ACC-0127,ACC-0298,14830.95,INR,UPI,transfer,subscription,Kolkata,completed,,
TXN-244A1C7D3CCB,2026-08-02 19:48:54,ACC-0539,ACC-0564,20685.47,INR,UPI,transfer,,Bangalore,completed,,
TXN-391F43C3E864,2026-08-02 19:50:46,ACC-0534,ACC-0285,14391.66,INR,IMPS,transfer,restaurant,Delhi,completed,,
TXN-1293ED5E87AD,2026-08-02 20:05:08,ACC-0244,ACC-0137,10244.83,INR,UPI,transfer,utilities,Pune,completed,,
TXN-9E52D4D4B1A0,2026-08-02 20:09:58,ACC-0347,ACC-0397,17294.43,INR,NEFT,transfer,restaurant,Hyderabad,completed,,
TXN-9ABAC375FA2C,2026-08-02 20:18:52,ACC-0589,ACC-0172,24949.75,INR,UPI,transfer,subscription,Hyderabad,completed,,
TXN-FE8D02785D6A,2026-08-02 20:22:37,ACC-0361,ACC-0285,8341.77,INR,IMPS,transfer,subscription,Bangalore,completed,,
TXN-2E5E2CFFC859,2026-08-02 20:31:35,ACC-0465,ACC-0494,14246.89,INR,IMPS,transfer,groceries,Hyderabad,completed,,
TXN-A509C4556D46,2026-08-02 20:37:47,ACC-0192,ACC-0367,1457.88,INR,RTGS,transfer,restaurant,Kolkata,completed,,
TXN-E3B409FFD0F9,2026-08-02 20:38:49,ACC-0486,ACC-0426,35267.32,INR,UPI,transfer,restaurant,Chennai,completed,,
TXN-489718C415A7,2026-08-02 20:54:34,ACC-0434,ACC-0298,1075.11,INR,NEFT,transfer,restaurant,Pune,completed,,
TXN-6310E9F1DC19,2026-08-02 20:55:43,ACC-0120,ACC-0216,12314.3,INR,IMPS,transfer,restaurant,Pune,completed,,
TXN-2643523A544E,2026-08-02 20:59:05,ACC-0475,ACC-0209,57313.15,INR,IMPS,transfer,rent,Kolkata,completed,,
TXN-F51AE2057EFF,2026-08-02 21:22:48,ACC-0575,ACC-0204,21767.76,INR,IMPS,transfer,groceries,Bangalore,completed,,
TXN-0D8894ECA69C,2026-08-02 22:02:09,ACC-0330,ACC-0316,22850.85,INR,UPI,transfer,groceries,Ahmedabad,completed,,
TXN-A168EC19384E,2026-08-02 22:03:56,ACC-0439,ACC-0201,12780.47,INR,NEFT,transfer,restaurant,Pune,completed,,
TXN-35DFE76CEF88,2026-08-02 22:16:39,ACC-0478,ACC-0159,19499.3,INR,UPI,transfer,,Pune,completed,,
TXN-632B20FD30E0,2026-08-02 22:17:00,ACC-0521,ACC-0275,14878.78,INR,UPI,transfer,,Chennai,completed,,
TXN-1850AAC996FA,2026-08-02 22:26:30,ACC-0186,ACC-0407,22760.58,INR,IMPS,transfer,,Mumbai,completed,,
TXN-7607F0B97D6C,2026-08-02 22:54:39,ACC-0400,ACC-0222,12156.3,INR,CASH,transfer,shopping,Hyderabad,completed,,
TXN-630B693157A8,2026-08-02 23:05:11,ACC-0376,ACC-0316,12729.28,INR,IMPS,transfer,restaurant,Delhi,completed,,
TXN-87ADA4DF5F5F,2026-08-02 23:13:56,ACC-0224,ACC-0119,7496.13,INR,NEFT,transfer,subscription,Chennai,completed,,
TXN-378BB9295EBC,2026-08-02 23:30:11,ACC-0491,ACC-0238,39124.8,INR,NEFT,transfer,restaurant,Hyderabad,completed,,
TXN-E98A4BB24D81,2026-08-02 23:50:16,ACC-0163,ACC-0545,11464.46,INR,NEFT,transfer,subscription,Bangalore,completed,,
TXN-C0805BD5DC3E,2026-08-03 00:04:38,ACC-0576,ACC-0423,24124.0,INR,IMPS,transfer,restaurant,Kolkata,completed,,
TXN-C42BDF164139,2026-08-03 00:14:09,ACC-0506,ACC-0302,10651.82,INR,RTGS,transfer,rent,Pune,completed,,
TXN-F74D8D0E26BB,2026-08-03 00:21:14,ACC-0470,ACC-0558,13270.32,INR,IMPS,transfer,restaurant,Pune,completed,,
TXN-2D15B1E9FB7C,2026-08-03 00:23:15,ACC-0249,ACC-0322,11445.71,INR,RTGS,transfer,rent,Delhi,completed,,
TXN-FF6742CB1706,2026-08-03 00:24:52,ACC-0527,ACC-0112,21558.46,INR,UPI,transfer,shopping,Delhi,completed,,
TXN-0F34C1E955CB,2026-08-03 00:24:57,ACC-0188,ACC-0284,12993.2,INR,UPI,transfer,subscription,Mumbai,completed,,
TXN-77A1A09632EF,2026-08-03 00:27:44,ACC-0505,ACC-0398,20289.12,INR,NEFT,transfer,rent,Hyderabad,completed,,
TXN-F2778BFAFBDE,2026-08-03 00:27:47,ACC-0405,ACC-0541,9302.27,INR,NEFT,transfer,rent,Ahmedabad,completed,,
TXN-58EFF7631F00,2026-08-03 00:33:12,ACC-0371,ACC-0317,25499.51,INR,UPI,transfer,medical,Hyderabad,completed,,
TXN-1DF5B6084010,2026-08-03 00:47:37,ACC-0189,ACC-0521,22985.01,INR,UPI,transfer,subscription,Mumbai,completed,,
TXN-38E0012C851B,2026-08-03 01:02:24,ACC-0463,ACC-0476,10772.7,INR,IMPS,transfer,fuel,Chennai,completed,,
TXN-D3DDC8D667B0,2026-08-03 01:04:00,ACC-0146,ACC-0305,14447.79,INR,CASH,transfer,rent,Chennai,completed,,
TXN-BFB2EDAD4F40,2026-08-03 01:08:52,ACC-0476,ACC-0347,20480.13,INR,UPI,transfer,shopping,Chennai,completed,,
TXN-B728A2075BA4,2026-08-03 01:10:47,ACC-0536,ACC-0512,1137.89,INR,UPI,transfer,subscription,Pune,completed,,
TXN-E0FC5ACBCC9A,2026-08-03 01:29:39,ACC-0256,ACC-0233,15104.24,INR,UPI,transfer,subscription,Chennai,completed,,
TXN-801B5462AFE0,2026-08-03 01:32:08,ACC-0258,ACC-0313,16521.35,INR,UPI,transfer,,Chennai,completed,,
TXN-62E4123B7024,2026-08-03 01:38:41,ACC-0396,ACC-0545,25989.73,INR,IMPS,transfer,shopping,Chennai,completed,,
TXN-E3CEDD2FDA91,2026-08-03 01:44:25,ACC-0153,ACC-0151,8671.38,INR,UPI,transfer,rent,Bangalore,completed,,
TXN-584858187C98,2026-08-03 01:44:47,ACC-0404,ACC-0359,22879.03,INR,UPI,transfer,utilities,Delhi,completed,,
TXN-5289E22FCFDE,2026-08-03 01:44:51,ACC-0347,ACC-0103,16815.9,INR,UPI,transfer,groceries,Chennai,completed,,
TXN-57020CE95218,2026-08-03 01:46:41,ACC-0130,ACC-0307,3393.81,INR,UPI,transfer,restaurant,Delhi,completed,,
TXN-AEE4E3BAF4C3,2026-08-03 01:47:59,ACC-0591,ACC-0185,12514.09,INR,NEFT,transfer,restaurant,Bangalore,completed,,
TXN-4623D7D5093F,2026-08-03 01:58:56,ACC-0414,ACC-0256,5167.16,INR,UPI,transfer,medical,Chennai,completed,,
TXN-66EF298967BE,2026-08-03 02:25:18,ACC-0479,ACC-0305,12915.88,INR,UPI,transfer,subscription,Bangalore,completed,,
TXN-15AB03E3C87D,2026-08-03 02:38:16,ACC-0176,ACC-0211,84671.96,INR,UPI,transfer,fuel,Hyderabad,completed,,
TXN-2DC103FA898B,2026-08-03 02:58:57,ACC-0446,ACC-0184,11253.64,INR,CASH,transfer,medical,Pune,completed,,
TXN-8D4F158580A7,2026-08-03 03:03:41,ACC-0190,ACC-0285,11441.52,INR,IMPS,transfer,fuel,Mumbai,completed,,
TXN-437ADCD1B0D8,2026-08-03 03:05:40,ACC-0423,ACC-0261,25087.57,INR,UPI,transfer,rent,Hyderabad,completed,,
TXN-536A475A0DAD,2026-08-03 03:05:53,ACC-0497,ACC-0148,12854.5,INR,IMPS,transfer,fuel,Mumbai,completed,,
TXN-BC835885DF6E,2026-08-03 03:10:42,ACC-0592,ACC-0340,22070.64,INR,UPI,transfer,shopping,Kolkata,completed,,
TXN-4FF16197AAB3,2026-08-03 03:19:38,ACC-0163,ACC-0194,13172.73,INR,CASH,transfer,,Ahmedabad,completed,,
TXN-E01E5970BDDB,2026-08-03 03:28:16,ACC-0240,ACC-0260,17415.09,INR,UPI,transfer,rent,Bangalore,completed,,
TXN-C84E85F806BE,2026-08-03 03:39:23,ACC-0405,ACC-0243,19809.3,INR,UPI,transfer,shopping,Mumbai,completed,,
TXN-35513D40747A,2026-08-03 03:40:55,ACC-0185,ACC-0340,13292.15,INR,UPI,transfer,,Chennai,completed,,
TXN-DBF1024E84A3,2026-08-03 03:42:42,ACC-0156,ACC-0280,19479.76,INR,IMPS,transfer,subscription,Chennai,completed,,
TXN-1ACF83B8A6EC,2026-08-03 03:44:33,ACC-0243,ACC-0501,21181.12,INR,IMPS,transfer,fuel,Kolkata,completed,,
TXN-0FB1A349DF69,2026-08-03 03:55:07,ACC-0393,ACC-0113,17042.51,INR,NEFT,transfer,medical,Pune,completed,,
TXN-BD6BD2260487,2026-08-03 03:56:47,ACC-0170,ACC-0473,13170.1,INR,IMPS,transfer,medical,Mumbai,completed,,
TXN-1893B3209CF7,2026-08-03 04:09:52,ACC-0352,ACC-0546,10652.38,INR,UPI,transfer,,Chennai,completed,,
TXN-8F10E1527A00,2026-08-03 04:16:13,ACC-D-001,ACC-0262,14195.3,INR,UPI,transfer,,Pune,completed,,
TXN-4846ED217675,2026-08-03 04:19:53,ACC-0230,ACC-0186,18880.76,INR,UPI,transfer,fuel,Mumbai,completed,,
TXN-F4D88916C435,2026-08-03 04:24:57,ACC-0462,ACC-0401,24939.01,INR,IMPS,transfer,rent,Ahmedabad,completed,,
TXN-7AC51E541F59,2026-08-03 04:40:12,ACC-0343,ACC-0245,21135.0,INR,NEFT,transfer,utilities,Delhi,completed,,
TXN-09F4E069185F,2026-08-03 04:56:44,ACC-0450,ACC-0123,62196.7,INR,IMPS,transfer,shopping,Chennai,completed,,
TXN-1E62A6E01604,2026-08-03 04:59:05,ACC-0206,ACC-0491,24255.76,INR,UPI,transfer,groceries,Hyderabad,completed,,
TXN-029AA8AB6914,2026-08-03 05:05:44,ACC-0211,ACC-0288,12466.88,INR,UPI,transfer,groceries,Chennai,completed,,
TXN-A8FA66A6ACDD,2026-08-03 05:14:45,ACC-0381,ACC-0127,11719.28,INR,UPI,transfer,shopping,Chennai,completed,,
TXN-AD13B8AFAB75,2026-08-03 05:19:22,ACC-0511,ACC-0197,11808.52,INR,IMPS,transfer,medical,Mumbai,completed,,
TXN-617CECC56279,2026-08-03 05:31:45,ACC-0427,ACC-0265,14178.93,INR,IMPS,transfer,shopping,Ahmedabad,completed,,
TXN-21CECF96A85C,2026-08-03 05:35:57,ACC-0129,ACC-0561,16384.37,INR,UPI,transfer,shopping,Hyderabad,completed,,
TXN-79D3B8B33774,2026-08-03 05:41:18,ACC-0449,ACC-0199,23115.75,INR,NEFT,transfer,rent,Hyderabad,completed,,
TXN-421119261A4D,2026-08-03 05:43:06,ACC-0541,ACC-0369,3603.98,INR,IMPS,transfer,,Kolkata,completed,,
TXN-FF374F97A783,2026-08-03 05:49:54,ACC-0355,ACC-0343,22195.54,INR,IMPS,transfer,,Bangalore,completed,,
TXN-66D900AA09FF,2026-08-03 06:02:51,ACC-0359,ACC-0228,19081.81,INR,IMPS,transfer,,Pune,completed,,
TXN-30AA3C5A7D01,2026-08-03 06:12:21,ACC-E-001,ACC-0121,12908.41,INR,NEFT,transfer,restaurant,Kolkata,completed,,
TXN-4D599ABC6B27,2026-08-03 06:19:55,ACC-0103,ACC-0244,11631.39,INR,UPI,transfer,medical,Delhi,completed,,
TXN-D22031793B14,2026-08-03 06:22:53,ACC-0239,ACC-0108,11696.71,INR,UPI,transfer,,Chennai,completed,,
TXN-868544F5998E,2026-08-03 06:36:58,ACC-0445,ACC-0409,22426.89,INR,UPI,transfer,shopping,Ahmedabad,completed,,
TXN-F38EFF0B14C2,2026-08-03 06:40:43,ACC-0384,ACC-0491,13952.47,INR,UPI,transfer,,Chennai,completed,,
TXN-8E9DE5FDB3F4,2026-08-03 06:43:17,ACC-0131,ACC-0374,37756.17,INR,RTGS,transfer,subscription,Hyderabad,completed,,
TXN-6FDD6D09594B,2026-08-03 06:45:12,ACC-0337,ACC-0317,22427.4,INR,UPI,transfer,rent,Bangalore,completed,,
TXN-C6F78D8D2D66,2026-08-03 07:00:12,ACC-0128,ACC-0412,36600.01,INR,UPI,transfer,rent,Delhi,completed,,
TXN-4720F98EA609,2026-08-03 07:19:02,ACC-0370,ACC-0281,11012.63,INR,UPI,transfer,rent,Chennai,completed,,
TXN-DAE8FE5FD534,2026-08-03 07:30:25,ACC-0550,ACC-0579,18974.88,INR,UPI,transfer,,Chennai,completed,,
TXN-6E3954974216,2026-08-03 07:37:35,ACC-0114,ACC-0551,22947.38,INR,UPI,transfer,,Delhi,completed,,
TXN-1007B0DF224E,2026-08-03 07:42:09,ACC-0441,ACC-0543,39645.99,INR,IMPS,transfer,medical,Delhi,completed,,
TXN-6D7C01D33098,2026-08-03 07:43:22,ACC-0491,ACC-0471,16655.73,INR,NEFT,transfer,fuel,Kolkata,completed,,
TXN-A5E6EA6937C3,2026-08-03 07:54:49,ACC-0274,ACC-0184,21264.13,INR,IMPS,transfer,,Hyderabad,completed,,
TXN-2E40FC0D6F39,2026-08-03 07:55:55,ACC-0238,ACC-0175,9102.15,INR,UPI,transfer,rent,Delhi,completed,,
TXN-FDABBE24F063,2026-08-03 07:56:11,ACC-0492,ACC-0353,82109.58,INR,UPI,transfer,groceries,Bangalore,completed,,
TXN-9FE5E1E45BB5,2026-08-03 07:56:13,ACC-0353,ACC-0410,29706.87,INR,IMPS,transfer,,Chennai,completed,,
TXN-4B04AE184D71,2026-08-03 08:09:25,ACC-0344,ACC-0322,44970.85,INR,NEFT,transfer,,Kolkata,completed,,
TXN-07D06F6EA904,2026-08-03 08:11:15,ACC-0179,ACC-0355,26710.8,INR,IMPS,transfer,,Pune,completed,,
TXN-5075CEA8E9FB,2026-08-03 08:21:27,ACC-0204,ACC-0559,21054.2,INR,NEFT,transfer,groceries,Pune,completed,,
TXN-7A0EB69FE590,2026-08-03 08:27:09,ACC-0313,ACC-0263,14506.39,INR,IMPS,transfer,,Chennai,completed,,
TXN-D288CF71EB52,2026-08-03 08:30:47,ACC-0515,ACC-0168,8074.39,INR,UPI,transfer,subscription,Mumbai,completed,,
TXN-FDDDA1A5CA01,2026-08-03 08:38:37,ACC-0466,ACC-0118,11193.53,INR,UPI,transfer,subscription,Chennai,completed,,
TXN-70F8E869E328,2026-08-03 08:38:40,ACC-0339,ACC-0226,19037.34,INR,UPI,transfer,groceries,Mumbai,completed,,
TXN-9B41DAC75F5A,2026-08-03 08:43:07,ACC-0578,ACC-0462,8393.29,INR,RTGS,transfer,subscription,Kolkata,completed,,
TXN-E34CF376C428,2026-08-03 09:13:21,ACC-0158,ACC-0554,20100.84,INR,UPI,transfer,subscription,Pune,completed,,
TXN-5519CE4CC22C,2026-08-03 09:31:24,ACC-0358,ACC-0570,19369.01,INR,UPI,transfer,,Kolkata,completed,,
TXN-9D57B9E63D58,2026-08-03 09:36:47,ACC-0474,ACC-0401,18362.87,INR,NEFT,transfer,shopping,Bangalore,completed,,
TXN-CE8D229BCDFD,2026-08-03 09:41:16,ACC-0161,ACC-0319,20582.08,INR,RTGS,transfer,groceries,Ahmedabad,completed,,
TXN-8050C298375C,2026-08-03 09:43:05,ACC-0155,ACC-0383,8623.57,INR,UPI,transfer,fuel,Mumbai,completed,,
TXN-C97808C57AA7,2026-08-03 09:48:09,ACC-0255,ACC-0102,13587.64,INR,RTGS,transfer,,Mumbai,completed,,
TXN-3C2D030DC686,2026-08-03 10:07:13,ACC-0171,ACC-0476,14607.81,INR,CASH,transfer,,Kolkata,completed,,
TXN-0ABFF27D0248,2026-08-03 10:12:13,ACC-0137,ACC-0430,32090.59,INR,UPI,transfer,shopping,Hyderabad,completed,,
TXN-C5238EC5391B,2026-08-03 10:14:38,ACC-0243,ACC-0579,18348.01,INR,UPI,transfer,restaurant,Hyderabad,completed,,
TXN-A0004EC2CC1F,2026-08-03 10:18:21,ACC-0315,ACC-0592,3453.19,INR,UPI,transfer,utilities,Delhi,completed,,
TXN-D4CE8BC62D2D,2026-08-03 10:29:02,ACC-0485,ACC-0554,21186.31,INR,CASH,transfer,restaurant,Chennai,completed,,
TXN-F2AF4E5B022C,2026-08-03 10:30:17,ACC-0247,ACC-0451,13547.77,INR,IMPS,transfer,restaurant,Ahmedabad,completed,,
TXN-B238425D9D8B,2026-08-03 10:51:14,ACC-0536,ACC-0333,1482.41,INR,IMPS,transfer,,Hyderabad,completed,,
TXN-E3E77373CC1D,2026-08-03 10:51:45,ACC-0159,ACC-0575,11883.24,INR,CASH,transfer,rent,Kolkata,completed,,
TXN-990458FDED29,2026-08-03 11:04:53,ACC-0257,ACC-0169,14826.88,INR,UPI,transfer,subscription,Delhi,completed,,
TXN-9C986BA0210A,2026-08-03 11:07:26,ACC-0289,ACC-0198,16317.31,INR,UPI,transfer,medical,Chennai,completed,,
TXN-FA60053D59BB,2026-08-03 11:12:35,ACC-0162,ACC-0477,18884.15,INR,UPI,transfer,groceries,Mumbai,completed,,
TXN-84A7E92C89ED,2026-08-03 11:14:06,ACC-0368,ACC-0261,15017.04,INR,NEFT,transfer,utilities,Hyderabad,completed,,
TXN-6DFD6D498A9E,2026-08-03 11:15:41,ACC-0109,ACC-0303,16033.21,INR,UPI,transfer,groceries,Delhi,completed,,
TXN-F26ED14DC5C2,2026-08-03 11:31:38,ACC-0246,ACC-0498,11216.8,INR,IMPS,transfer,rent,Ahmedabad,completed,,
TXN-AFA6AF237CF8,2026-08-03 11:32:21,ACC-0163,ACC-0477,13076.31,INR,IMPS,transfer,,Hyderabad,completed,,
TXN-6B973F4ECF57,2026-08-03 11:37:17,ACC-0481,ACC-0294,26246.04,INR,UPI,transfer,fuel,Hyderabad,completed,,
TXN-D071D6319B0F,2026-08-03 11:41:32,ACC-0470,ACC-0395,11444.98,INR,UPI,transfer,,Hyderabad,completed,,
TXN-7E5EF0D83E2E,2026-08-03 11:42:15,ACC-0322,ACC-0285,55809.11,INR,NEFT,transfer,,Bangalore,completed,,
TXN-888F65C0378D,2026-08-03 11:44:16,ACC-0160,ACC-0555,11067.01,INR,UPI,transfer,utilities,Ahmedabad,completed,,
TXN-0A937AF6F101,2026-08-03 11:48:12,ACC-0380,ACC-0458,11094.03,INR,UPI,transfer,groceries,Ahmedabad,completed,,
TXN-BDB4C48F7181,2026-08-03 11:53:16,ACC-0142,ACC-0102,3208.09,INR,NEFT,transfer,fuel,Pune,completed,,
TXN-E894CD9AFBFC,2026-08-03 12:17:24,ACC-0204,ACC-0317,24809.8,INR,IMPS,transfer,,Pune,completed,,
TXN-00FCA9973D57,2026-08-03 12:32:55,ACC-0255,ACC-D-001,12660.71,INR,UPI,transfer,utilities,Mumbai,completed,,
TXN-B4B4D26DE88B,2026-08-03 12:48:09,ACC-0561,ACC-0280,26661.9,INR,UPI,transfer,restaurant,Pune,completed,,
TXN-0D6EFA5A0B1D,2026-08-03 13:11:40,ACC-0292,ACC-0219,88571.45,INR,UPI,transfer,restaurant,Mumbai,completed,,
TXN-64EF347FD37D,2026-08-03 13:12:16,ACC-0230,ACC-0492,26705.75,INR,UPI,transfer,subscription,Bangalore,completed,,
TXN-715CE93593AF,2026-08-03 13:17:25,ACC-0467,ACC-0146,22929.97,INR,UPI,transfer,rent,Ahmedabad,completed,,
TXN-7DBE46DA6E96,2026-08-03 13:26:51,ACC-0104,ACC-C-001,15698.75,INR,NEFT,transfer,medical,Bangalore,completed,,
TXN-AB20D8E5BAB6,2026-08-03 13:28:52,ACC-0480,ACC-0527,24343.93,INR,UPI,transfer,groceries,Ahmedabad,completed,,
TXN-06ABC9B5FF56,2026-08-03 13:31:46,ACC-0483,ACC-0526,10537.98,INR,NEFT,transfer,,Hyderabad,completed,,
TXN-66A920240698,2026-08-03 13:45:27,ACC-0190,ACC-0155,10861.3,INR,UPI,transfer,shopping,Pune,completed,,
TXN-BF7F2AE0D955,2026-08-03 13:47:03,ACC-0452,ACC-0313,57250.26,INR,UPI,transfer,medical,Ahmedabad,completed,,
TXN-02344573688B,2026-08-03 13:49:22,ACC-0568,ACC-0504,12530.94,INR,RTGS,transfer,restaurant,Pune,completed,,
TXN-917C0EA9E192,2026-08-03 13:50:58,ACC-0559,ACC-0586,13574.33,INR,IMPS,transfer,fuel,Hyderabad,completed,,
TXN-5B0F67A1C6A5,2026-08-03 13:51:48,ACC-0100,ACC-0558,28603.84,INR,IMPS,transfer,fuel,Delhi,completed,,
TXN-3FCF7F93B5A5,2026-08-03 13:58:24,ACC-0176,ACC-0508,59131.47,INR,UPI,transfer,groceries,Pune,completed,,
TXN-646C9A4C3E2D,2026-08-03 14:11:22,ACC-0283,ACC-0236,75524.64,INR,UPI,transfer,restaurant,Hyderabad,completed,,
TXN-1E1751A1F1BE,2026-08-03 14:14:54,ACC-0192,ACC-0410,91574.39,INR,IMPS,transfer,,Kolkata,completed,,
TXN-ABD6D187808F,2026-08-03 14:15:35,ACC-0407,ACC-0118,62988.44,INR,UPI,transfer,subscription,Ahmedabad,completed,,
TXN-D824A2F4BFA6,2026-08-03 14:30:42,ACC-0260,ACC-0416,24781.92,INR,IMPS,transfer,,Delhi,completed,,
TXN-AA08546CB950,2026-08-03 14:36:19,ACC-0523,ACC-0317,21269.81,INR,UPI,transfer,rent,Delhi,completed,,
TXN-FA6447B7426A,2026-08-03 14:37:47,ACC-0348,ACC-0467,84128.18,INR,CASH,transfer,,Delhi,completed,,
TXN-EC038F83A7E6,2026-08-03 14:42:48,ACC-0351,ACC-0271,22282.39,INR,IMPS,transfer,rent,Ahmedabad,completed,,
TXN-1807199D5E86,2026-08-03 15:08:18,ACC-0387,ACC-0400,26514.46,INR,NEFT,transfer,utilities,Hyderabad,completed,,
TXN-67AC94266062,2026-08-03 15:13:07,ACC-0462,ACC-0254,24366.03,INR,NEFT,transfer,,Mumbai,completed,,
TXN-3DDD8D794EFD,2026-08-03 15:25:08,ACC-0242,ACC-0497,16041.58,INR,UPI,transfer,restaurant,Delhi,completed,,
TXN-6978C570F63E,2026-08-03 15:27:09,ACC-0352,ACC-0162,12122.81,INR,UPI,transfer,,Mumbai,completed,,
TXN-9EE52B4E64A4,2026-08-03 15:32:27,ACC-0264,ACC-0226,38508.64,INR,RTGS,transfer,medical,Bangalore,completed,,
TXN-87B55CF02A76,2026-08-03 15:42:00,ACC-0193,ACC-0158,19393.14,INR,UPI,transfer,utilities,Delhi,completed,,
TXN-74DB9F44CFA6,2026-08-03 15:52:03,ACC-0256,ACC-0126,8670.7,INR,NEFT,transfer,subscription,Mumbai,completed,,
TXN-397F3403FBB3,2026-08-03 16:05:56,ACC-0483,ACC-0155,14133.55,INR,IMPS,transfer,shopping,Delhi,completed,,
TXN-7E42816D6A92,2026-08-03 16:09:44,ACC-0374,ACC-0574,13519.11,INR,NEFT,transfer,medical,Chennai,completed,,
TXN-570304A0B99C,2026-08-03 16:12:18,ACC-0447,ACC-0438,116280.39,INR,IMPS,transfer,utilities,Bangalore,completed,,
TXN-E79598594F0D,2026-08-03 16:40:15,ACC-0292,ACC-0213,22371.55,INR,UPI,transfer,groceries,Ahmedabad,completed,,
TXN-7DECCCC45300,2026-08-03 16:41:16,ACC-G-001,ACC-0205,10208.22,INR,IMPS,transfer,fuel,Delhi,completed,,
TXN-73238C1028AE,2026-08-03 16:45:15,ACC-0401,ACC-G-001,2711.91,INR,UPI,transfer,subscription,Bangalore,completed,,
TXN-7E049EE22872,2026-08-03 16:53:38,ACC-0118,ACC-0167,17895.01,INR,UPI,transfer,groceries,Delhi,completed,,
TXN-88E505FACB25,2026-08-03 16:54:08,ACC-0454,ACC-0577,18063.06,INR,NEFT,transfer,restaurant,Hyderabad,completed,,
TXN-A0F9EBEDA961,2026-08-03 16:55:13,ACC-0359,ACC-0370,11706.44,INR,CASH,transfer,groceries,Kolkata,completed,,
TXN-F893CD8D1C83,2026-08-03 17:00:52,ACC-E-001,ACC-0580,11888.33,INR,UPI,transfer,,Kolkata,completed,,
TXN-64870FF51773,2026-08-03 17:09:01,ACC-0305,ACC-0559,26498.71,INR,UPI,transfer,restaurant,Chennai,completed,,
TXN-EC2ACFA528CE,2026-08-03 17:10:21,ACC-0451,ACC-0391,12362.58,INR,RTGS,transfer,,Ahmedabad,completed,,
TXN-9276112A46F0,2026-08-03 17:21:43,ACC-0422,ACC-0499,24070.65,INR,RTGS,transfer,,Delhi,completed,,
TXN-87215312BA5E,2026-08-03 17:24:28,ACC-0193,ACC-0373,25247.93,INR,UPI,transfer,utilities,Mumbai,completed,,
TXN-0864C0E3EE54,2026-08-03 17:26:09,ACC-0208,ACC-0201,10113.2,INR,UPI,transfer,,Hyderabad,completed,,
TXN-6CC0425F56E2,2026-08-03 17:28:25,ACC-E-001,ACC-0195,10526.27,INR,UPI,transfer,fuel,Ahmedabad,completed,,
TXN-4D7FAB687CEE,2026-08-03 17:37:24,ACC-0366,ACC-0473,23566.45,INR,UPI,transfer,utilities,Delhi,completed,,
TXN-5B30A8241EF4,2026-08-03 17:39:10,ACC-0174,ACC-0193,15444.67,INR,IMPS,transfer,rent,Bangalore,completed,,
TXN-A815710D22BF,2026-08-03 17:39:32,ACC-0352,ACC-0474,11509.47,INR,IMPS,transfer,,Mumbai,completed,,
TXN-F526A3C756E7,2026-08-03 17:56:41,ACC-0121,ACC-0150,17169.5,INR,NEFT,transfer,,Pune,completed,,
TXN-CD9644F2792F,2026-08-03 17:58:12,ACC-0106,ACC-0139,12778.31,INR,IMPS,transfer,rent,Ahmedabad,completed,,
TXN-1741FCDDF9E2,2026-08-03 18:04:24,ACC-0325,ACC-0484,16774.49,INR,UPI,transfer,groceries,Hyderabad,completed,,
TXN-9A776B70EEEA,2026-08-03 18:17:04,ACC-0151,ACC-0402,65564.72,INR,CASH,transfer,medical,Chennai,completed,,
TXN-37307400F05A,2026-08-03 18:41:31,ACC-0500,ACC-0280,12368.77,INR,RTGS,transfer,groceries,Chennai,completed,,
TXN-BC7BB8784A69,2026-08-03 19:06:35,ACC-0397,ACC-0509,35854.7,INR,NEFT,transfer,utilities,Hyderabad,completed,,
TXN-2C6E657BD78E,2026-08-03 19:11:05,ACC-0540,ACC-0259,13325.66,INR,RTGS,transfer,medical,Kolkata,completed,,
TXN-B500E0FB52DA,2026-08-03 19:27:04,ACC-0423,ACC-0103,25674.13,INR,NEFT,transfer,,Mumbai,completed,,
TXN-90AE488412E1,2026-08-03 19:29:32,ACC-0160,ACC-0405,5815.82,INR,NEFT,transfer,utilities,Delhi,completed,,
TXN-99F3924CB23E,2026-08-03 19:37:21,ACC-0261,ACC-0385,3676.11,INR,CASH,transfer,,Mumbai,completed,,
TXN-EDA8D8A0907E,2026-08-03 19:40:08,ACC-0570,ACC-0477,35812.93,INR,RTGS,transfer,groceries,Bangalore,completed,,
TXN-AF5C126CE082,2026-08-03 19:40:28,ACC-0579,ACC-0498,3069.7,INR,NEFT,transfer,,Kolkata,completed,,
TXN-FDDDD5580BFF,2026-08-03 19:51:17,ACC-0389,ACC-0270,12116.05,INR,RTGS,transfer,utilities,Chennai,completed,,
TXN-B660AF989267,2026-08-03 19:51:47,ACC-0484,ACC-0263,10714.72,INR,CASH,transfer,rent,Bangalore,completed,,
TXN-37D943294770,2026-08-03 19:52:16,ACC-0324,ACC-0318,11376.05,INR,IMPS,transfer,shopping,Hyderabad,completed,,
TXN-CB04C36718A1,2026-08-03 19:53:03,ACC-0290,ACC-0308,10440.29,INR,UPI,transfer,subscription,Kolkata,completed,,
TXN-C55F38798504,2026-08-03 19:58:57,ACC-0254,ACC-0184,12090.35,INR,CASH,transfer,fuel,Ahmedabad,completed,,
TXN-4B84927A4843,2026-08-03 20:02:54,ACC-0479,ACC-0515,12145.62,INR,IMPS,transfer,fuel,Bangalore,completed,,
TXN-89B7A77E3034,2026-08-03 20:14:57,ACC-0193,ACC-0340,20877.21,INR,NEFT,transfer,rent,Kolkata,completed,,
TXN-C0FD3CE52C3D,2026-08-03 20:23:43,ACC-0444,ACC-0339,12287.85,INR,UPI,transfer,shopping,Kolkata,completed,,
TXN-34AA977EBBCD,2026-08-03 21:15:56,ACC-0269,ACC-0177,67383.95,INR,UPI,transfer,utilities,Delhi,completed,,
TXN-D56D01AB6830,2026-08-03 21:22:26,ACC-0138,ACC-0236,9902.15,INR,UPI,transfer,medical,Kolkata,completed,,
TXN-B83860FD55FB,2026-08-03 21:38:55,ACC-0102,ACC-0591,17542.71,INR,RTGS,transfer,fuel,Hyderabad,completed,,
TXN-34AEB73D6FA9,2026-08-03 21:39:40,ACC-0112,ACC-0344,20955.16,INR,NEFT,transfer,,Ahmedabad,completed,,
TXN-560743B583DC,2026-08-03 21:47:55,ACC-0141,ACC-0387,22903.07,INR,NEFT,transfer,shopping,Delhi,completed,,
TXN-E230B1FC68F5,2026-08-03 21:51:35,ACC-0305,ACC-0475,17581.02,INR,UPI,transfer,restaurant,Hyderabad,completed,,
TXN-12D9F114FA05,2026-08-03 21:53:21,ACC-0478,ACC-0486,19446.18,INR,NEFT,transfer,medical,Bangalore,completed,,
TXN-84D95CDF792F,2026-08-03 22:15:15,ACC-0572,ACC-0273,19189.9,INR,CASH,transfer,rent,Hyderabad,completed,,
TXN-B29E1EF1AFA0,2026-08-03 22:18:29,ACC-0481,ACC-0499,14993.84,INR,UPI,transfer,,Kolkata,completed,,
TXN-D13E2AE4CE8D,2026-08-03 22:19:31,ACC-0152,ACC-0300,22077.39,INR,CASH,transfer,fuel,Kolkata,completed,,
TXN-29B85733C4BC,2026-08-03 22:26:05,ACC-0479,ACC-0271,11556.9,INR,UPI,transfer,restaurant,Ahmedabad,completed,,
TXN-265C4C101E52,2026-08-03 22:35:28,ACC-0450,ACC-0392,25379.12,INR,RTGS,transfer,subscription,Pune,completed,,
TXN-27331B1B2DAB,2026-08-03 22:56:16,ACC-0136,ACC-0291,10831.36,INR,UPI,transfer,utilities,Kolkata,completed,,
TXN-5BB23C61CF31,2026-08-03 23:04:27,ACC-0366,ACC-0231,166458.71,INR,NEFT,transfer,groceries,Mumbai,completed,,
TXN-1A614346809C,2026-08-03 23:18:30,ACC-0244,ACC-0429,10708.37,INR,UPI,transfer,shopping,Hyderabad,completed,,
TXN-8FAF6FD15484,2026-08-03 23:22:38,ACC-0341,ACC-0442,18445.93,INR,UPI,transfer,shopping,Delhi,completed,,
TXN-76406C4C7603,2026-08-03 23:31:43,ACC-0155,ACC-0162,20892.05,INR,UPI,transfer,shopping,Bangalore,completed,,
TXN-5DE20236E518,2026-08-04 00:02:36,ACC-0148,ACC-0163,19696.51,INR,IMPS,transfer,medical,Ahmedabad,completed,,
TXN-191F7523A91A,2026-08-04 00:07:31,ACC-0103,ACC-0143,13043.8,INR,UPI,transfer,shopping,Chennai,completed,,
TXN-F7E3E67974D8,2026-08-04 00:08:29,ACC-0582,ACC-0297,24301.37,INR,IMPS,transfer,subscription,Mumbai,completed,,
TXN-38331A67244E,2026-08-04 00:14:10,ACC-0325,ACC-0272,21985.6,INR,UPI,transfer,restaurant,Hyderabad,completed,,
TXN-358E70FA9C7D,2026-08-04 00:25:49,ACC-0199,ACC-0289,565.08,INR,UPI,transfer,subscription,Delhi,completed,,
TXN-8B6E047CF736,2026-08-04 00:41:13,ACC-0310,ACC-0454,23425.6,INR,UPI,transfer,,Bangalore,completed,,
TXN-9CB643761F07,2026-08-04 00:52:40,ACC-0201,ACC-0535,11480.36,INR,RTGS,transfer,rent,Ahmedabad,completed,,
TXN-BA8DE66B3C78,2026-08-04 00:53:21,ACC-0173,ACC-0158,27194.9,INR,UPI,transfer,groceries,Delhi,completed,,
TXN-3CCFAF8C5303,2026-08-04 00:57:05,ACC-0219,ACC-0327,41550.6,INR,UPI,transfer,,Bangalore,completed,,
TXN-7BB99A063A11,2026-08-04 01:06:17,ACC-0489,ACC-0298,12790.35,INR,IMPS,transfer,medical,Hyderabad,completed,,
TXN-4C808AD46712,2026-08-04 01:43:50,ACC-0358,ACC-0101,12907.87,INR,UPI,transfer,groceries,Delhi,completed,,
TXN-091D2680A5EE,2026-08-04 01:50:30,ACC-0282,ACC-0414,16322.46,INR,IMPS,transfer,,Chennai,completed,,
TXN-88B2976391CD,2026-08-04 01:51:10,ACC-0398,ACC-0430,11236.18,INR,UPI,transfer,subscription,Bangalore,completed,,
TXN-DECFD2706B1A,2026-08-04 01:52:30,ACC-0462,ACC-0293,18863.38,INR,UPI,transfer,,Pune,completed,,
TXN-5150499509A3,2026-08-04 01:53:49,ACC-0146,ACC-0567,14222.94,INR,NEFT,transfer,restaurant,Kolkata,completed,,
TXN-ED44C4C70149,2026-08-04 01:57:31,ACC-0445,ACC-0480,22233.31,INR,IMPS,transfer,,Hyderabad,completed,,
TXN-31BFA00D5E44,2026-08-04 01:58:39,ACC-0457,ACC-0353,22441.48,INR,UPI,transfer,,Mumbai,completed,,
TXN-FA2E3148735F,2026-08-04 02:25:50,ACC-0393,ACC-0411,9187.07,INR,UPI,transfer,groceries,Bangalore,completed,,
TXN-B9757B5EE9B2,2026-08-04 02:34:32,ACC-0375,ACC-0371,20152.95,INR,IMPS,transfer,subscription,Pune,completed,,
TXN-511C08185E66,2026-08-04 02:39:16,ACC-0209,ACC-0534,24240.84,INR,NEFT,transfer,subscription,Hyderabad,completed,,
TXN-02E36E7CA24C,2026-08-04 02:55:30,ACC-0568,ACC-0154,26709.51,INR,IMPS,transfer,groceries,Delhi,completed,,
TXN-2B0D33068AB1,2026-08-04 02:56:08,ACC-0173,ACC-0294,24720.51,INR,UPI,transfer,restaurant,Kolkata,completed,,
TXN-44C7A321BD63,2026-08-04 03:01:12,ACC-0451,ACC-0242,19351.5,INR,RTGS,transfer,shopping,Chennai,completed,,
TXN-B4D321B2FB69,2026-08-04 03:09:03,ACC-0109,ACC-0582,22718.39,INR,IMPS,transfer,,Chennai,completed,,
TXN-40DED6049BD1,2026-08-04 03:16:59,ACC-0451,ACC-0270,24422.1,INR,IMPS,transfer,fuel,Delhi,completed,,
TXN-422619FF2966,2026-08-04 03:31:12,ACC-0592,ACC-0464,17458.55,INR,UPI,transfer,,Hyderabad,completed,,
TXN-94F5346382C8,2026-08-04 03:51:10,ACC-0204,ACC-0162,19677.6,INR,NEFT,transfer,shopping,Mumbai,completed,,
TXN-S005-001,2026-08-04 04:00:00,ACC-0174,ACC-0175,300000.0,INR,UPI,transfer,,Chennai,completed,SCENARIO-005,synthetic_suspicious_pattern
TXN-7BB47FF93086,2026-08-04 04:02:09,ACC-0368,ACC-0105,24363.45,INR,UPI,transfer,groceries,Pune,completed,,
TXN-0A7468D5C849,2026-08-04 04:04:22,ACC-0365,ACC-0170,11615.73,INR,UPI,transfer,utilities,Chennai,completed,,
TXN-B893E6B8BC7E,2026-08-04 04:13:45,ACC-0395,ACC-0203,15449.26,INR,UPI,transfer,shopping,Hyderabad,completed,,
TXN-F83481092C1E,2026-08-04 04:18:45,ACC-0408,ACC-0438,15468.86,INR,NEFT,transfer,restaurant,Kolkata,completed,,
TXN-F2A9A946FD62,2026-08-04 04:25:49,ACC-0183,ACC-0407,47218.95,INR,IMPS,transfer,,Pune,completed,,
TXN-0D44CCC4EA4E,2026-08-04 04:29:38,ACC-A-001,ACC-0153,71722.34,INR,NEFT,transfer,fuel,Bangalore,completed,,
TXN-A9A78754E102,2026-08-04 04:39:30,ACC-0354,ACC-0146,14881.69,INR,IMPS,transfer,utilities,Pune,completed,,
TXN-3F3BDDDCFFBB,2026-08-04 04:42:55,ACC-0274,ACC-0468,5269.87,INR,UPI,transfer,fuel,Ahmedabad,completed,,
TXN-F6D5B1BBC7F1,2026-08-04 04:48:35,ACC-0455,ACC-0190,20631.9,INR,IMPS,transfer,utilities,Kolkata,completed,,
TXN-87EE4D8EDF29,2026-08-04 05:08:47,ACC-0555,ACC-0566,12562.65,INR,UPI,transfer,shopping,Pune,completed,,
TXN-69C7B8453E56,2026-08-04 05:21:38,ACC-0417,ACC-0256,38347.88,INR,IMPS,transfer,fuel,Delhi,completed,,
TXN-629D5D7E5B97,2026-08-04 05:25:41,ACC-0477,ACC-0110,19962.8,INR,IMPS,transfer,subscription,Kolkata,completed,,
TXN-8EC624BE7CB8,2026-08-04 05:28:29,ACC-0152,ACC-0500,23615.74,INR,UPI,transfer,groceries,Ahmedabad,completed,,
TXN-B4154C4BA4E3,2026-08-04 05:45:33,ACC-0516,ACC-0416,21445.67,INR,UPI,transfer,,Bangalore,completed,,
TXN-C6E4E0BE6710,2026-08-04 05:53:36,ACC-0249,ACC-0385,12845.86,INR,UPI,transfer,,Chennai,completed,,
TXN-4B9790DF2DDE,2026-08-04 06:11:05,ACC-0296,ACC-0194,23255.92,INR,NEFT,transfer,rent,Kolkata,completed,,
TXN-A82623C90776,2026-08-04 06:23:16,ACC-0202,ACC-0562,11159.73,INR,RTGS,transfer,,Pune,completed,,
TXN-98C46A46DA52,2026-08-04 06:25:10,ACC-0585,ACC-0350,17801.84,INR,IMPS,transfer,,Mumbai,completed,,
TXN-19D3D39C2AF8,2026-08-04 06:25:36,ACC-0482,ACC-0477,50361.79,INR,IMPS,transfer,groceries,Kolkata,completed,,
TXN-46B790CFE2BF,2026-08-04 06:28:41,ACC-0360,ACC-0369,19804.41,INR,IMPS,transfer,groceries,Pune,completed,,
TXN-93092FB20C6D,2026-08-04 06:30:17,ACC-0248,ACC-0138,17734.42,INR,NEFT,transfer,rent,Delhi,completed,,
TXN-16E44E3B64D7,2026-08-04 06:39:24,ACC-0120,ACC-0256,11615.49,INR,UPI,transfer,shopping,Kolkata,completed,,
TXN-A726EAA89F56,2026-08-04 06:42:28,ACC-0302,ACC-0161,10925.93,INR,UPI,transfer,restaurant,Kolkata,completed,,
TXN-9DD950DCCC54,2026-08-04 06:50:46,ACC-0472,ACC-0412,74576.72,INR,UPI,transfer,shopping,Hyderabad,completed,,
TXN-4602794C8C55,2026-08-04 06:55:35,ACC-0560,ACC-0226,13029.08,INR,UPI,transfer,medical,Kolkata,completed,,
TXN-94E395EBE3F5,2026-08-04 06:58:46,ACC-0362,ACC-0574,6006.47,INR,UPI,transfer,subscription,Bangalore,completed,,
TXN-S005-002,2026-08-04 07:00:00,ACC-0175,ACC-0176,285000.0,INR,UPI,transfer,,Chennai,completed,SCENARIO-005,synthetic_suspicious_pattern
TXN-C8A34DE4449E,2026-08-04 07:09:05,ACC-0439,ACC-0371,19731.29,INR,UPI,transfer,medical,Delhi,completed,,
TXN-4BA056AE763E,2026-08-04 07:21:09,ACC-0389,ACC-0273,13114.02,INR,RTGS,transfer,utilities,Chennai,completed,,
TXN-7F0C8C024468,2026-08-04 07:57:08,ACC-0218,ACC-0175,17581.68,INR,IMPS,transfer,,Chennai,completed,,
TXN-192101651E0C,2026-08-04 07:58:12,ACC-0494,ACC-0303,25513.88,INR,IMPS,transfer,,Chennai,completed,,
TXN-EBD00D16500A,2026-08-04 07:59:37,ACC-0163,ACC-0462,12164.11,INR,IMPS,transfer,rent,Kolkata,completed,,
TXN-76DC873E91C1,2026-08-04 08:02:01,ACC-0327,ACC-0102,16242.15,INR,RTGS,transfer,subscription,Mumbai,completed,,
TXN-B87BC84997FF,2026-08-04 08:02:27,ACC-0209,ACC-0110,20425.72,INR,IMPS,transfer,groceries,Hyderabad,completed,,
TXN-28CBCD5729F7,2026-08-04 08:02:46,ACC-0448,ACC-0250,28850.12,INR,UPI,transfer,shopping,Pune,completed,,
TXN-8DB8D6D7B2CA,2026-08-04 08:15:27,ACC-0400,ACC-0386,9346.39,INR,IMPS,transfer,restaurant,Chennai,completed,,
TXN-CB905869B40D,2026-08-04 08:33:58,ACC-0409,ACC-0303,26553.44,INR,UPI,transfer,,Kolkata,completed,,
TXN-F6BCBA3D53C8,2026-08-04 08:45:54,ACC-0346,ACC-0165,17896.98,INR,UPI,transfer,,Chennai,completed,,
TXN-73F3E7E58A0E,2026-08-04 08:50:44,ACC-0199,ACC-0191,7630.17,INR,RTGS,transfer,,Hyderabad,completed,,
TXN-A18B04984C52,2026-08-04 09:03:22,ACC-0139,ACC-E-001,12928.73,INR,NEFT,transfer,fuel,Kolkata,completed,,
TXN-118212C0EE23,2026-08-04 09:29:21,ACC-0136,ACC-0346,12731.34,INR,NEFT,transfer,rent,Pune,completed,,
TXN-E30DC007DE07,2026-08-04 09:43:36,ACC-0171,ACC-E-001,22605.57,INR,UPI,transfer,,Pune,completed,,
TXN-S005-003,2026-08-04 10:00:00,ACC-0176,ACC-0177,270750.0,INR,UPI,transfer,,Chennai,completed,SCENARIO-005,synthetic_suspicious_pattern
TXN-D759A7E0D4AF,2026-08-04 10:03:10,ACC-0527,ACC-0398,18064.46,INR,IMPS,transfer,restaurant,Ahmedabad,completed,,
TXN-BD159566F322,2026-08-04 10:20:35,ACC-0344,ACC-0528,27317.57,INR,RTGS,transfer,fuel,Chennai,completed,,
TXN-D07D2C4A4001,2026-08-04 10:23:30,ACC-0204,ACC-0409,25813.04,INR,UPI,transfer,rent,Mumbai,completed,,
TXN-67290F88489A,2026-08-04 10:32:02,ACC-0188,ACC-0178,11317.81,INR,NEFT,transfer,rent,Mumbai,completed,,
TXN-D684B7A392A9,2026-08-04 10:32:17,ACC-0408,ACC-0334,16450.68,INR,UPI,transfer,subscription,Hyderabad,completed,,
TXN-D1FB9167B310,2026-08-04 10:32:56,ACC-0148,ACC-0139,24802.13,INR,UPI,transfer,rent,Mumbai,completed,,
TXN-773090A1E37F,2026-08-04 10:35:31,ACC-0155,ACC-0423,7428.0,INR,UPI,transfer,subscription,Mumbai,completed,,
TXN-A513CC1E51C3,2026-08-04 10:41:16,ACC-0181,ACC-0262,24944.37,INR,UPI,transfer,utilities,Bangalore,completed,,
TXN-3319BA0C68CD,2026-08-04 10:46:29,ACC-0204,ACC-0497,19337.47,INR,RTGS,transfer,restaurant,Pune,completed,,
TXN-3C2E04427BA1,2026-08-04 10:56:12,ACC-0464,ACC-0494,8062.77,INR,UPI,transfer,groceries,Chennai,completed,,
TXN-664360545587,2026-08-04 10:58:31,ACC-0299,ACC-0143,20162.37,INR,UPI,transfer,,Mumbai,completed,,
TXN-8E98FDFD6B96,2026-08-04 11:04:12,ACC-0182,ACC-0377,19875.19,INR,UPI,transfer,fuel,Bangalore,completed,,
TXN-A2AD6F978831,2026-08-04 11:10:25,ACC-0559,ACC-0346,11771.3,INR,CASH,transfer,,Delhi,completed,,
TXN-04B7C0CD21B1,2026-08-04 11:10:31,ACC-0426,ACC-0102,16803.23,INR,UPI,transfer,,Delhi,completed,,
TXN-4E371A35273C,2026-08-04 11:28:56,ACC-0592,ACC-0396,22488.28,INR,IMPS,transfer,fuel,Hyderabad,completed,,
TXN-2871238FA8B8,2026-08-04 11:32:39,ACC-0163,ACC-0587,10213.04,INR,IMPS,transfer,fuel,Bangalore,completed,,
TXN-2C31401239C3,2026-08-04 11:33:33,ACC-0394,ACC-0251,12060.92,INR,IMPS,transfer,utilities,Delhi,completed,,
TXN-FBD91B3B9A47,2026-08-04 11:47:32,ACC-0512,ACC-0204,21369.35,INR,IMPS,transfer,utilities,Delhi,completed,,
TXN-5F0B768643A3,2026-08-04 12:00:30,ACC-0492,ACC-0342,61568.79,INR,UPI,transfer,rent,Delhi,completed,,
TXN-757513EEB52B,2026-08-04 12:02:58,ACC-0237,ACC-0269,18946.21,INR,CASH,transfer,,Pune,completed,,
TXN-2F3DE95A2BDA,2026-08-04 12:10:56,ACC-0243,ACC-0566,18747.77,INR,IMPS,transfer,subscription,Hyderabad,completed,,
TXN-CB2ACD26790F,2026-08-04 12:15:08,ACC-0251,ACC-0282,11268.59,INR,UPI,transfer,fuel,Mumbai,completed,,
TXN-3C31E2963966,2026-08-04 12:15:28,ACC-0129,ACC-0513,21696.27,INR,UPI,transfer,utilities,Ahmedabad,completed,,
TXN-8947EBDDED1A,2026-08-04 12:29:45,ACC-0153,ACC-0404,30483.17,INR,UPI,transfer,fuel,Pune,completed,,
TXN-D9AF860FFE6E,2026-08-04 12:30:32,ACC-0519,ACC-0332,25794.16,INR,UPI,transfer,groceries,Mumbai,completed,,
TXN-718F6E1A1415,2026-08-04 12:30:39,ACC-0503,ACC-0255,11641.58,INR,CASH,transfer,,Mumbai,completed,,
TXN-907BC704EF81,2026-08-04 12:40:55,ACC-0506,ACC-0561,11495.62,INR,NEFT,transfer,utilities,Ahmedabad,completed,,
TXN-564B9E0C5A13,2026-08-04 12:56:42,ACC-0192,ACC-0241,27569.35,INR,UPI,transfer,subscription,Bangalore,completed,,
TXN-S005-004,2026-08-04 13:00:00,ACC-0177,ACC-0178,257212.5,INR,UPI,transfer,,Chennai,completed,SCENARIO-005,synthetic_suspicious_pattern
TXN-5A264EFE55AB,2026-08-04 13:24:22,ACC-0285,ACC-0136,14573.67,INR,NEFT,transfer,fuel,Mumbai,completed,,
TXN-6172BA428846,2026-08-04 13:30:04,ACC-0255,ACC-D-001,13892.28,INR,NEFT,transfer,,Kolkata,completed,,
TXN-A7A05AB1AAC1,2026-08-04 13:41:41,ACC-0299,ACC-0397,20104.36,INR,UPI,transfer,shopping,Bangalore,completed,,
TXN-ED0ADFAF82A7,2026-08-04 13:51:28,ACC-0151,ACC-0438,49929.68,INR,UPI,transfer,restaurant,Chennai,completed,,
TXN-EAAC734AF6D2,2026-08-04 14:05:08,ACC-0490,ACC-0469,24063.75,INR,IMPS,transfer,rent,Hyderabad,completed,,
TXN-6D1F9A8DBB36,2026-08-04 14:15:48,ACC-0283,ACC-0254,70715.44,INR,UPI,transfer,shopping,Bangalore,completed,,
TXN-8F4C59B769C2,2026-08-04 14:17:24,ACC-0330,ACC-0496,19613.15,INR,IMPS,transfer,groceries,Hyderabad,completed,,
TXN-507B277D30EB,2026-08-04 14:43:24,ACC-0103,ACC-0495,12953.13,INR,RTGS,transfer,fuel,Hyderabad,completed,,
TXN-A7AF3745BF1C,2026-08-04 14:53:34,ACC-0149,ACC-0482,20601.58,INR,UPI,transfer,,Delhi,completed,,
TXN-A7E2A17F35B3,2026-08-04 14:57:27,ACC-0523,ACC-0318,17598.31,INR,NEFT,transfer,,Chennai,completed,,
TXN-05EEF1A4D87F,2026-08-04 15:00:58,ACC-0444,ACC-0155,12303.49,INR,UPI,transfer,,Hyderabad,completed,,
TXN-C34CB5621651,2026-08-04 15:04:53,ACC-0503,ACC-0409,9665.06,INR,UPI,transfer,restaurant,Pune,completed,,
TXN-F43C91791AAD,2026-08-04 15:10:47,ACC-0523,ACC-0557,18990.59,INR,RTGS,transfer,groceries,Kolkata,completed,,
TXN-56B8E21089B9,2026-08-04 15:36:06,ACC-0334,ACC-0142,21353.94,INR,RTGS,transfer,fuel,Pune,completed,,
TXN-0A61543B4E0A,2026-08-04 15:39:32,ACC-0477,ACC-0256,15043.57,INR,UPI,transfer,utilities,Pune,completed,,
TXN-9F0BF8B8145D,2026-08-04 15:41:23,ACC-0234,ACC-0166,11369.72,INR,UPI,transfer,restaurant,Bangalore,completed,,
TXN-956858189254,2026-08-04 16:00:16,ACC-0161,ACC-0357,15116.63,INR,NEFT,transfer,groceries,Ahmedabad,completed,,
TXN-3FA4BDFFD3A5,2026-08-04 16:06:19,ACC-0585,ACC-0465,27330.23,INR,IMPS,transfer,,Chennai,completed,,
TXN-C89104481F2F,2026-08-04 16:07:54,ACC-0426,ACC-0267,17844.63,INR,RTGS,transfer,groceries,Pune,completed,,
TXN-611096C41225,2026-08-04 16:16:36,ACC-0548,ACC-0567,17567.98,INR,UPI,transfer,groceries,Hyderabad,completed,,
TXN-0BC40F2F3EDE,2026-08-04 16:27:56,ACC-0345,ACC-0301,42615.02,INR,IMPS,transfer,restaurant,Kolkata,completed,,
TXN-8C89E4B28D40,2026-08-04 16:30:24,ACC-0164,ACC-0423,10078.8,INR,IMPS,transfer,,Kolkata,completed,,
TXN-481669B3AE4F,2026-08-04 16:32:38,ACC-0447,ACC-G-001,104014.38,INR,IMPS,transfer,medical,Hyderabad,completed,,
TXN-F30A0D55E8BC,2026-08-04 16:47:12,ACC-0506,ACC-0328,14040.17,INR,IMPS,transfer,fuel,Bangalore,completed,,
TXN-C5463226544C,2026-08-04 16:57:17,ACC-0130,ACC-0581,2849.41,INR,NEFT,transfer,,Delhi,completed,,
TXN-BD079640AA97,2026-08-04 16:58:05,ACC-0117,ACC-0137,20307.29,INR,IMPS,transfer,fuel,Pune,completed,,
TXN-08367ACC1321,2026-08-04 16:58:26,ACC-0258,ACC-0221,22060.14,INR,IMPS,transfer,restaurant,Hyderabad,completed,,
TXN-5667D67792CC,2026-08-04 17:34:43,ACC-0447,ACC-0153,65532.0,INR,UPI,transfer,utilities,Hyderabad,completed,,
TXN-61D8EEE0DBB7,2026-08-04 17:46:37,ACC-0167,ACC-0516,21163.59,INR,IMPS,transfer,medical,Hyderabad,completed,,
TXN-205E454A68D4,2026-08-04 17:56:40,ACC-0130,ACC-0495,5442.11,INR,CASH,transfer,,Delhi,completed,,
TXN-A80A0DE28B77,2026-08-04 18:23:49,ACC-0392,ACC-0386,13147.46,INR,RTGS,transfer,,Hyderabad,completed,,
TXN-F3CE43E20EFD,2026-08-04 18:24:15,ACC-0139,ACC-0219,2230.48,INR,UPI,transfer,,Mumbai,completed,,
TXN-6A7774900C03,2026-08-04 18:24:27,ACC-0132,ACC-0238,23304.19,INR,RTGS,transfer,fuel,Mumbai,completed,,
TXN-FF29859E4F84,2026-08-04 18:38:13,ACC-0590,ACC-0524,18862.46,INR,IMPS,transfer,medical,Ahmedabad,completed,,
TXN-AEEFE6F19F5A,2026-08-04 18:38:29,ACC-0488,ACC-0577,21676.08,INR,UPI,transfer,subscription,Mumbai,completed,,
TXN-65A4B925D52B,2026-08-04 18:51:51,ACC-0451,ACC-0110,14418.21,INR,UPI,transfer,rent,Delhi,completed,,
TXN-C4228A1ABBA1,2026-08-04 18:59:17,ACC-0150,ACC-0567,19683.73,INR,IMPS,transfer,groceries,Ahmedabad,completed,,
TXN-BE1B6E16ACCD,2026-08-04 19:39:51,ACC-0226,ACC-0559,13939.92,INR,UPI,transfer,groceries,Chennai,completed,,
TXN-B38B7C6B7E75,2026-08-04 19:44:03,ACC-0179,ACC-0155,19867.08,INR,UPI,transfer,,Ahmedabad,completed,,
TXN-A0DE1211E82C,2026-08-04 19:44:30,ACC-0513,ACC-0361,9071.87,INR,CASH,transfer,subscription,Chennai,completed,,
TXN-65EF1218D478,2026-08-04 19:47:49,ACC-0381,ACC-0172,10216.15,INR,RTGS,transfer,shopping,Chennai,completed,,
TXN-0CB49672E6FB,2026-08-04 19:58:25,ACC-0518,ACC-0277,26114.99,INR,UPI,transfer,restaurant,Mumbai,completed,,
TXN-ACAEE83D0E44,2026-08-04 20:08:32,ACC-0135,ACC-0516,12359.11,INR,IMPS,transfer,,Mumbai,completed,,
TXN-005489B9C899,2026-08-04 20:10:30,ACC-0128,ACC-0342,16367.31,INR,NEFT,transfer,,Mumbai,completed,,
TXN-1CA551ED5EC9,2026-08-04 20:10:52,ACC-0496,ACC-0175,9864.06,INR,UPI,transfer,shopping,Chennai,completed,,
TXN-1CFB3EE17E11,2026-08-04 20:27:02,ACC-0110,ACC-0509,2787.22,INR,NEFT,transfer,groceries,Chennai,completed,,
TXN-61F82841419A,2026-08-04 20:28:32,ACC-0337,ACC-0564,23524.59,INR,IMPS,transfer,shopping,Hyderabad,completed,,
TXN-9CD96FA6C386,2026-08-04 20:55:53,ACC-0318,ACC-0470,26529.65,INR,CASH,transfer,medical,Ahmedabad,completed,,
TXN-34FB10BDDD35,2026-08-04 21:19:25,ACC-0178,ACC-0330,24881.13,INR,IMPS,transfer,fuel,Chennai,completed,,
TXN-AA60827EDD03,2026-08-04 21:20:03,ACC-0146,ACC-0510,11192.93,INR,IMPS,transfer,fuel,Kolkata,completed,,
TXN-0F9D44BF7DBA,2026-08-04 21:21:06,ACC-E-001,ACC-0289,12247.14,INR,UPI,transfer,utilities,Pune,completed,,
TXN-B7B49F841F70,2026-08-04 21:32:05,ACC-0253,ACC-0565,23027.15,INR,UPI,transfer,restaurant,Hyderabad,completed,,
TXN-B2B34D22E393,2026-08-04 21:35:44,ACC-0338,ACC-0581,23134.36,INR,IMPS,transfer,groceries,Kolkata,completed,,
TXN-B67851BD3278,2026-08-04 21:37:07,ACC-0205,ACC-0270,4969.73,INR,UPI,transfer,subscription,Pune,completed,,
TXN-AC61E61B0ECC,2026-08-04 21:45:03,ACC-0426,ACC-0372,20563.93,INR,UPI,transfer,shopping,Hyderabad,completed,,
TXN-C30E9C3ED252,2026-08-04 21:45:25,ACC-0486,ACC-0422,85788.66,INR,UPI,transfer,medical,Ahmedabad,completed,,
TXN-333FE96282F4,2026-08-04 22:02:50,ACC-0560,ACC-0349,13039.29,INR,UPI,transfer,rent,Ahmedabad,completed,,
TXN-51AEE8E08781,2026-08-04 22:10:28,ACC-0313,ACC-0591,25165.1,INR,RTGS,transfer,restaurant,Mumbai,completed,,
TXN-71E2D1AD3897,2026-08-04 22:16:39,ACC-0257,ACC-0555,12167.7,INR,IMPS,transfer,shopping,Kolkata,completed,,
TXN-8C1AC84F8A13,2026-08-04 22:33:55,ACC-0162,ACC-0297,21524.63,INR,RTGS,transfer,groceries,Bangalore,completed,,
TXN-F3EE868682E2,2026-08-04 22:42:06,ACC-0384,ACC-0357,17389.5,INR,UPI,transfer,subscription,Mumbai,completed,,
TXN-25D604EF6B9D,2026-08-04 22:49:58,ACC-0365,ACC-0205,10761.52,INR,UPI,transfer,utilities,Chennai,completed,,
TXN-680DD86E7C61,2026-08-04 23:21:32,ACC-0227,ACC-0585,21405.79,INR,UPI,transfer,medical,Delhi,completed,,
TXN-C7327A50DAF8,2026-08-04 23:28:48,ACC-0136,ACC-0392,12484.75,INR,NEFT,transfer,shopping,Delhi,completed,,
TXN-209081E2DA0E,2026-08-04 23:31:29,ACC-0169,ACC-0337,18713.46,INR,UPI,transfer,rent,Bangalore,completed,,
TXN-7FE1EEF0508A,2026-08-04 23:32:55,ACC-0151,ACC-0207,31975.39,INR,UPI,transfer,,Pune,completed,,
TXN-435B8AE4DA76,2026-08-04 23:40:59,ACC-0467,ACC-0412,21074.37,INR,UPI,transfer,fuel,Hyderabad,completed,,
TXN-E12465A0B174,2026-08-04 23:55:21,ACC-0308,ACC-0200,11469.62,INR,UPI,transfer,,Delhi,completed,,
TXN-611339C24111,2026-08-04 23:57:46,ACC-0317,ACC-0380,19944.65,INR,UPI,transfer,utilities,Hyderabad,completed,,
TXN-57F363F0C095,2026-08-05 00:06:56,ACC-0543,ACC-0527,39077.45,INR,IMPS,transfer,,Delhi,completed,,
TXN-815E00ADE091,2026-08-05 00:17:25,ACC-0140,ACC-0482,24595.06,INR,IMPS,transfer,,Bangalore,completed,,
TXN-1110E46DF490,2026-08-05 00:21:04,ACC-0468,ACC-0570,20074.6,INR,UPI,transfer,shopping,Kolkata,completed,,
TXN-24677A9724D2,2026-08-05 00:30:25,ACC-0581,ACC-0120,21598.75,INR,NEFT,transfer,rent,Pune,completed,,
TXN-9C7631A67DFA,2026-08-05 00:44:16,ACC-0581,ACC-0482,21715.27,INR,UPI,transfer,rent,Delhi,completed,,
TXN-BA16DD3C0DBD,2026-08-05 00:52:33,ACC-0388,ACC-0290,8049.33,INR,UPI,transfer,,Bangalore,completed,,
TXN-3F8E704CF3BE,2026-08-05 00:56:24,ACC-0129,ACC-0237,26461.5,INR,UPI,transfer,fuel,Delhi,completed,,
TXN-AF007481CB38,2026-08-05 00:58:47,ACC-0431,ACC-0172,34856.46,INR,IMPS,transfer,utilities,Ahmedabad,completed,,
TXN-090358CD9E02,2026-08-05 01:02:08,ACC-0121,ACC-0364,17349.5,INR,NEFT,transfer,,Mumbai,completed,,
TXN-59628E9C2F46,2026-08-05 01:02:18,ACC-0285,ACC-0588,13616.42,INR,RTGS,transfer,rent,Kolkata,completed,,
TXN-59B7FB1906D4,2026-08-05 01:08:17,ACC-0374,ACC-0334,30485.4,INR,IMPS,transfer,shopping,Mumbai,completed,,
TXN-EA4DADF75A97,2026-08-05 01:19:39,ACC-0315,ACC-0393,46962.74,INR,NEFT,transfer,rent,Pune,completed,,
TXN-178EE7DAA5E0,2026-08-05 01:35:55,ACC-0196,ACC-0233,22784.67,INR,UPI,transfer,medical,Bangalore,completed,,
TXN-D744F296C8EE,2026-08-05 01:36:41,ACC-0457,ACC-0210,16006.46,INR,IMPS,transfer,fuel,Delhi,completed,,
TXN-12CE380C41E3,2026-08-05 01:42:26,ACC-0369,ACC-0582,23413.66,INR,CASH,transfer,,Ahmedabad,completed,,
TXN-AD28A786742A,2026-08-05 01:47:10,ACC-0471,ACC-0209,11607.24,INR,CASH,transfer,shopping,Chennai,completed,,
TXN-4A6FA3334E3F,2026-08-05 01:48:00,ACC-0257,ACC-0348,10320.57,INR,NEFT,transfer,medical,Pune,completed,,
TXN-D13F51BDF38F,2026-08-05 02:12:29,ACC-0113,ACC-0548,12751.27,INR,NEFT,transfer,,Ahmedabad,completed,,
TXN-5D7BBAD65144,2026-08-05 02:48:58,ACC-0213,ACC-0524,12528.08,INR,RTGS,transfer,fuel,Hyderabad,completed,,
TXN-BC3E23A2C9F2,2026-08-05 02:56:04,ACC-0230,ACC-0563,21841.09,INR,NEFT,transfer,shopping,Chennai,completed,,
TXN-8B17DA2F2675,2026-08-05 02:56:56,ACC-0104,ACC-0423,13447.88,INR,IMPS,transfer,,Delhi,completed,,
TXN-4F47658FC182,2026-08-05 02:57:58,ACC-0307,ACC-0511,11843.33,INR,UPI,transfer,fuel,Ahmedabad,completed,,
TXN-96797112FCDF,2026-08-05 03:00:14,ACC-0220,ACC-0434,14093.53,INR,UPI,transfer,subscription,Pune,completed,,
TXN-E96F7CD79FB9,2026-08-05 03:01:42,ACC-0582,ACC-0323,18136.78,INR,UPI,transfer,subscription,Hyderabad,completed,,
TXN-0AC406E94AEB,2026-08-05 03:03:39,ACC-0451,ACC-0486,19198.59,INR,UPI,transfer,utilities,Ahmedabad,completed,,
TXN-8ED1A4171035,2026-08-05 03:20:19,ACC-0495,ACC-0259,18964.82,INR,NEFT,transfer,groceries,Hyderabad,completed,,
TXN-47E8D83FCEF5,2026-08-05 03:42:18,ACC-0195,ACC-0132,15223.24,INR,UPI,transfer,subscription,Delhi,completed,,
TXN-E52C2B71B09D,2026-08-05 03:42:31,ACC-0164,ACC-0256,655.1,INR,IMPS,transfer,rent,Bangalore,completed,,
TXN-2988F13E2F2E,2026-08-05 03:54:26,ACC-0253,ACC-0369,13740.79,INR,UPI,transfer,utilities,Mumbai,completed,,
TXN-C43884EE3E2B,2026-08-05 03:55:35,ACC-0478,ACC-0166,14597.78,INR,UPI,transfer,restaurant,Kolkata,completed,,
TXN-F89DEE5ADFC5,2026-08-05 03:58:02,ACC-0144,ACC-0170,20438.42,INR,IMPS,transfer,utilities,Delhi,completed,,
TXN-4EEFB1FDF43E,2026-08-05 04:09:00,ACC-0518,ACC-0371,17087.99,INR,NEFT,transfer,restaurant,Delhi,completed,,
TXN-B870A35085C5,2026-08-05 04:16:19,ACC-0381,ACC-0340,13769.59,INR,UPI,transfer,rent,Chennai,completed,,
TXN-547D67599215,2026-08-05 04:20:45,ACC-0316,ACC-0417,22794.28,INR,UPI,transfer,,Pune,completed,,
TXN-47CC2B8BAA53,2026-08-05 04:20:59,ACC-0213,ACC-0483,12762.4,INR,IMPS,transfer,shopping,Chennai,completed,,
TXN-BE9C7B509BBA,2026-08-05 04:36:19,ACC-0353,ACC-0134,20226.6,INR,RTGS,transfer,fuel,Bangalore,completed,,
TXN-27611CA6A011,2026-08-05 04:52:27,ACC-0122,ACC-0230,40937.31,INR,UPI,transfer,groceries,Delhi,completed,,
TXN-B3542817290D,2026-08-05 04:55:31,ACC-0494,ACC-0281,18720.61,INR,NEFT,transfer,,Bangalore,completed,,
TXN-FCDB5565F44D,2026-08-05 04:55:37,ACC-0476,ACC-0159,26816.42,INR,IMPS,transfer,groceries,Mumbai,completed,,
TXN-24A5BA3423D4,2026-08-05 05:00:56,ACC-0156,ACC-0219,24872.78,INR,UPI,transfer,groceries,Pune,completed,,
TXN-ED9F114FD273,2026-08-05 05:03:13,ACC-0233,ACC-0384,138368.88,INR,NEFT,transfer,subscription,Ahmedabad,completed,,
TXN-7FAA96B7F352,2026-08-05 05:05:58,ACC-0109,ACC-0290,11899.43,INR,UPI,transfer,shopping,Bangalore,completed,,
TXN-2C980B9FB4B8,2026-08-05 05:10:42,ACC-0401,ACC-0263,51850.31,INR,UPI,transfer,rent,Delhi,completed,,
TXN-CD49C6B4BF77,2026-08-05 05:17:49,ACC-0314,ACC-0454,14374.73,INR,NEFT,transfer,utilities,Ahmedabad,completed,,
TXN-FF0609438336,2026-08-05 05:20:28,ACC-0178,ACC-0519,20642.3,INR,UPI,transfer,fuel,Kolkata,completed,,
TXN-33540D1A0C06,2026-08-05 05:39:18,ACC-0509,ACC-0342,12051.01,INR,NEFT,transfer,utilities,Ahmedabad,completed,,
TXN-2F7E9E2F9E45,2026-08-05 05:39:55,ACC-0151,ACC-0276,79591.77,INR,UPI,transfer,,Chennai,completed,,
TXN-9D10B3AD5D06,2026-08-05 05:42:58,ACC-0142,ACC-0482,65973.67,INR,IMPS,transfer,,Ahmedabad,completed,,
TXN-93CE9405A2D5,2026-08-05 05:43:29,ACC-0414,ACC-0442,24233.53,INR,NEFT,transfer,groceries,Pune,completed,,
TXN-CAC19F317D97,2026-08-05 05:48:32,ACC-0465,ACC-0533,17310.06,INR,CASH,transfer,groceries,Delhi,completed,,
TXN-314668AC58C0,2026-08-05 06:01:08,ACC-0151,ACC-0390,117979.74,INR,CASH,transfer,fuel,Bangalore,completed,,
TXN-6B50352299F6,2026-08-05 06:25:20,ACC-0327,ACC-A-001,16985.06,INR,UPI,transfer,rent,Hyderabad,completed,,
TXN-C1E78F9470DF,2026-08-05 06:39:54,ACC-0330,ACC-0548,32451.64,INR,UPI,transfer,medical,Bangalore,completed,,
TXN-81122EFB7872,2026-08-05 06:46:52,ACC-0589,ACC-0136,16701.94,INR,CASH,transfer,groceries,Bangalore,completed,,
TXN-FD7C39F36F64,2026-08-05 06:47:41,ACC-0282,ACC-0138,24405.29,INR,CASH,transfer,fuel,Delhi,completed,,
TXN-0A44C6CEFE75,2026-08-05 07:08:04,ACC-0425,ACC-0342,20595.51,INR,NEFT,transfer,groceries,Mumbai,completed,,
TXN-9766C176D75A,2026-08-05 07:08:15,ACC-0112,ACC-0457,15385.23,INR,UPI,transfer,fuel,Ahmedabad,completed,,
TXN-8FB770ECDF56,2026-08-05 07:17:18,ACC-0170,ACC-0371,23975.89,INR,NEFT,transfer,utilities,Bangalore,completed,,
TXN-9539A91642D1,2026-08-05 07:22:03,ACC-0323,ACC-0307,23718.08,INR,UPI,transfer,groceries,Ahmedabad,completed,,
TXN-6D9D2CF5CFA7,2026-08-05 07:28:31,ACC-0288,ACC-0244,19721.87,INR,UPI,transfer,utilities,Chennai,completed,,
TXN-AE65D2CF4D60,2026-08-05 07:34:45,ACC-0192,ACC-0573,74145.76,INR,NEFT,transfer,subscription,Bangalore,completed,,
TXN-D0CCA47C80A3,2026-08-05 07:42:31,ACC-0299,ACC-0411,28569.08,INR,NEFT,transfer,rent,Delhi,completed,,
TXN-0B21F93EB527,2026-08-05 07:46:12,ACC-0451,ACC-0365,13574.21,INR,UPI,transfer,subscription,Kolkata,completed,,
TXN-623F4D1A0420,2026-08-05 07:46:26,ACC-0429,ACC-0374,19903.07,INR,NEFT,transfer,medical,Ahmedabad,completed,,
TXN-AF2A31FF72EC,2026-08-05 07:49:05,ACC-0444,ACC-0410,12049.2,INR,NEFT,transfer,,Bangalore,completed,,
TXN-96CCAE5BDFF0,2026-08-05 08:05:54,ACC-0489,ACC-0382,12806.44,INR,UPI,transfer,medical,Kolkata,completed,,
TXN-F94E6BD2F417,2026-08-05 08:10:49,ACC-0573,ACC-0407,122229.24,INR,UPI,transfer,subscription,Hyderabad,completed,,
TXN-C4D71AF0B513,2026-08-05 08:11:57,ACC-0265,ACC-0508,10859.41,INR,UPI,transfer,utilities,Hyderabad,completed,,
TXN-6A2EB583CB4C,2026-08-05 08:16:03,ACC-G-001,ACC-0349,11400.15,INR,UPI,transfer,restaurant,Chennai,completed,,
TXN-077B0E24EE3A,2026-08-05 08:23:10,ACC-0312,ACC-0455,20817.56,INR,NEFT,transfer,subscription,Mumbai,completed,,
TXN-796D7E96502A,2026-08-05 08:24:15,ACC-0101,ACC-0445,13281.79,INR,UPI,transfer,shopping,Ahmedabad,completed,,
TXN-D65AE93B45E5,2026-08-05 08:26:38,ACC-0286,ACC-0243,22243.68,INR,UPI,transfer,medical,Hyderabad,completed,,
TXN-30E6D5B574E6,2026-08-05 08:34:13,ACC-0205,ACC-0590,20255.62,INR,IMPS,transfer,subscription,Hyderabad,completed,,
TXN-D63B5ADDFFA8,2026-08-05 08:44:44,ACC-0120,ACC-0513,9444.19,INR,NEFT,transfer,rent,Kolkata,completed,,
TXN-4858F2824EE6,2026-08-05 08:50:24,ACC-0493,ACC-0166,11116.7,INR,UPI,transfer,,Mumbai,completed,,
TXN-52C75A82AA8B,2026-08-05 08:57:19,ACC-0281,ACC-0501,12038.08,INR,UPI,transfer,,Pune,completed,,
TXN-860F80E284DF,2026-08-05 08:58:55,ACC-0386,ACC-0218,12860.62,INR,IMPS,transfer,,Kolkata,completed,,
TXN-00AB3E0E5AB9,2026-08-05 08:59:55,ACC-0297,ACC-C-001,16368.98,INR,UPI,transfer,utilities,Hyderabad,completed,,
TXN-33C76115793D,2026-08-05 08:59:59,ACC-0548,ACC-0286,22925.52,INR,UPI,transfer,restaurant,Mumbai,completed,,
TXN-53297A076188,2026-08-05 09:16:14,ACC-0378,ACC-0576,18554.76,INR,CASH,transfer,utilities,Chennai,completed,,
TXN-A932C723134C,2026-08-05 09:29:36,ACC-F-001,ACC-0487,18316.06,INR,IMPS,transfer,,Chennai,completed,,
TXN-0F48416C55A6,2026-08-05 09:31:01,ACC-0588,ACC-0501,16037.02,INR,UPI,transfer,utilities,Hyderabad,completed,,
TXN-CDDBED13750E,2026-08-05 09:39:14,ACC-0102,ACC-0352,12049.72,INR,IMPS,transfer,rent,Delhi,completed,,
TXN-E70F7682D5C9,2026-08-05 09:40:17,ACC-0305,ACC-0486,25984.18,INR,IMPS,transfer,restaurant,Chennai,completed,,
TXN-6F20C5A23DEE,2026-08-05 09:56:43,ACC-0346,ACC-0210,17030.06,INR,CASH,transfer,groceries,Delhi,completed,,
TXN-ED32ABDE3748,2026-08-05 10:05:33,ACC-0429,ACC-0241,14060.41,INR,UPI,transfer,restaurant,Bangalore,completed,,
TXN-8B324548E965,2026-08-05 10:25:40,ACC-0551,ACC-0364,24037.89,INR,RTGS,transfer,subscription,Mumbai,completed,,
TXN-913542D7E5A1,2026-08-05 10:36:16,ACC-0226,ACC-0418,26783.61,INR,CASH,transfer,,Delhi,completed,,
TXN-6357EFD07A5C,2026-08-05 10:38:35,ACC-0346,ACC-0115,27693.78,INR,NEFT,transfer,medical,Chennai,completed,,
TXN-DC1A10279109,2026-08-05 10:43:48,ACC-0553,ACC-0575,7110.81,INR,NEFT,transfer,restaurant,Mumbai,completed,,
TXN-9F99F16F2A06,2026-08-05 11:03:52,ACC-0573,ACC-0358,73830.05,INR,UPI,transfer,subscription,Mumbai,completed,,
TXN-49F72C39A50E,2026-08-05 11:04:49,ACC-0575,ACC-0298,25936.46,INR,RTGS,transfer,groceries,Chennai,completed,,
TXN-67D6908AE0B9,2026-08-05 11:09:58,ACC-0124,ACC-0480,15659.4,INR,UPI,transfer,restaurant,Kolkata,completed,,
TXN-18924BB3FA35,2026-08-05 11:19:10,ACC-0484,ACC-0488,12737.26,INR,NEFT,transfer,,Ahmedabad,completed,,
TXN-0A1493A68243,2026-08-05 11:24:20,ACC-0221,ACC-0185,63931.96,INR,NEFT,transfer,rent,Delhi,completed,,
TXN-B02A3DB430BC,2026-08-05 11:32:43,ACC-0165,ACC-0431,18141.68,INR,UPI,transfer,,Hyderabad,completed,,
TXN-57A04BD152E6,2026-08-05 12:04:27,ACC-0535,ACC-0407,12710.11,INR,NEFT,transfer,shopping,Ahmedabad,completed,,
TXN-87EB752BB274,2026-08-05 12:25:22,ACC-0228,ACC-0324,17895.86,INR,UPI,transfer,fuel,Ahmedabad,completed,,
TXN-84D2F288EB1E,2026-08-05 12:44:59,ACC-0540,ACC-0536,24476.98,INR,NEFT,transfer,utilities,Hyderabad,completed,,
TXN-4DFEB1521A75,2026-08-05 12:59:19,ACC-0522,ACC-0562,16240.39,INR,CASH,transfer,shopping,Hyderabad,completed,,
TXN-CA3B6F07D299,2026-08-05 13:14:47,ACC-0341,ACC-0425,22875.81,INR,UPI,transfer,rent,Delhi,completed,,
TXN-D74C18F30DCB,2026-08-05 13:29:57,ACC-0195,ACC-0359,23826.81,INR,RTGS,transfer,fuel,Delhi,completed,,
TXN-443CDE2CA4B3,2026-08-05 13:36:53,ACC-0296,ACC-0216,10294.43,INR,IMPS,transfer,restaurant,Mumbai,completed,,
TXN-AC64E7D5AF85,2026-08-05 13:52:48,ACC-0404,ACC-0550,20040.93,INR,UPI,transfer,utilities,Pune,completed,,
TXN-E9EEBBB842E5,2026-08-05 13:56:11,ACC-0220,ACC-0262,11143.88,INR,NEFT,transfer,,Bangalore,completed,,
TXN-906CD0290E8B,2026-08-05 13:58:26,ACC-0558,ACC-0278,16482.87,INR,IMPS,transfer,rent,Kolkata,completed,,
TXN-AF5E2C9F22FA,2026-08-05 14:00:04,ACC-0544,ACC-0512,12707.2,INR,UPI,transfer,utilities,Chennai,completed,,
TXN-DC882185F5C2,2026-08-05 14:13:07,ACC-0298,ACC-0351,20222.9,INR,IMPS,transfer,rent,Bangalore,completed,,
TXN-C86FFB7797D3,2026-08-05 14:23:05,ACC-0501,ACC-0381,71834.18,INR,UPI,transfer,,Bangalore,completed,,
TXN-1B0E82797096,2026-08-05 14:44:19,ACC-0406,ACC-0549,9791.94,INR,NEFT,transfer,restaurant,Mumbai,completed,,
TXN-773CCF638140,2026-08-05 14:59:09,ACC-0441,ACC-0329,81039.55,INR,IMPS,transfer,utilities,Mumbai,completed,,
TXN-59038A51BFB4,2026-08-05 14:59:48,ACC-0461,ACC-0363,20726.47,INR,IMPS,transfer,subscription,Ahmedabad,completed,,
TXN-76A235B10FAB,2026-08-05 15:03:04,ACC-0443,ACC-0482,24749.54,INR,UPI,transfer,restaurant,Chennai,completed,,
TXN-7B209F2185DC,2026-08-05 15:05:19,ACC-0199,ACC-0370,24907.52,INR,NEFT,transfer,utilities,Bangalore,completed,,
TXN-4DF51AFDAC32,2026-08-05 15:06:46,ACC-0372,ACC-0435,2447.09,INR,NEFT,transfer,fuel,Ahmedabad,completed,,
TXN-B2F5B1E4AA83,2026-08-05 15:15:05,ACC-0568,ACC-0401,15851.02,INR,UPI,transfer,fuel,Chennai,completed,,
TXN-44B7B9AEFEE9,2026-08-05 15:16:42,ACC-0202,ACC-0249,13783.37,INR,UPI,transfer,medical,Bangalore,completed,,
TXN-9DDD1D495003,2026-08-05 15:36:24,ACC-0259,ACC-0536,101845.14,INR,UPI,transfer,utilities,Chennai,completed,,
TXN-4B8B858F64CD,2026-08-05 15:40:36,ACC-0575,ACC-0164,16612.6,INR,UPI,transfer,rent,Bangalore,completed,,
TXN-BFAFC4BED943,2026-08-05 15:45:45,ACC-0182,ACC-0383,21327.92,INR,RTGS,transfer,restaurant,Bangalore,completed,,
TXN-EA08C8C65CD5,2026-08-05 15:46:29,ACC-0580,ACC-0131,9128.91,INR,RTGS,transfer,groceries,Hyderabad,completed,,
TXN-307D896B8908,2026-08-05 15:51:10,ACC-0244,ACC-0166,8046.38,INR,UPI,transfer,rent,Chennai,completed,,
TXN-CE0AD0980151,2026-08-05 16:07:16,ACC-0458,ACC-0473,21466.39,INR,UPI,transfer,restaurant,Bangalore,completed,,
TXN-BDD1CF91E4FE,2026-08-05 16:11:29,ACC-0348,ACC-0397,85480.56,INR,UPI,transfer,rent,Mumbai,completed,,
TXN-99A4E9015DFE,2026-08-05 16:21:58,ACC-0224,ACC-0175,49110.07,INR,IMPS,transfer,,Mumbai,completed,,
TXN-222A9B34D680,2026-08-05 17:01:01,ACC-0286,ACC-0495,18258.05,INR,UPI,transfer,,Ahmedabad,completed,,
TXN-5CE95D7CB326,2026-08-05 17:04:08,ACC-0444,ACC-0324,11214.4,INR,RTGS,transfer,rent,Bangalore,completed,,
TXN-C813AFBAA342,2026-08-05 17:14:41,ACC-0121,ACC-0145,18689.35,INR,UPI,transfer,utilities,Pune,completed,,
TXN-76C68D938BDA,2026-08-05 17:22:58,ACC-0102,ACC-0384,9750.67,INR,CASH,transfer,,Pune,completed,,
TXN-947AC01ECD01,2026-08-05 17:31:32,ACC-0238,ACC-0449,8787.38,INR,RTGS,transfer,shopping,Chennai,completed,,
TXN-8191049B2F86,2026-08-05 17:46:55,ACC-0133,ACC-0200,16842.65,INR,UPI,transfer,restaurant,Bangalore,completed,,
TXN-F7E38D6D6EBF,2026-08-05 18:06:18,ACC-0455,ACC-0119,28353.5,INR,IMPS,transfer,utilities,Delhi,completed,,
TXN-509BB43EE048,2026-08-05 18:17:16,ACC-0137,ACC-0548,3172.41,INR,RTGS,transfer,rent,Mumbai,completed,,
TXN-3C35B49D5CAC,2026-08-05 18:21:14,ACC-0392,ACC-0283,23280.63,INR,UPI,transfer,restaurant,Ahmedabad,completed,,
TXN-298FAC6AFD66,2026-08-05 18:37:25,ACC-0212,ACC-0433,21243.45,INR,UPI,transfer,utilities,Ahmedabad,completed,,
TXN-99AA947EDBC5,2026-08-05 18:59:27,ACC-0288,ACC-0258,16535.3,INR,UPI,transfer,,Hyderabad,completed,,
TXN-DD00297C20EC,2026-08-05 19:19:20,ACC-0430,ACC-0464,22601.8,INR,UPI,transfer,subscription,Delhi,completed,,
TXN-470E8D6D3D96,2026-08-05 19:30:08,ACC-0555,ACC-0210,21122.55,INR,UPI,transfer,medical,Ahmedabad,completed,,
TXN-9E44C8BBD07A,2026-08-05 19:41:33,ACC-0513,ACC-0369,11455.33,INR,UPI,transfer,restaurant,Hyderabad,completed,,
TXN-52C326447A5A,2026-08-05 19:48:15,ACC-0127,ACC-0185,26015.97,INR,IMPS,transfer,subscription,Pune,completed,,
TXN-E361084510BD,2026-08-05 20:10:09,ACC-0245,ACC-0226,17711.08,INR,UPI,transfer,subscription,Pune,completed,,
TXN-CF8A1FA38A00,2026-08-05 20:13:07,ACC-0107,ACC-0165,22367.26,INR,UPI,transfer,medical,Mumbai,completed,,
TXN-32CDEFC1EE2E,2026-08-05 20:20:21,ACC-0207,ACC-0284,17370.51,INR,RTGS,transfer,utilities,Ahmedabad,completed,,
TXN-84C205B9203A,2026-08-05 20:36:09,ACC-0572,ACC-0518,19404.12,INR,NEFT,transfer,restaurant,Kolkata,completed,,
TXN-75BA2D87E17A,2026-08-05 20:37:30,ACC-0378,ACC-0531,24314.72,INR,UPI,transfer,rent,Mumbai,completed,,
TXN-CC9EFFC9F7A7,2026-08-05 20:39:31,ACC-0382,ACC-0475,18362.77,INR,RTGS,transfer,subscription,Hyderabad,completed,,
TXN-60CFD5748A3E,2026-08-05 20:55:21,ACC-0271,ACC-0426,21448.13,INR,IMPS,transfer,,Mumbai,completed,,
TXN-E42ED914ACAE,2026-08-05 20:59:49,ACC-0444,ACC-0353,8772.28,INR,NEFT,transfer,groceries,Chennai,completed,,
TXN-4541A416CDA5,2026-08-05 21:03:06,ACC-0542,ACC-0209,25285.22,INR,NEFT,transfer,shopping,Bangalore,completed,,
TXN-897A9986E0C6,2026-08-05 21:08:57,ACC-0582,ACC-0126,23587.36,INR,UPI,transfer,fuel,Hyderabad,completed,,
TXN-A7CD80045088,2026-08-05 21:19:23,ACC-0210,ACC-0579,19308.79,INR,UPI,transfer,,Bangalore,completed,,
TXN-F0CE8B723B60,2026-08-05 21:23:38,ACC-0552,ACC-0347,21167.73,INR,UPI,transfer,fuel,Kolkata,completed,,
TXN-E242925E0270,2026-08-05 21:26:18,ACC-0548,ACC-0304,20896.37,INR,UPI,transfer,fuel,Pune,completed,,
TXN-128D1857AE87,2026-08-05 21:35:00,ACC-0240,ACC-0218,18596.6,INR,NEFT,transfer,medical,Kolkata,completed,,
TXN-C911AF341CB0,2026-08-05 21:37:37,ACC-0453,ACC-0105,12637.98,INR,NEFT,transfer,shopping,Hyderabad,completed,,
TXN-5DED3B1755F2,2026-08-05 21:46:24,ACC-0429,ACC-0112,17922.41,INR,CASH,transfer,medical,Chennai,completed,,
TXN-580E88A22377,2026-08-05 21:52:35,ACC-0323,ACC-0555,24412.07,INR,RTGS,transfer,fuel,Kolkata,completed,,
TXN-E848CAF4BEFC,2026-08-05 21:54:34,ACC-0286,ACC-0242,19967.55,INR,RTGS,transfer,shopping,Ahmedabad,completed,,
TXN-B677E0C4D381,2026-08-05 21:55:38,ACC-0167,ACC-0130,20292.79,INR,RTGS,transfer,subscription,Delhi,completed,,
TXN-B919BACC6B81,2026-08-05 22:07:47,ACC-0442,ACC-0374,45700.29,INR,RTGS,transfer,shopping,Chennai,completed,,
TXN-35C4D74378E1,2026-08-05 22:13:45,ACC-0483,ACC-0462,12519.67,INR,NEFT,transfer,medical,Delhi,completed,,
TXN-3DD6031EC2F5,2026-08-05 22:52:20,ACC-0125,ACC-0565,22173.19,INR,UPI,transfer,,Kolkata,completed,,
TXN-AF5C2202CA8C,2026-08-05 22:53:07,ACC-0133,ACC-0584,17886.81,INR,IMPS,transfer,medical,Ahmedabad,completed,,
TXN-64B2BB76A71A,2026-08-05 22:54:39,ACC-0294,ACC-0509,23859.41,INR,UPI,transfer,fuel,Mumbai,completed,,
TXN-BDD7AAE75F3E,2026-08-05 23:01:12,ACC-0484,ACC-0543,13191.4,INR,RTGS,transfer,rent,Delhi,completed,,
TXN-112161AF4CF1,2026-08-05 23:05:25,ACC-0503,ACC-0383,13753.94,INR,UPI,transfer,utilities,Ahmedabad,completed,,
TXN-22DA25847749,2026-08-05 23:12:43,ACC-0273,ACC-0410,15951.58,INR,NEFT,transfer,subscription,Mumbai,completed,,
TXN-0FA63E0E2A86,2026-08-05 23:22:20,ACC-0359,ACC-0169,17473.69,INR,UPI,transfer,,Delhi,completed,,
TXN-8B4B6D6D62DD,2026-08-05 23:24:19,ACC-0271,ACC-0568,27348.69,INR,RTGS,transfer,subscription,Chennai,completed,,
TXN-1BAC7F126DBF,2026-08-05 23:24:52,ACC-0409,ACC-0446,30880.68,INR,IMPS,transfer,utilities,Delhi,completed,,
TXN-FE19CFDAD8ED,2026-08-05 23:31:52,ACC-0293,ACC-0505,94250.63,INR,RTGS,transfer,restaurant,Delhi,completed,,
TXN-3C2688731AB2,2026-08-05 23:35:30,ACC-0259,ACC-0209,49001.03,INR,IMPS,transfer,shopping,Bangalore,completed,,
TXN-F35A5ADF68D3,2026-08-05 23:46:32,ACC-0171,ACC-0422,19604.62,INR,UPI,transfer,,Chennai,completed,,
TXN-3258F197077C,2026-08-06 00:04:26,ACC-0567,ACC-0504,12316.0,INR,UPI,transfer,,Pune,completed,,
TXN-CC544D6C3474,2026-08-06 00:07:41,ACC-0257,ACC-0590,13149.36,INR,IMPS,transfer,rent,Bangalore,completed,,
TXN-A752871A9402,2026-08-06 00:15:40,ACC-0162,ACC-0248,22518.52,INR,IMPS,transfer,restaurant,Hyderabad,completed,,
TXN-E7F515CA96CB,2026-08-06 00:21:48,ACC-0142,ACC-0568,114348.7,INR,UPI,transfer,,Bangalore,completed,,
TXN-8F98FA689402,2026-08-06 00:29:52,ACC-0540,ACC-0392,24915.92,INR,NEFT,transfer,rent,Mumbai,completed,,
TXN-03BF467E152E,2026-08-06 00:33:37,ACC-0127,ACC-0378,20104.82,INR,NEFT,transfer,groceries,Hyderabad,completed,,
TXN-7ADB9C0EDCB3,2026-08-06 00:34:47,ACC-0181,ACC-0520,22370.27,INR,UPI,transfer,medical,Kolkata,completed,,
TXN-740E98912694,2026-08-06 00:39:34,ACC-0144,ACC-0529,9533.58,INR,UPI,transfer,groceries,Kolkata,completed,,
TXN-CBC987E613EC,2026-08-06 00:49:58,ACC-0382,ACC-0236,16909.73,INR,UPI,transfer,shopping,Mumbai,completed,,
TXN-D55FC1697E89,2026-08-06 01:04:45,ACC-0133,ACC-0354,16051.28,INR,UPI,transfer,utilities,Chennai,completed,,
TXN-72FE1D24B264,2026-08-06 01:07:35,ACC-0315,ACC-0317,12032.38,INR,NEFT,transfer,,Mumbai,completed,,
TXN-0D34C8103193,2026-08-06 01:14:06,ACC-0171,ACC-0127,24282.44,INR,UPI,transfer,,Pune,completed,,
TXN-9110806BB7C9,2026-08-06 01:22:52,ACC-0290,ACC-0296,13651.23,INR,UPI,transfer,rent,Mumbai,completed,,
TXN-08180182D97B,2026-08-06 01:41:09,ACC-0322,ACC-0512,35455.14,INR,IMPS,transfer,groceries,Kolkata,completed,,
TXN-94E47045E821,2026-08-06 01:47:54,ACC-0572,ACC-0353,14645.58,INR,UPI,transfer,rent,Ahmedabad,completed,,
TXN-99A4FD1448AD,2026-08-06 01:51:21,ACC-0424,ACC-0428,13401.04,INR,UPI,transfer,restaurant,Bangalore,completed,,
TXN-6CD1024A3528,2026-08-06 02:01:29,ACC-0309,ACC-0341,12877.26,INR,UPI,transfer,rent,Mumbai,completed,,
TXN-79DB3F46A8CB,2026-08-06 02:02:05,ACC-0143,ACC-0208,13259.02,INR,UPI,transfer,shopping,Kolkata,completed,,
TXN-B5DB8EB87DFB,2026-08-06 02:11:57,ACC-0591,ACC-C-001,13739.07,INR,UPI,transfer,medical,Delhi,completed,,
TXN-CB5DBCF460A1,2026-08-06 02:15:14,ACC-0552,ACC-0214,19648.19,INR,NEFT,transfer,restaurant,Kolkata,completed,,
TXN-70E1BE215ED8,2026-08-06 02:20:39,ACC-0232,ACC-0549,10113.42,INR,IMPS,transfer,restaurant,Ahmedabad,completed,,
TXN-40EA893C9D4B,2026-08-06 02:28:16,ACC-0448,ACC-0217,20932.86,INR,RTGS,transfer,medical,Pune,completed,,
TXN-252F83CFE2E6,2026-08-06 02:35:11,ACC-0353,ACC-0170,23547.55,INR,UPI,transfer,groceries,Delhi,completed,,
TXN-9056CD7EA9AC,2026-08-06 02:46:20,ACC-0472,ACC-0453,139319.92,INR,CASH,transfer,subscription,Mumbai,completed,,
TXN-307971A562F2,2026-08-06 02:48:22,ACC-0520,ACC-0147,5010.71,INR,NEFT,transfer,groceries,Pune,completed,,
TXN-EC71B034C4FA,2026-08-06 02:48:28,ACC-0380,ACC-0206,13203.19,INR,UPI,transfer,fuel,Delhi,completed,,
TXN-DC7DBEB46796,2026-08-06 03:13:04,ACC-0567,ACC-0193,12582.47,INR,IMPS,transfer,groceries,Pune,completed,,
TXN-7C95D9050341,2026-08-06 03:16:52,ACC-0554,ACC-0263,32408.42,INR,UPI,transfer,groceries,Bangalore,completed,,
TXN-0E5D11D6CCE9,2026-08-06 03:26:30,ACC-0557,ACC-0489,15991.25,INR,RTGS,transfer,shopping,Bangalore,completed,,
TXN-B566B2D58A26,2026-08-06 03:32:54,ACC-0134,ACC-0440,13170.57,INR,UPI,transfer,utilities,Pune,completed,,
TXN-92600BA6FCC6,2026-08-06 03:38:27,ACC-0234,ACC-0238,12279.68,INR,IMPS,transfer,groceries,Chennai,completed,,
TXN-8F6D9D4A6F51,2026-08-06 03:43:05,ACC-0250,ACC-0474,13234.92,INR,IMPS,transfer,subscription,Bangalore,completed,,
TXN-D35D13DF87EA,2026-08-06 03:44:01,ACC-0275,ACC-0448,12606.32,INR,UPI,transfer,subscription,Ahmedabad,completed,,
TXN-042F6F4FE68E,2026-08-06 03:48:41,ACC-0315,ACC-0547,53250.5,INR,UPI,transfer,fuel,Pune,completed,,
TXN-C0132AB57D51,2026-08-06 03:50:52,ACC-0452,ACC-0300,98276.18,INR,NEFT,transfer,,Ahmedabad,completed,,
TXN-E80B3A39C63C,2026-08-06 03:55:42,ACC-0251,ACC-0253,10166.81,INR,UPI,transfer,rent,Delhi,completed,,
TXN-9F5CD2709DD1,2026-08-06 03:57:42,ACC-0180,ACC-0553,19890.78,INR,CASH,transfer,subscription,Chennai,completed,,
TXN-FF7498486DAE,2026-08-06 04:09:32,ACC-0485,ACC-0142,18282.38,INR,NEFT,transfer,utilities,Mumbai,completed,,
TXN-D9566817C33E,2026-08-06 04:11:03,ACC-0304,ACC-0109,13598.92,INR,UPI,transfer,,Hyderabad,completed,,
TXN-2B6A2ECDC805,2026-08-06 04:13:33,ACC-0140,ACC-0336,20916.3,INR,UPI,transfer,medical,Hyderabad,completed,,
TXN-4D237CDF0058,2026-08-06 04:25:29,ACC-0297,ACC-0248,13269.37,INR,UPI,transfer,shopping,Mumbai,completed,,
TXN-A62A56336992,2026-08-06 04:35:27,ACC-0186,ACC-0552,16192.33,INR,NEFT,transfer,,Ahmedabad,completed,,
TXN-75EE4F440D84,2026-08-06 04:58:44,ACC-0409,ACC-0389,16096.51,INR,UPI,transfer,restaurant,Hyderabad,completed,,
TXN-8EBCB5EE0DF6,2026-08-06 05:03:50,ACC-D-001,ACC-0379,18709.28,INR,IMPS,transfer,utilities,Mumbai,completed,,
TXN-F18144AE6E09,2026-08-06 05:17:37,ACC-0500,ACC-0364,19026.46,INR,IMPS,transfer,restaurant,Hyderabad,completed,,
TXN-F29EEDEB0616,2026-08-06 05:59:37,ACC-0501,ACC-0582,114360.22,INR,UPI,transfer,medical,Ahmedabad,completed,,
TXN-AD70C066CB88,2026-08-06 06:12:39,ACC-0164,ACC-0260,7467.58,INR,UPI,transfer,,Bangalore,completed,,
TXN-577230295AC2,2026-08-06 06:31:10,ACC-0552,ACC-0281,30651.82,INR,NEFT,transfer,utilities,Kolkata,completed,,
TXN-F7C9C76D5D44,2026-08-06 06:32:17,ACC-0510,ACC-0200,21085.98,INR,UPI,transfer,fuel,Chennai,completed,,
TXN-6F495DF329A3,2026-08-06 06:36:11,ACC-0234,ACC-0528,13691.67,INR,UPI,transfer,,Mumbai,completed,,
TXN-49ADEDA53743,2026-08-06 06:41:36,ACC-0520,ACC-0274,11803.1,INR,IMPS,transfer,medical,Delhi,completed,,
TXN-2B60BC17FEC2,2026-08-06 06:42:57,ACC-0373,ACC-0298,11727.75,INR,RTGS,transfer,rent,Mumbai,completed,,
TXN-52B38921DF02,2026-08-06 06:54:50,ACC-0568,ACC-0502,19719.34,INR,UPI,transfer,restaurant,Mumbai,completed,,
TXN-3EE5F64FEEA4,2026-08-06 07:05:08,ACC-0403,ACC-0211,21148.5,INR,IMPS,transfer,shopping,Bangalore,completed,,
TXN-8AC904784D49,2026-08-06 07:09:07,ACC-0177,ACC-0123,11651.89,INR,IMPS,transfer,medical,Kolkata,completed,,
TXN-B5FBFC37D5C1,2026-08-06 07:10:09,ACC-0155,ACC-0581,23766.34,INR,UPI,transfer,rent,Chennai,completed,,
TXN-D0E59B2FF59B,2026-08-06 07:33:22,ACC-0399,ACC-0532,22193.28,INR,UPI,transfer,fuel,Mumbai,completed,,
TXN-C61D20FF5672,2026-08-06 07:35:13,ACC-0152,ACC-0456,22886.69,INR,NEFT,transfer,utilities,Kolkata,completed,,
TXN-CC7A7FC66C05,2026-08-06 07:36:19,ACC-0147,ACC-0235,13340.55,INR,RTGS,transfer,fuel,Kolkata,completed,,
TXN-70682BB5A224,2026-08-06 07:39:14,ACC-0516,ACC-0568,31038.64,INR,UPI,transfer,rent,Kolkata,completed,,
TXN-70D7D4D1A990,2026-08-06 07:59:41,ACC-0449,ACC-0343,14269.31,INR,UPI,transfer,rent,Bangalore,completed,,
TXN-BD67EC6382CA,2026-08-06 08:00:03,ACC-0560,ACC-0303,12239.78,INR,RTGS,transfer,medical,Hyderabad,completed,,
TXN-1CB2A82EEC0B,2026-08-06 08:01:52,ACC-0499,ACC-0480,26989.45,INR,NEFT,transfer,fuel,Hyderabad,completed,,
TXN-36928A91D922,2026-08-06 08:52:33,ACC-0489,ACC-0551,12512.63,INR,NEFT,transfer,,Bangalore,completed,,
TXN-9467F7165DFF,2026-08-06 08:55:44,ACC-0418,ACC-0233,17270.3,INR,NEFT,transfer,restaurant,Kolkata,completed,,
TXN-DCE522655B3A,2026-08-06 09:17:20,ACC-0396,ACC-0258,22089.0,INR,NEFT,transfer,restaurant,Bangalore,completed,,
TXN-9B0F1DEFC44F,2026-08-06 09:22:58,ACC-0457,ACC-0347,20830.41,INR,NEFT,transfer,restaurant,Kolkata,completed,,
TXN-6D54026AC0C3,2026-08-06 09:47:35,ACC-0131,ACC-0217,6422.33,INR,UPI,transfer,restaurant,Kolkata,completed,,
TXN-3C5853051699,2026-08-06 10:00:17,ACC-0382,ACC-0563,20627.89,INR,UPI,transfer,fuel,Delhi,completed,,
TXN-44734CC97D93,2026-08-06 10:09:47,ACC-0360,ACC-0149,24984.34,INR,NEFT,transfer,groceries,Chennai,completed,,
TXN-FA968DF75EF7,2026-08-06 10:15:59,ACC-0518,ACC-0424,16888.73,INR,UPI,transfer,,Delhi,completed,,
TXN-5170F4234B1A,2026-08-06 10:29:31,ACC-0552,ACC-0521,12256.57,INR,UPI,transfer,,Kolkata,completed,,
TXN-D282DD555404,2026-08-06 10:31:56,ACC-0587,ACC-0484,10655.04,INR,UPI,transfer,subscription,Ahmedabad,completed,,
TXN-736B3C588C7E,2026-08-06 10:37:32,ACC-0572,ACC-0409,22674.62,INR,UPI,transfer,utilities,Delhi,completed,,
TXN-E1399AB31955,2026-08-06 10:42:41,ACC-0552,ACC-0197,4417.45,INR,IMPS,transfer,medical,Chennai,completed,,
TXN-B02DB62D220E,2026-08-06 10:59:26,ACC-0149,ACC-0372,17766.79,INR,UPI,transfer,,Kolkata,completed,,
TXN-9B8516467EDF,2026-08-06 11:01:35,ACC-0231,ACC-0188,19358.56,INR,IMPS,transfer,subscription,Pune,completed,,
TXN-56A89122931F,2026-08-06 11:05:17,ACC-0278,ACC-0587,19777.66,INR,UPI,transfer,medical,Mumbai,completed,,
TXN-ADF163867054,2026-08-06 11:08:21,ACC-0318,ACC-0464,17986.1,INR,UPI,transfer,fuel,Mumbai,completed,,
TXN-3C4AE4A325E6,2026-08-06 11:12:38,ACC-0449,ACC-0336,21639.05,INR,UPI,transfer,,Hyderabad,completed,,
TXN-7B05C5D6B762,2026-08-06 11:18:38,ACC-0277,ACC-0511,17602.5,INR,UPI,transfer,,Chennai,completed,,
TXN-BBAA71D77B49,2026-08-06 11:18:59,ACC-0128,ACC-0224,12758.76,INR,CASH,transfer,medical,Pune,completed,,
TXN-2AED8DC47D8F,2026-08-06 11:21:30,ACC-0467,ACC-0126,15779.64,INR,UPI,transfer,shopping,Kolkata,completed,,
TXN-5B4D6E7BF5E9,2026-08-06 11:27:17,ACC-0419,ACC-0227,13228.17,INR,UPI,transfer,restaurant,Pune,completed,,
TXN-037461FD776B,2026-08-06 11:31:51,ACC-0141,ACC-0244,15118.72,INR,NEFT,transfer,rent,Chennai,completed,,
TXN-DE6F895F4863,2026-08-06 11:31:58,ACC-0155,ACC-0158,23592.66,INR,UPI,transfer,restaurant,Kolkata,completed,,
TXN-80C7B3C23F02,2026-08-06 11:57:18,ACC-0409,ACC-0507,22699.28,INR,UPI,transfer,groceries,Bangalore,completed,,
TXN-179496A63DBB,2026-08-06 12:00:31,ACC-0325,ACC-0203,19063.92,INR,NEFT,transfer,,Ahmedabad,completed,,
TXN-3773DE5CDFC0,2026-08-06 12:24:08,ACC-0349,ACC-0263,20711.0,INR,UPI,transfer,fuel,Pune,completed,,
TXN-D13D21BCC5CE,2026-08-06 12:27:04,ACC-0355,ACC-0513,25089.41,INR,UPI,transfer,,Chennai,completed,,
TXN-154769DD2222,2026-08-06 12:32:43,ACC-0421,ACC-0424,75539.96,INR,UPI,transfer,shopping,Mumbai,completed,,
TXN-70FC785F3528,2026-08-06 12:34:18,ACC-0260,ACC-0244,21296.23,INR,UPI,transfer,restaurant,Chennai,completed,,
TXN-DE2F0C4D3DEA,2026-08-06 12:40:19,ACC-0426,ACC-0486,20852.79,INR,CASH,transfer,groceries,Ahmedabad,completed,,
TXN-9A06A9DCE624,2026-08-06 12:44:06,ACC-0220,ACC-0318,12721.12,INR,NEFT,transfer,subscription,Chennai,completed,,
TXN-B05613AEB02B,2026-08-06 12:51:44,ACC-0442,ACC-0380,14680.51,INR,UPI,transfer,medical,Mumbai,completed,,
TXN-B5AF644D699F,2026-08-06 13:05:23,ACC-0405,ACC-0556,12949.87,INR,IMPS,transfer,shopping,Pune,completed,,
TXN-3D679821192A,2026-08-06 13:24:28,ACC-0413,ACC-0186,24597.09,INR,NEFT,transfer,,Ahmedabad,completed,,
TXN-EF6134466D3C,2026-08-06 13:41:52,ACC-0334,ACC-0564,27858.9,INR,IMPS,transfer,groceries,Pune,completed,,
TXN-1C1A07015899,2026-08-06 13:48:54,ACC-0458,ACC-0401,19618.14,INR,NEFT,transfer,utilities,Mumbai,completed,,
TXN-90592F5D4EDD,2026-08-06 13:51:59,ACC-0521,ACC-E-001,21109.43,INR,UPI,transfer,shopping,Kolkata,completed,,
TXN-526166009678,2026-08-06 13:53:22,ACC-0349,ACC-0142,22063.76,INR,UPI,transfer,fuel,Bangalore,completed,,
TXN-30C3AD0CE687,2026-08-06 14:02:54,ACC-0330,ACC-0219,22604.54,INR,UPI,transfer,utilities,Chennai,completed,,
TXN-6058AC73104B,2026-08-06 14:06:03,ACC-0195,ACC-0358,16830.32,INR,UPI,transfer,subscription,Hyderabad,completed,,
TXN-AE07537A8EF6,2026-08-06 14:06:40,ACC-0394,ACC-0465,13659.84,INR,IMPS,transfer,subscription,Hyderabad,completed,,
TXN-B8AFAF4A172F,2026-08-06 14:21:55,ACC-0189,ACC-0265,18964.38,INR,UPI,transfer,groceries,Ahmedabad,completed,,
TXN-0C5E5A574E91,2026-08-06 14:39:42,ACC-0227,ACC-0404,17546.39,INR,IMPS,transfer,rent,Hyderabad,completed,,
TXN-36CB92DFA313,2026-08-06 14:50:45,ACC-0172,ACC-0445,23805.8,INR,UPI,transfer,shopping,Delhi,completed,,
TXN-AF941DA7C3B6,2026-08-06 15:11:33,ACC-0579,ACC-0242,725.51,INR,RTGS,transfer,,Pune,completed,,
TXN-B5D411AD08C0,2026-08-06 15:16:32,ACC-0452,ACC-0349,57081.75,INR,UPI,transfer,restaurant,Pune,completed,,
TXN-AB1DC928CB53,2026-08-06 15:17:23,ACC-0205,ACC-0353,13740.94,INR,UPI,transfer,,Ahmedabad,completed,,
TXN-CCA75654A16B,2026-08-06 15:21:19,ACC-0447,ACC-0462,43607.09,INR,UPI,transfer,,Hyderabad,completed,,
TXN-BEACC4FD7B0F,2026-08-06 15:34:29,ACC-0395,ACC-0507,10815.28,INR,CASH,transfer,fuel,Kolkata,completed,,
TXN-83A20FFC3A33,2026-08-06 15:47:12,ACC-0369,ACC-0481,15641.47,INR,UPI,transfer,restaurant,Mumbai,completed,,
TXN-75F48511491C,2026-08-06 15:47:51,ACC-0508,ACC-0409,20778.94,INR,NEFT,transfer,medical,Kolkata,completed,,
TXN-7FACBC3304B4,2026-08-06 16:08:52,ACC-0138,ACC-0378,12856.34,INR,UPI,transfer,shopping,Hyderabad,completed,,
TXN-07FCA73BB54C,2026-08-06 16:20:53,ACC-0329,ACC-0344,22780.81,INR,UPI,transfer,utilities,Bangalore,completed,,
TXN-5B0778DDFE91,2026-08-06 16:56:54,ACC-0142,ACC-0211,62320.32,INR,IMPS,transfer,utilities,Hyderabad,completed,,
TXN-9FA4F7AB56CC,2026-08-06 17:04:26,ACC-0331,ACC-0140,33079.72,INR,RTGS,transfer,groceries,Kolkata,completed,,
TXN-83A3F909B6FB,2026-08-06 17:06:33,ACC-0303,ACC-0386,11755.06,INR,UPI,transfer,rent,Delhi,completed,,
TXN-93F307763458,2026-08-06 17:13:12,ACC-0135,ACC-0175,13264.66,INR,IMPS,transfer,medical,Chennai,completed,,
TXN-AF0724BC828D,2026-08-06 17:26:46,ACC-0274,ACC-0527,12617.29,INR,NEFT,transfer,fuel,Delhi,completed,,
TXN-2E9667C8E4DE,2026-08-06 17:27:43,ACC-0550,ACC-0546,19867.49,INR,UPI,transfer,medical,Bangalore,completed,,
TXN-06CA25E5A445,2026-08-06 17:38:40,ACC-0270,ACC-0592,13406.36,INR,RTGS,transfer,shopping,Ahmedabad,completed,,
TXN-375AF6A3FB9E,2026-08-06 17:39:22,ACC-0487,ACC-0168,23281.93,INR,IMPS,transfer,rent,Mumbai,completed,,
TXN-8B7951B3A9B6,2026-08-06 17:47:59,ACC-0283,ACC-0393,45954.94,INR,UPI,transfer,subscription,Bangalore,completed,,
TXN-3A84EEC55029,2026-08-06 18:00:59,ACC-0333,ACC-0546,13742.82,INR,UPI,transfer,rent,Pune,completed,,
TXN-2167948D17E2,2026-08-06 18:22:35,ACC-0101,ACC-0172,12654.84,INR,IMPS,transfer,subscription,Pune,completed,,
TXN-702B8ABB8238,2026-08-06 18:26:23,ACC-0504,ACC-0271,16113.37,INR,UPI,transfer,subscription,Mumbai,completed,,
TXN-B1F30282F1C5,2026-08-06 18:29:00,ACC-0223,ACC-0281,16236.75,INR,UPI,transfer,restaurant,Hyderabad,completed,,
TXN-77131E4C9909,2026-08-06 18:30:45,ACC-0293,ACC-0202,49251.61,INR,UPI,transfer,fuel,Pune,completed,,
TXN-663A46A3639A,2026-08-06 18:34:05,ACC-0568,ACC-0184,19268.41,INR,UPI,transfer,rent,Bangalore,completed,,
TXN-AB2934C274EE,2026-08-06 18:35:06,ACC-0188,ACC-0306,10000.83,INR,UPI,transfer,fuel,Kolkata,completed,,
TXN-2B79224BF5ED,2026-08-06 18:35:49,ACC-0586,ACC-0491,21081.83,INR,RTGS,transfer,,Mumbai,completed,,
TXN-F5371334CCB3,2026-08-06 18:38:56,ACC-0194,ACC-0494,13908.86,INR,NEFT,transfer,rent,Bangalore,completed,,
TXN-9018D19CA39A,2026-08-06 18:46:16,ACC-0585,ACC-0301,25911.58,INR,NEFT,transfer,shopping,Hyderabad,completed,,
TXN-0DFEE7030E85,2026-08-06 19:08:54,ACC-0276,ACC-0350,23861.59,INR,NEFT,transfer,groceries,Chennai,completed,,
TXN-07B4701C10C1,2026-08-06 19:27:05,ACC-0144,ACC-0415,7092.24,INR,UPI,transfer,rent,Ahmedabad,completed,,
TXN-42419DE394E1,2026-08-06 19:28:48,ACC-0134,ACC-0437,20845.13,INR,IMPS,transfer,restaurant,Pune,completed,,
TXN-ABBAAEBAA962,2026-08-06 19:33:56,ACC-0287,ACC-0326,12486.51,INR,UPI,transfer,medical,Kolkata,completed,,
TXN-9E1D3566E642,2026-08-06 19:41:21,ACC-0132,ACC-0341,25162.58,INR,UPI,transfer,restaurant,Hyderabad,completed,,
TXN-5141312AB8E2,2026-08-06 19:51:34,ACC-0167,ACC-0115,27180.85,INR,UPI,transfer,,Chennai,completed,,
TXN-CCC34A6E6CBF,2026-08-06 20:01:05,ACC-0486,ACC-0577,79097.18,INR,IMPS,transfer,,Ahmedabad,completed,,
TXN-7400C0636EB1,2026-08-06 20:12:45,ACC-0257,ACC-0465,11991.66,INR,UPI,transfer,utilities,Kolkata,completed,,
TXN-A165736459D8,2026-08-06 20:15:36,ACC-0366,ACC-0317,96486.98,INR,UPI,transfer,restaurant,Delhi,completed,,
TXN-B3A80E29B7CE,2026-08-06 20:16:40,ACC-0502,ACC-0407,19188.08,INR,UPI,transfer,restaurant,Hyderabad,completed,,
TXN-2A2D721010E6,2026-08-06 20:20:44,ACC-0420,ACC-0285,32550.99,INR,UPI,transfer,shopping,Hyderabad,completed,,
TXN-EC6C8EA2F625,2026-08-06 20:22:10,ACC-0142,ACC-0113,61418.85,INR,UPI,transfer,rent,Hyderabad,completed,,
TXN-00FEC0CE92B9,2026-08-06 20:36:58,ACC-0546,ACC-0307,76159.72,INR,RTGS,transfer,subscription,Kolkata,completed,,
TXN-DE4B22A672E5,2026-08-06 20:39:31,ACC-0340,ACC-0173,20844.07,INR,IMPS,transfer,,Pune,completed,,
TXN-DF7729F4BEAD,2026-08-06 20:48:08,ACC-0185,ACC-0458,11206.42,INR,UPI,transfer,subscription,Hyderabad,completed,,
TXN-C37C67A0474C,2026-08-06 20:49:40,ACC-0173,ACC-0393,24847.78,INR,NEFT,transfer,restaurant,Delhi,completed,,
TXN-201E8D6BD485,2026-08-06 20:56:06,ACC-0161,ACC-0246,22232.56,INR,UPI,transfer,subscription,Chennai,completed,,
TXN-C1B01176B933,2026-08-06 20:59:24,ACC-0453,ACC-0149,12457.86,INR,NEFT,transfer,shopping,Pune,completed,,
TXN-CD5B37E611CE,2026-08-06 21:23:17,ACC-0151,ACC-0521,39004.98,INR,UPI,transfer,,Hyderabad,completed,,
TXN-757AF790780B,2026-08-06 21:33:50,ACC-0107,ACC-0503,21316.43,INR,UPI,transfer,subscription,Delhi,completed,,
TXN-B9D83BD483FA,2026-08-06 21:34:36,ACC-0462,ACC-0415,20392.27,INR,NEFT,transfer,,Ahmedabad,completed,,
TXN-C1A18CC8887B,2026-08-06 22:09:25,ACC-0107,ACC-0132,16856.04,INR,UPI,transfer,medical,Chennai,completed,,
TXN-88D613F2D658,2026-08-06 22:19:10,ACC-0151,ACC-0305,87535.2,INR,UPI,transfer,subscription,Pune,completed,,
TXN-1674AC8D2A2A,2026-08-06 22:24:31,ACC-0183,ACC-0379,1855.75,INR,RTGS,transfer,rent,Chennai,completed,,
TXN-B6BD0AF1E208,2026-08-06 22:24:40,ACC-0554,ACC-0135,35834.15,INR,UPI,transfer,restaurant,Hyderabad,completed,,
TXN-7F0741F7890E,2026-08-06 22:39:40,ACC-0164,ACC-0127,27781.13,INR,NEFT,transfer,fuel,Bangalore,completed,,
TXN-CC57441862BC,2026-08-06 22:45:50,ACC-0558,ACC-0139,19902.58,INR,UPI,transfer,rent,Mumbai,completed,,
TXN-32EAA5AC167A,2026-08-06 23:03:09,ACC-0364,ACC-0176,15313.38,INR,UPI,transfer,shopping,Kolkata,completed,,
TXN-FAEEA2F88498,2026-08-06 23:04:24,ACC-0198,ACC-0503,16594.37,INR,NEFT,transfer,rent,Delhi,completed,,
TXN-A65864CD6541,2026-08-06 23:09:53,ACC-0477,ACC-0201,13355.67,INR,NEFT,transfer,restaurant,Delhi,completed,,
TXN-53260D0A2A95,2026-08-06 23:17:35,ACC-0152,ACC-0474,21908.16,INR,UPI,transfer,rent,Kolkata,completed,,
TXN-4E594D8032A8,2026-08-06 23:27:57,ACC-0465,ACC-0424,22408.47,INR,RTGS,transfer,subscription,Chennai,completed,,
TXN-2481FAAF2729,2026-08-06 23:34:03,ACC-0189,ACC-0258,14456.05,INR,RTGS,transfer,shopping,Delhi,completed,,
TXN-3D7DDF799902,2026-08-06 23:52:08,ACC-0350,ACC-0399,19762.34,INR,NEFT,transfer,restaurant,Pune,completed,,
TXN-51395D6AE042,2026-08-06 23:57:37,ACC-0380,ACC-0473,15244.88,INR,UPI,transfer,groceries,Bangalore,completed,,
TXN-2890BF736CF6,2026-08-06 23:57:52,ACC-0454,ACC-0125,17162.24,INR,UPI,transfer,,Mumbai,completed,,
TXN-8AB2E07C089C,2026-08-06 23:58:47,ACC-0116,ACC-0163,7710.79,INR,UPI,transfer,subscription,Hyderabad,completed,,
TXN-020741D29BAC,2026-08-07 00:07:28,ACC-0300,ACC-0508,26518.57,INR,NEFT,transfer,,Kolkata,completed,,
TXN-4F773DD57F2C,2026-08-07 00:08:36,ACC-0158,ACC-0204,16961.19,INR,UPI,transfer,groceries,Mumbai,completed,,
TXN-A3B52979E0F5,2026-08-07 00:10:51,ACC-0464,ACC-0384,10981.15,INR,IMPS,transfer,rent,Pune,completed,,
TXN-B93311BD1DEB,2026-08-07 00:11:34,ACC-0225,ACC-0289,9118.25,INR,UPI,transfer,fuel,Kolkata,completed,,
TXN-CF2BF87674E0,2026-08-07 00:18:28,ACC-0385,ACC-0478,64095.26,INR,RTGS,transfer,subscription,Bangalore,completed,,
TXN-FF99626FC2B5,2026-08-07 00:31:05,ACC-0249,ACC-0558,11678.9,INR,RTGS,transfer,groceries,Bangalore,completed,,
TXN-8236988F7BFA,2026-08-07 00:36:59,ACC-0120,ACC-0180,13621.17,INR,UPI,transfer,fuel,Ahmedabad,completed,,
TXN-9C06AF517245,2026-08-07 00:50:34,ACC-0326,ACC-0290,17192.03,INR,IMPS,transfer,,Delhi,completed,,
TXN-87EEFDADE30A,2026-08-07 00:53:06,ACC-0437,ACC-0478,12655.18,INR,NEFT,transfer,utilities,Delhi,completed,,
TXN-BD967A5B2778,2026-08-07 00:54:38,ACC-0349,ACC-0360,17785.65,INR,UPI,transfer,restaurant,Ahmedabad,completed,,
TXN-FC9F87EEB0A0,2026-08-07 00:55:20,ACC-0245,ACC-0229,8050.59,INR,UPI,transfer,rent,Mumbai,completed,,
TXN-AD1E8565D1CE,2026-08-07 01:01:12,ACC-0400,ACC-0483,9268.37,INR,NEFT,transfer,groceries,Bangalore,completed,,
TXN-8323D43ED867,2026-08-07 01:03:23,ACC-0538,ACC-0555,76321.31,INR,NEFT,transfer,rent,Kolkata,completed,,
TXN-6FFAF03EF9FA,2026-08-07 01:19:38,ACC-0100,ACC-0233,53916.87,INR,UPI,transfer,rent,Mumbai,completed,,
TXN-C4AD9C3DDD06,2026-08-07 01:21:31,ACC-0115,ACC-A-001,86607.14,INR,CASH,transfer,,Hyderabad,completed,,
TXN-C83F98F1B953,2026-08-07 01:21:50,ACC-0305,ACC-0142,21386.02,INR,RTGS,transfer,,Hyderabad,completed,,
TXN-C0E3310B9E01,2026-08-07 01:22:01,ACC-0438,ACC-0210,111977.25,INR,NEFT,transfer,utilities,Bangalore,completed,,
TXN-F90064CD5C48,2026-08-07 01:23:26,ACC-0480,ACC-0463,25101.56,INR,CASH,transfer,groceries,Pune,completed,,
TXN-D256D3A444E7,2026-08-07 01:33:31,ACC-0125,ACC-0257,24090.28,INR,NEFT,transfer,utilities,Ahmedabad,completed,,
TXN-71CEAA16420D,2026-08-07 01:35:06,ACC-G-001,ACC-0268,9788.8,INR,NEFT,transfer,restaurant,Mumbai,completed,,
TXN-806A12BB625D,2026-08-07 01:41:37,ACC-0134,ACC-0283,17813.28,INR,IMPS,transfer,rent,Ahmedabad,completed,,
TXN-933775819B7B,2026-08-07 01:49:54,ACC-0228,ACC-0320,26344.07,INR,UPI,transfer,fuel,Mumbai,completed,,
TXN-E2B37E9394A4,2026-08-07 02:27:56,ACC-0404,ACC-0510,18345.58,INR,NEFT,transfer,,Ahmedabad,completed,,
TXN-DE8587FA70A6,2026-08-07 02:34:27,ACC-0592,ACC-0566,21890.39,INR,NEFT,transfer,utilities,Ahmedabad,completed,,
TXN-D3BF104A929F,2026-08-07 03:13:23,ACC-0154,ACC-0269,32423.55,INR,NEFT,transfer,utilities,Ahmedabad,completed,,
TXN-A51766E7BEFA,2026-08-07 03:34:23,ACC-0275,ACC-0313,11610.68,INR,UPI,transfer,medical,Ahmedabad,completed,,
TXN-63D0F0E50C30,2026-08-07 03:34:40,ACC-0363,ACC-0358,66732.67,INR,NEFT,transfer,restaurant,Chennai,completed,,
TXN-77B02E0B9FC0,2026-08-07 04:00:32,ACC-0422,ACC-0426,19546.08,INR,NEFT,transfer,utilities,Delhi,completed,,
TXN-55410635C029,2026-08-07 04:24:26,ACC-0107,ACC-0204,19005.89,INR,UPI,transfer,subscription,Bangalore,completed,,
TXN-65BB48B08684,2026-08-07 04:26:18,ACC-0203,ACC-0433,9915.41,INR,UPI,transfer,,Kolkata,completed,,
TXN-AA1033B6490E,2026-08-07 04:28:54,ACC-0585,ACC-0289,13663.46,INR,RTGS,transfer,shopping,Bangalore,completed,,
TXN-04F72086DBB1,2026-08-07 04:32:14,ACC-0325,ACC-0440,24955.79,INR,UPI,transfer,,Bangalore,completed,,
TXN-265C04F59BD6,2026-08-07 04:36:27,ACC-0384,ACC-0117,22923.84,INR,UPI,transfer,subscription,Bangalore,completed,,
TXN-29FBADA146F9,2026-08-07 04:37:41,ACC-0553,ACC-0192,31653.66,INR,UPI,transfer,fuel,Bangalore,completed,,
TXN-0DC2DBBB1A35,2026-08-07 04:44:10,ACC-0312,ACC-0325,17402.89,INR,UPI,transfer,restaurant,Ahmedabad,completed,,
TXN-F0AD559020F9,2026-08-07 05:11:57,ACC-0460,ACC-0210,4562.84,INR,UPI,transfer,medical,Delhi,completed,,
TXN-388164A33CA9,2026-08-07 05:17:42,ACC-0190,ACC-0194,9634.51,INR,UPI,transfer,fuel,Mumbai,completed,,
TXN-E5256D1568CF,2026-08-07 05:43:09,ACC-0259,ACC-0469,89463.43,INR,UPI,transfer,,Bangalore,completed,,
TXN-1D1B9B67EE14,2026-08-07 05:46:03,ACC-0512,ACC-0448,24907.73,INR,NEFT,transfer,medical,Kolkata,completed,,
TXN-B3CF613186DF,2026-08-07 05:46:45,ACC-0223,ACC-0304,31157.46,INR,UPI,transfer,utilities,Kolkata,completed,,
TXN-1DB4CDE5914B,2026-08-07 05:49:44,ACC-0272,ACC-0333,35294.79,INR,NEFT,transfer,subscription,Delhi,completed,,
TXN-FE08D3ECD81B,2026-08-07 06:05:01,ACC-0285,ACC-0446,21678.82,INR,UPI,transfer,rent,Chennai,completed,,
TXN-ADCB40AB6948,2026-08-07 06:09:34,ACC-0585,ACC-0155,21154.89,INR,UPI,transfer,subscription,Chennai,completed,,
TXN-A9661EC26ABE,2026-08-07 06:16:41,ACC-0254,ACC-0289,9677.07,INR,UPI,transfer,medical,Ahmedabad,completed,,
TXN-AA9EC8A73BB0,2026-08-07 06:36:43,ACC-0172,ACC-0498,21901.72,INR,NEFT,transfer,restaurant,Delhi,completed,,
TXN-39B41453C134,2026-08-07 06:41:43,ACC-0326,ACC-0357,23890.22,INR,NEFT,transfer,restaurant,Kolkata,completed,,
TXN-310BAE1A2BE5,2026-08-07 06:55:47,ACC-0489,ACC-0410,13775.24,INR,UPI,transfer,,Mumbai,completed,,
TXN-6F61812F449C,2026-08-07 06:59:31,ACC-0253,ACC-0338,18499.21,INR,IMPS,transfer,fuel,Bangalore,completed,,
TXN-5C3EEA1CA968,2026-08-07 06:59:45,ACC-0505,ACC-0463,24014.13,INR,IMPS,transfer,restaurant,Chennai,completed,,
TXN-S004-001,2026-08-07 07:00:00,ACC-0124,ACC-0164,40640.74,INR,UPI,transfer,,Bangalore,completed,SCENARIO-004,synthetic_suspicious_pattern
TXN-C4C1151B26B0,2026-08-07 07:03:23,ACC-0591,ACC-0111,12189.27,INR,UPI,transfer,groceries,Ahmedabad,completed,,
TXN-2B7F287BA7E9,2026-08-07 07:05:37,ACC-0152,ACC-0195,20490.68,INR,CASH,transfer,restaurant,Ahmedabad,completed,,
TXN-S004-002,2026-08-07 07:10:00,ACC-0124,ACC-0165,43354.56,INR,UPI,transfer,,Bangalore,completed,SCENARIO-004,synthetic_suspicious_pattern
TXN-7A0AB60DCB6C,2026-08-07 07:18:56,ACC-0485,ACC-0187,27089.01,INR,RTGS,transfer,,Hyderabad,completed,,
TXN-S004-003,2026-08-07 07:20:00,ACC-0124,ACC-0166,32648.01,INR,UPI,transfer,,Bangalore,completed,SCENARIO-004,synthetic_suspicious_pattern
TXN-E304FF82305B,2026-08-07 07:26:10,ACC-0185,ACC-0332,9222.24,INR,RTGS,transfer,medical,Pune,completed,,
TXN-S004-004,2026-08-07 07:30:00,ACC-0124,ACC-0167,44135.54,INR,UPI,transfer,,Bangalore,completed,SCENARIO-004,synthetic_suspicious_pattern
TXN-80E4F4E51030,2026-08-07 07:33:06,ACC-0373,ACC-0173,13722.96,INR,UPI,transfer,shopping,Pune,completed,,
TXN-2977EE50AC5C,2026-08-07 07:35:34,ACC-0236,ACC-0528,20757.92,INR,CASH,transfer,,Bangalore,completed,,
TXN-S004-005,2026-08-07 07:40:00,ACC-0124,ACC-0168,53308.67,INR,UPI,transfer,,Bangalore,completed,SCENARIO-004,synthetic_suspicious_pattern
TXN-S004-006,2026-08-07 07:50:00,ACC-0124,ACC-0169,47650.82,INR,IMPS,transfer,,Bangalore,completed,SCENARIO-004,synthetic_suspicious_pattern
TXN-685F7B901C31,2026-08-07 07:55:53,ACC-F-001,ACC-0553,18497.47,INR,NEFT,transfer,,Pune,completed,,
TXN-S004-007,2026-08-07 08:00:00,ACC-0124,ACC-0170,49300.49,INR,UPI,transfer,,Bangalore,completed,SCENARIO-004,synthetic_suspicious_pattern
TXN-8F0FF2B87BED,2026-08-07 08:05:51,ACC-0448,ACC-0523,23960.66,INR,UPI,transfer,utilities,Delhi,completed,,
TXN-S004-008,2026-08-07 08:10:00,ACC-0124,ACC-0171,55533.17,INR,RTGS,transfer,,Bangalore,completed,SCENARIO-004,synthetic_suspicious_pattern
TXN-S004-009,2026-08-07 08:20:00,ACC-0124,ACC-0172,53889.26,INR,UPI,transfer,,Bangalore,completed,SCENARIO-004,synthetic_suspicious_pattern
TXN-344D637C5C5E,2026-08-07 08:25:15,ACC-0287,ACC-0179,12096.71,INR,UPI,transfer,,Kolkata,completed,,
TXN-98B34E036794,2026-08-07 08:29:58,ACC-0244,ACC-0143,15138.58,INR,UPI,transfer,fuel,Bangalore,completed,,
TXN-S004-010,2026-08-07 08:30:00,ACC-0124,ACC-0173,40712.05,INR,NEFT,transfer,,Bangalore,completed,SCENARIO-004,synthetic_suspicious_pattern
TXN-24EEFDAEB811,2026-08-07 08:31:57,ACC-0535,ACC-0461,12932.36,INR,CASH,transfer,subscription,Ahmedabad,completed,,
TXN-7A40436E44EE,2026-08-07 08:40:29,ACC-0270,ACC-0184,12632.67,INR,NEFT,transfer,medical,Delhi,completed,,
TXN-275969F94915,2026-08-07 08:45:15,ACC-0280,ACC-0363,7293.18,INR,UPI,transfer,,Hyderabad,completed,,
TXN-05BCDD25EF45,2026-08-07 08:45:30,ACC-0512,ACC-0301,15921.22,INR,RTGS,transfer,utilities,Bangalore,completed,,
TXN-264445B0EE29,2026-08-07 08:59:50,ACC-0120,ACC-C-001,13002.51,INR,UPI,transfer,rent,Hyderabad,completed,,
TXN-4D55DA70EC03,2026-08-07 09:45:01,ACC-0143,ACC-0289,13517.19,INR,NEFT,transfer,shopping,Pune,completed,,
TXN-FA7D5AB3A74F,2026-08-07 09:49:08,ACC-0179,ACC-0386,17221.15,INR,RTGS,transfer,restaurant,Mumbai,completed,,
TXN-F6EFFCE17EA7,2026-08-07 09:54:44,ACC-0386,ACC-0300,13432.9,INR,NEFT,transfer,fuel,Kolkata,completed,,
TXN-8F2689ECA745,2026-08-07 10:16:34,ACC-0451,ACC-0202,22052.34,INR,RTGS,transfer,subscription,Chennai,completed,,
TXN-41ABB72A0639,2026-08-07 10:33:01,ACC-0228,ACC-0248,18768.89,INR,UPI,transfer,fuel,Kolkata,completed,,
TXN-EC233943DC11,2026-08-07 10:38:06,ACC-0474,ACC-0354,17231.0,INR,IMPS,transfer,medical,Ahmedabad,completed,,
TXN-D71707B4E903,2026-08-07 10:59:23,ACC-0285,ACC-0388,19224.7,INR,UPI,transfer,medical,Hyderabad,completed,,
TXN-D290069C4AAB,2026-08-07 11:18:05,ACC-0142,ACC-0126,48128.18,INR,NEFT,transfer,groceries,Kolkata,completed,,
TXN-746168C69E94,2026-08-07 11:21:17,ACC-0571,ACC-0342,11135.23,INR,IMPS,transfer,,Kolkata,completed,,
TXN-E6B9FC348282,2026-08-07 11:24:20,ACC-0336,ACC-0257,9273.03,INR,RTGS,transfer,rent,Chennai,completed,,
TXN-A27733E64546,2026-08-07 11:33:43,ACC-0498,ACC-0314,58717.19,INR,UPI,transfer,shopping,Mumbai,completed,,
TXN-FB02269B5DB4,2026-08-07 11:35:08,ACC-0397,ACC-0163,27252.51,INR,NEFT,transfer,,Pune,completed,,
TXN-277C493D8086,2026-08-07 11:41:04,ACC-0300,ACC-0410,21790.87,INR,NEFT,transfer,,Chennai,completed,,
TXN-6014902ECD7E,2026-08-07 11:41:39,ACC-0383,ACC-0591,7391.99,INR,UPI,transfer,subscription,Pune,completed,,
TXN-DA68DEC2CB4E,2026-08-07 11:43:21,ACC-0351,ACC-0284,17020.39,INR,RTGS,transfer,,Pune,completed,,
TXN-AD0EFFD363EF,2026-08-07 11:45:23,ACC-0220,ACC-0149,14046.21,INR,UPI,transfer,restaurant,Mumbai,completed,,
TXN-5969B90D1F83,2026-08-07 11:52:43,ACC-0280,ACC-0531,9871.02,INR,RTGS,transfer,shopping,Pune,completed,,
TXN-BF6DAE6B197C,2026-08-07 11:55:54,ACC-0410,ACC-0398,13039.28,INR,UPI,transfer,utilities,Pune,completed,,
TXN-9FE06CE8CE03,2026-08-07 11:58:01,ACC-0206,ACC-0429,18392.82,INR,UPI,transfer,,Mumbai,completed,,
TXN-F7A01E34330A,2026-08-07 12:05:56,ACC-0362,ACC-0461,2558.19,INR,UPI,transfer,medical,Bangalore,completed,,
TXN-58BFDC788633,2026-08-07 12:36:42,ACC-0530,ACC-0387,23357.87,INR,UPI,transfer,restaurant,Pune,completed,,
TXN-E953FD16A62C,2026-08-07 13:13:39,ACC-0403,ACC-0201,20837.88,INR,IMPS,transfer,groceries,Kolkata,completed,,
TXN-DC610BE9E437,2026-08-07 13:13:59,ACC-0246,ACC-0565,11773.05,INR,IMPS,transfer,shopping,Delhi,completed,,
TXN-5C53458CD575,2026-08-07 13:15:55,ACC-0433,ACC-0182,13050.46,INR,UPI,transfer,,Kolkata,completed,,
TXN-5A86B0A73C22,2026-08-07 13:17:39,ACC-0239,ACC-0484,13604.66,INR,UPI,transfer,fuel,Delhi,completed,,
TXN-320D32D4D705,2026-08-07 13:32:41,ACC-0446,ACC-0127,12783.21,INR,NEFT,transfer,shopping,Ahmedabad,completed,,
TXN-B00FE121EA02,2026-08-07 13:33:00,ACC-0580,ACC-0341,10444.4,INR,NEFT,transfer,utilities,Delhi,completed,,
TXN-91E53A7CC34A,2026-08-07 13:37:27,ACC-0321,ACC-0231,11658.79,INR,UPI,transfer,,Kolkata,completed,,
TXN-3877CA9824C7,2026-08-07 13:38:50,ACC-0282,ACC-0326,20733.44,INR,NEFT,transfer,shopping,Mumbai,completed,,
TXN-8C3C6A6D01F8,2026-08-07 14:08:58,ACC-0515,ACC-0404,7482.44,INR,NEFT,transfer,,Ahmedabad,completed,,
TXN-423C9DE83AF7,2026-08-07 14:12:13,ACC-0532,ACC-0129,13897.9,INR,IMPS,transfer,restaurant,Bangalore,completed,,
TXN-1D1B3AFCE15C,2026-08-07 14:13:48,ACC-0302,ACC-0429,12362.94,INR,NEFT,transfer,shopping,Hyderabad,completed,,
TXN-1D2862B31380,2026-08-07 14:15:35,ACC-0268,ACC-0190,10989.76,INR,RTGS,transfer,subscription,Pune,completed,,
TXN-496FD868964A,2026-08-07 14:35:41,ACC-0307,ACC-0450,10493.79,INR,RTGS,transfer,shopping,Bangalore,completed,,
TXN-B810EF468AD2,2026-08-07 14:43:20,ACC-0574,ACC-0570,7461.38,INR,CASH,transfer,utilities,Kolkata,completed,,
TXN-C35CEAA3A753,2026-08-07 14:47:55,ACC-0418,ACC-0563,29803.97,INR,IMPS,transfer,,Pune,completed,,
TXN-580EB5C57BE7,2026-08-07 14:50:09,ACC-0202,ACC-0454,12300.85,INR,UPI,transfer,subscription,Mumbai,completed,,
TXN-0CD586F240BD,2026-08-07 15:04:44,ACC-0426,ACC-0516,32439.67,INR,IMPS,transfer,medical,Hyderabad,completed,,
TXN-3DF275223146,2026-08-07 15:05:21,ACC-0590,ACC-0317,22631.05,INR,IMPS,transfer,restaurant,Ahmedabad,completed,,
TXN-316506BA04C1,2026-08-07 15:09:05,ACC-0305,ACC-0127,16575.32,INR,IMPS,transfer,restaurant,Mumbai,completed,,
TXN-C45BD5E35A76,2026-08-07 15:31:10,ACC-0322,ACC-0283,35462.49,INR,NEFT,transfer,fuel,Pune,completed,,
TXN-436EBF026D16,2026-08-07 15:43:06,ACC-0148,ACC-0551,15933.27,INR,UPI,transfer,restaurant,Kolkata,completed,,
TXN-7B31ECB491C8,2026-08-07 15:49:12,ACC-0520,ACC-0389,16549.92,INR,IMPS,transfer,,Ahmedabad,completed,,
TXN-F2B61A211E65,2026-08-07 16:12:41,ACC-0300,ACC-0314,23900.48,INR,UPI,transfer,groceries,Chennai,completed,,
TXN-708C608BD8A2,2026-08-07 16:21:37,ACC-0402,ACC-0577,13874.43,INR,UPI,transfer,,Delhi,completed,,
TXN-B0287C1E4D01,2026-08-07 16:26:45,ACC-0323,ACC-0293,8488.72,INR,UPI,transfer,rent,Mumbai,completed,,
TXN-D6E6BECE9CC4,2026-08-07 16:27:27,ACC-0134,ACC-0559,14821.27,INR,UPI,transfer,rent,Hyderabad,completed,,
TXN-4E17CB6A4CEE,2026-08-07 16:37:36,ACC-0526,ACC-0445,19643.06,INR,CASH,transfer,shopping,Kolkata,completed,,
TXN-8CDC68B424D2,2026-08-07 16:42:16,ACC-0291,ACC-0417,38233.87,INR,NEFT,transfer,shopping,Pune,completed,,
TXN-F851C32EFDDB,2026-08-07 16:46:12,ACC-0379,ACC-0228,14973.97,INR,UPI,transfer,rent,Kolkata,completed,,
TXN-5AEE2CE0751C,2026-08-07 17:07:20,ACC-0584,ACC-0162,12.77,INR,UPI,transfer,,Pune,completed,,
TXN-08D481932114,2026-08-07 17:11:44,ACC-0447,ACC-0530,117559.56,INR,IMPS,transfer,rent,Delhi,completed,,
TXN-0F775E6742A9,2026-08-07 17:12:10,ACC-0368,ACC-0308,24365.24,INR,RTGS,transfer,medical,Chennai,completed,,
TXN-B982A46258B7,2026-08-07 17:13:24,ACC-0475,ACC-0449,67313.26,INR,IMPS,transfer,utilities,Hyderabad,completed,,
TXN-4F4B1C1A4860,2026-08-07 17:31:43,ACC-0560,ACC-0227,14806.45,INR,UPI,transfer,shopping,Chennai,completed,,
TXN-B9A6B37B8C7C,2026-08-07 17:46:53,ACC-0158,ACC-0592,25767.78,INR,IMPS,transfer,,Hyderabad,completed,,
TXN-AE43CB40A3A9,2026-08-07 17:48:33,ACC-0548,ACC-0376,14719.91,INR,IMPS,transfer,fuel,Mumbai,completed,,
TXN-596AF2616A0F,2026-08-07 17:49:44,ACC-0218,ACC-0521,147.09,INR,IMPS,transfer,shopping,Delhi,completed,,
TXN-EB52A6CBAD94,2026-08-07 18:05:00,ACC-0169,ACC-0556,18187.09,INR,UPI,transfer,rent,Ahmedabad,completed,,
TXN-B85AFF684BA8,2026-08-07 18:12:05,ACC-0520,ACC-0267,45929.13,INR,IMPS,transfer,groceries,Bangalore,completed,,
TXN-7ECC8462C4E0,2026-08-07 18:17:51,ACC-0138,ACC-0471,12468.57,INR,UPI,transfer,medical,Bangalore,completed,,
TXN-57F49FFDA8C5,2026-08-07 18:18:10,ACC-0266,ACC-0313,19463.93,INR,UPI,transfer,medical,Mumbai,completed,,
TXN-5C559BCD28A2,2026-08-07 18:25:08,ACC-0435,ACC-0195,107840.11,INR,CASH,transfer,fuel,Delhi,completed,,
TXN-DD4B9755548C,2026-08-07 18:36:34,ACC-0114,ACC-0573,24894.28,INR,UPI,transfer,restaurant,Chennai,completed,,
TXN-A0D983BFEE7F,2026-08-07 18:46:45,ACC-0405,ACC-0233,10969.54,INR,IMPS,transfer,groceries,Chennai,completed,,
TXN-D082FE67FAAD,2026-08-07 19:04:18,ACC-0135,ACC-0330,12741.05,INR,NEFT,transfer,fuel,Mumbai,completed,,
TXN-1D66532A5749,2026-08-07 19:19:59,ACC-0554,ACC-0273,22869.59,INR,NEFT,transfer,fuel,Pune,completed,,
TXN-57D65C360BBB,2026-08-07 19:28:57,ACC-0588,ACC-0277,14935.86,INR,NEFT,transfer,,Chennai,completed,,
TXN-45CA94868821,2026-08-07 19:34:50,ACC-0386,ACC-0264,12571.96,INR,UPI,transfer,fuel,Mumbai,completed,,
TXN-3CEBACC993A7,2026-08-07 19:44:01,ACC-0277,ACC-0124,15715.79,INR,IMPS,transfer,,Delhi,completed,,
TXN-75835B0F5ECB,2026-08-07 20:05:33,ACC-0448,ACC-0470,16815.45,INR,RTGS,transfer,medical,Chennai,completed,,
TXN-35088CAD14BA,2026-08-07 20:13:27,ACC-0381,ACC-0405,10185.46,INR,UPI,transfer,rent,Ahmedabad,completed,,
TXN-6B27C9CFE024,2026-08-07 20:19:35,ACC-0165,ACC-0168,26133.73,INR,IMPS,transfer,shopping,Kolkata,completed,,
TXN-C7FC2EE868A2,2026-08-07 20:36:16,ACC-0535,ACC-0494,12729.75,INR,UPI,transfer,restaurant,Kolkata,completed,,
TXN-D89B10A73017,2026-08-07 20:41:10,ACC-0250,ACC-0256,10204.82,INR,NEFT,transfer,rent,Ahmedabad,completed,,
TXN-C02988D86848,2026-08-07 21:09:53,ACC-0559,ACC-0271,11382.18,INR,NEFT,transfer,utilities,Ahmedabad,completed,,
TXN-9A190794FEE6,2026-08-07 21:11:03,ACC-0404,ACC-0335,26579.87,INR,UPI,transfer,medical,Bangalore,completed,,
TXN-FDE9C200D7E8,2026-08-07 21:32:41,ACC-0333,ACC-0558,13234.17,INR,UPI,transfer,groceries,Delhi,completed,,
TXN-A6BC8C53EB94,2026-08-07 21:34:17,ACC-0483,ACC-0173,9036.8,INR,UPI,transfer,medical,Kolkata,completed,,
TXN-0048C4C8BFE0,2026-08-07 21:37:54,ACC-0539,ACC-0362,19462.88,INR,UPI,transfer,medical,Mumbai,completed,,
TXN-5A46BA0AB861,2026-08-07 21:38:52,ACC-0582,ACC-0446,19252.51,INR,UPI,transfer,,Pune,completed,,
TXN-79D9E5119E40,2026-08-07 21:53:42,ACC-0581,ACC-0552,16327.49,INR,NEFT,transfer,utilities,Mumbai,completed,,
TXN-S009-IN-001,2026-08-07 22:00:00,ACC-0234,ACC-0224,195797.79,INR,UPI,transfer,,Ahmedabad,completed,SCENARIO-009,synthetic_suspicious_pattern
TXN-BCCD23398293,2026-08-07 22:05:07,ACC-0320,ACC-0451,17289.14,INR,UPI,transfer,rent,Chennai,completed,,
TXN-AEF8A5FE8A16,2026-08-07 22:11:30,ACC-0464,ACC-0260,12721.51,INR,UPI,transfer,,Delhi,completed,,
TXN-36E7A49FE388,2026-08-07 22:12:54,ACC-0261,ACC-0277,6437.2,INR,NEFT,transfer,fuel,Pune,completed,,
TXN-D10A6508AA2F,2026-08-07 22:15:33,ACC-0561,ACC-0218,14616.52,INR,UPI,transfer,utilities,Pune,completed,,
TXN-58741DD327C3,2026-08-07 22:18:20,ACC-0467,ACC-0209,18559.84,INR,IMPS,transfer,,Mumbai,completed,,
TXN-3E5BA7EB6084,2026-08-07 22:20:36,ACC-0353,ACC-0106,21231.21,INR,IMPS,transfer,rent,Chennai,completed,,
TXN-466748B904DC,2026-08-07 22:25:44,ACC-0398,ACC-0409,13744.75,INR,RTGS,transfer,medical,Bangalore,completed,,
TXN-391161647CFC,2026-08-07 22:28:08,ACC-0270,ACC-0106,10514.2,INR,UPI,transfer,medical,Delhi,completed,,
TXN-807D0C2BF2ED,2026-08-07 22:39:23,ACC-0523,ACC-0393,23801.7,INR,IMPS,transfer,rent,Bangalore,completed,,
TXN-546763FE894A,2026-08-07 22:43:53,ACC-0330,ACC-0457,26930.06,INR,NEFT,transfer,utilities,Delhi,completed,,
TXN-A5E99EE6A976,2026-08-07 22:46:40,ACC-0397,ACC-0355,14801.44,INR,IMPS,transfer,shopping,Kolkata,completed,,
TXN-639EC0A88241,2026-08-07 22:47:25,ACC-0107,ACC-0297,20779.37,INR,NEFT,transfer,shopping,Mumbai,completed,,
TXN-EB032A96B600,2026-08-07 22:52:51,ACC-0242,ACC-0248,17885.53,INR,UPI,transfer,shopping,Mumbai,completed,,
TXN-S009-IN-002,2026-08-07 23:00:00,ACC-0235,ACC-0224,102890.32,INR,CASH,transfer,,Ahmedabad,completed,SCENARIO-009,synthetic_suspicious_pattern
TXN-DA277C9A6C27,2026-08-07 23:13:43,ACC-0179,ACC-0192,22502.52,INR,IMPS,transfer,utilities,Chennai,completed,,
TXN-72134366296F,2026-08-07 23:14:05,ACC-0472,ACC-0431,52941.4,INR,IMPS,transfer,subscription,Ahmedabad,completed,,
TXN-E03A53908C31,2026-08-07 23:17:08,ACC-0268,ACC-0567,9434.75,INR,RTGS,transfer,,Hyderabad,completed,,
TXN-766740F3DA9D,2026-08-07 23:19:20,ACC-0470,ACC-0468,10447.14,INR,IMPS,transfer,groceries,Chennai,completed,,
TXN-4E2090BBD9B4,2026-08-07 23:29:44,ACC-0203,ACC-0512,13600.6,INR,UPI,transfer,utilities,Pune,completed,,
TXN-E66FF881B542,2026-08-07 23:36:12,ACC-0128,ACC-0564,22021.88,INR,UPI,transfer,subscription,Bangalore,completed,,
TXN-435037C3366B,2026-08-07 23:40:33,ACC-0382,ACC-0499,21469.46,INR,UPI,transfer,restaurant,Delhi,completed,,
TXN-165583DDDBD1,2026-08-07 23:45:09,ACC-0312,ACC-0346,21170.86,INR,UPI,transfer,,Bangalore,completed,,
TXN-S009-IN-003,2026-08-08 00:00:00,ACC-0236,ACC-0224,173686.25,INR,UPI,transfer,,Ahmedabad,completed,SCENARIO-009,synthetic_suspicious_pattern
TXN-F281029A442D,2026-08-08 00:01:21,ACC-0258,ACC-0382,17983.28,INR,NEFT,transfer,fuel,Ahmedabad,completed,,
TXN-12E95BBCFFC4,2026-08-08 00:10:20,ACC-0420,ACC-0272,19140.32,INR,NEFT,transfer,rent,Hyderabad,completed,,
TXN-1B0F571E25FF,2026-08-08 00:10:48,ACC-0480,ACC-0473,18065.75,INR,IMPS,transfer,utilities,Bangalore,completed,,
TXN-9FB5B979B54D,2026-08-08 00:11:52,ACC-0103,ACC-0491,11167.2,INR,IMPS,transfer,groceries,Chennai,completed,,
TXN-2066E6D71E6E,2026-08-08 00:27:33,ACC-0385,ACC-0572,54013.18,INR,CASH,transfer,medical,Delhi,completed,,
TXN-4F2C8EA41F63,2026-08-08 00:32:42,ACC-0265,ACC-0362,18004.44,INR,IMPS,transfer,utilities,Bangalore,completed,,
TXN-18E261802596,2026-08-08 00:34:31,ACC-0256,ACC-0163,21062.47,INR,IMPS,transfer,utilities,Chennai,completed,,
TXN-07C5FC685001,2026-08-08 00:36:07,ACC-0384,ACC-0513,19029.21,INR,CASH,transfer,rent,Bangalore,completed,,
TXN-074DD96F7D60,2026-08-08 00:40:20,ACC-0556,ACC-0255,18909.11,INR,IMPS,transfer,,Delhi,completed,,
TXN-7AF310FB205D,2026-08-08 00:45:10,ACC-0531,ACC-0119,26516.67,INR,UPI,transfer,groceries,Chennai,completed,,
TXN-3E28DCEB4E98,2026-08-08 00:56:57,ACC-0350,ACC-0297,22185.14,INR,UPI,transfer,fuel,Hyderabad,completed,,
TXN-S009-IN-004,2026-08-08 01:00:00,ACC-0237,ACC-0224,173561.23,INR,IMPS,transfer,,Ahmedabad,completed,SCENARIO-009,synthetic_suspicious_pattern
TXN-DE6C3612754D,2026-08-08 01:24:35,ACC-0335,ACC-0365,27127.2,INR,IMPS,transfer,utilities,Pune,completed,,
TXN-6581AE3A4959,2026-08-08 01:27:34,ACC-0383,ACC-0531,49935.86,INR,IMPS,transfer,groceries,Mumbai,completed,,
TXN-7873CEB16940,2026-08-08 01:30:56,ACC-0386,ACC-0149,10613.3,INR,NEFT,transfer,subscription,Kolkata,completed,,
TXN-1B12D1BDFCDF,2026-08-08 01:34:45,ACC-0229,ACC-0533,18253.12,INR,UPI,transfer,subscription,Pune,completed,,
TXN-31160460731B,2026-08-08 01:36:39,ACC-0578,ACC-0220,37590.37,INR,UPI,transfer,shopping,Ahmedabad,completed,,
TXN-CB8978E76BBB,2026-08-08 01:37:08,ACC-0123,ACC-0140,10117.62,INR,NEFT,transfer,,Bangalore,completed,,
TXN-S009-IN-005,2026-08-08 02:00:00,ACC-0238,ACC-0224,158491.43,INR,IMPS,transfer,,Ahmedabad,completed,SCENARIO-009,synthetic_suspicious_pattern
TXN-E765EDE4C9A4,2026-08-08 02:02:48,ACC-0587,ACC-0463,10497.57,INR,IMPS,transfer,groceries,Delhi,completed,,
TXN-DB57EE452D11,2026-08-08 02:25:10,ACC-0160,ACC-0286,19915.98,INR,IMPS,transfer,subscription,Mumbai,completed,,
TXN-541125567CD3,2026-08-08 02:28:22,ACC-0455,ACC-0581,20460.1,INR,UPI,transfer,shopping,Bangalore,completed,,
TXN-DE49BF2E5A38,2026-08-08 02:31:09,ACC-0195,ACC-0341,16933.37,INR,UPI,transfer,medical,Bangalore,completed,,
TXN-477517776CD3,2026-08-08 02:50:01,ACC-0305,ACC-0131,18210.71,INR,CASH,transfer,utilities,Chennai,completed,,
TXN-E3D60FBA93D4,2026-08-08 02:50:12,ACC-0251,ACC-0214,12977.28,INR,IMPS,transfer,subscription,Kolkata,completed,,
TXN-8FEC34ED81C9,2026-08-08 02:51:14,ACC-0210,ACC-0191,21041.12,INR,NEFT,transfer,subscription,Kolkata,completed,,
TXN-E8FDEC9C2594,2026-08-08 03:02:53,ACC-0167,ACC-0464,30240.34,INR,RTGS,transfer,rent,Delhi,completed,,
TXN-7C99F932BF7D,2026-08-08 03:39:15,ACC-0106,ACC-0256,10332.05,INR,UPI,transfer,groceries,Chennai,completed,,
TXN-A0C68B621551,2026-08-08 03:44:25,ACC-0425,ACC-0434,17858.73,INR,UPI,transfer,fuel,Delhi,completed,,
TXN-D5C3AE66874C,2026-08-08 03:45:01,ACC-0393,ACC-0180,20758.82,INR,IMPS,transfer,shopping,Delhi,completed,,
TXN-S009-OUT-001,2026-08-08 04:00:00,ACC-0224,ACC-0244,108933.85,INR,UPI,transfer,,Ahmedabad,completed,SCENARIO-009,synthetic_suspicious_pattern
TXN-EC5441BE834B,2026-08-08 04:23:18,ACC-0506,ACC-0167,11841.27,INR,UPI,transfer,fuel,Pune,completed,,
TXN-5E1E3A5DCB11,2026-08-08 04:24:01,ACC-0493,ACC-0518,11713.64,INR,NEFT,transfer,,Kolkata,completed,,
TXN-S009-OUT-002,2026-08-08 04:30:00,ACC-0224,ACC-0245,86293.15,INR,RTGS,transfer,,Ahmedabad,completed,SCENARIO-009,synthetic_suspicious_pattern
TXN-C7973583F51A,2026-08-08 04:51:46,ACC-0591,ACC-0385,10118.57,INR,UPI,transfer,fuel,Kolkata,completed,,
TXN-FAD870C3AD10,2026-08-08 04:52:17,ACC-0572,ACC-0331,24953.13,INR,UPI,transfer,groceries,Ahmedabad,completed,,
TXN-S009-OUT-003,2026-08-08 05:00:00,ACC-0224,ACC-0246,127828.33,INR,NEFT,transfer,,Ahmedabad,completed,SCENARIO-009,synthetic_suspicious_pattern
TXN-2EE3A4FD34F3,2026-08-08 05:05:25,ACC-0426,ACC-0518,19810.52,INR,UPI,transfer,medical,Kolkata,completed,,
TXN-0D59B1BB9D31,2026-08-08 05:10:33,ACC-0380,ACC-0582,11648.39,INR,IMPS,transfer,groceries,Hyderabad,completed,,
TXN-3BD40EBDF109,2026-08-08 05:11:11,ACC-0175,ACC-0556,23133.56,INR,UPI,transfer,,Pune,completed,,
TXN-AF5810123E95,2026-08-08 05:28:40,ACC-0217,ACC-0285,17633.71,INR,NEFT,transfer,rent,Ahmedabad,completed,,
TXN-4E8C01636F1F,2026-08-08 05:29:09,ACC-0513,ACC-0472,11740.39,INR,UPI,transfer,,Pune,completed,,
TXN-S009-OUT-004,2026-08-08 05:30:00,ACC-0224,ACC-0247,138847.86,INR,IMPS,transfer,,Ahmedabad,completed,SCENARIO-009,synthetic_suspicious_pattern
TXN-0ED606DF9B25,2026-08-08 05:41:56,ACC-0378,ACC-0553,15585.64,INR,IMPS,transfer,,Delhi,completed,,
TXN-66417B90E035,2026-08-08 05:49:41,ACC-0349,ACC-0247,19376.41,INR,UPI,transfer,shopping,Chennai,completed,,
TXN-C872B55B07B2,2026-08-08 05:55:46,ACC-0524,ACC-0506,19163.11,INR,NEFT,transfer,shopping,Mumbai,completed,,
TXN-S009-OUT-005,2026-08-08 06:00:00,ACC-0224,ACC-0248,159489.47,INR,UPI,transfer,,Ahmedabad,completed,SCENARIO-009,synthetic_suspicious_pattern
TXN-7FE5E4A6BBA1,2026-08-08 06:07:26,ACC-0156,ACC-0223,19671.4,INR,NEFT,transfer,rent,Mumbai,completed,,
TXN-E0EBBA955D70,2026-08-08 06:21:10,ACC-0306,ACC-0228,12158.63,INR,UPI,transfer,,Ahmedabad,completed,,
TXN-DA2E8C3F3EB9,2026-08-08 06:21:24,ACC-0446,ACC-0571,13446.13,INR,RTGS,transfer,medical,Bangalore,completed,,
TXN-5128DB3A13C9,2026-08-08 06:27:01,ACC-0114,ACC-0157,18768.15,INR,NEFT,transfer,groceries,Pune,completed,,
TXN-F93716380643,2026-08-08 06:28:27,ACC-0378,ACC-0179,20738.54,INR,UPI,transfer,rent,Pune,completed,,
TXN-1051B6EC6AEC,2026-08-08 06:34:17,ACC-0169,ACC-0559,20770.39,INR,NEFT,transfer,,Kolkata,completed,,
TXN-A17D8E715D28,2026-08-08 06:40:18,ACC-0536,ACC-0577,9853.96,INR,NEFT,transfer,utilities,Bangalore,completed,,
TXN-57A06A31FD48,2026-08-08 06:59:54,ACC-0371,ACC-0451,16600.62,INR,UPI,transfer,rent,Pune,completed,,
TXN-0B85B75B6DED,2026-08-08 07:15:02,ACC-0579,ACC-0592,15620.89,INR,CASH,transfer,medical,Mumbai,completed,,
TXN-AEC2B0EF59DC,2026-08-08 07:18:39,ACC-0553,ACC-0294,41116.45,INR,UPI,transfer,,Hyderabad,completed,,
TXN-EC23FA27D3B1,2026-08-08 07:22:08,ACC-0222,ACC-0341,122394.69,INR,IMPS,transfer,,Chennai,completed,,
TXN-990BF1FF9417,2026-08-08 07:24:26,ACC-0165,ACC-0390,28660.01,INR,RTGS,transfer,,Pune,completed,,
TXN-A14ABB0FDFFE,2026-08-08 07:32:11,ACC-0385,ACC-0440,52660.57,INR,RTGS,transfer,,Ahmedabad,completed,,
TXN-3BC70B9B1701,2026-08-08 07:37:28,ACC-0291,ACC-0395,592.97,INR,UPI,transfer,shopping,Kolkata,completed,,
TXN-70AD3E1F9006,2026-08-08 07:41:47,ACC-0316,ACC-0128,3783.71,INR,NEFT,transfer,shopping,Bangalore,completed,,
TXN-73C7E0BE7C61,2026-08-08 07:46:23,ACC-0378,ACC-0475,18033.46,INR,CASH,transfer,medical,Bangalore,completed,,
TXN-47BE72181054,2026-08-08 07:47:10,ACC-0216,ACC-0586,13853.67,INR,UPI,transfer,medical,Mumbai,completed,,
TXN-0529C061F3B9,2026-08-08 07:51:29,ACC-0116,ACC-0310,7018.56,INR,UPI,transfer,,Kolkata,completed,,
TXN-B3D67360AF03,2026-08-08 07:59:13,ACC-0135,ACC-0365,11024.96,INR,NEFT,transfer,fuel,Delhi,completed,,
TXN-DD3448CB2B20,2026-08-08 07:59:46,ACC-0386,ACC-0375,12298.59,INR,UPI,transfer,restaurant,Mumbai,completed,,
TXN-BC5660E2B71E,2026-08-08 08:00:24,ACC-0289,ACC-0104,13656.07,INR,UPI,transfer,subscription,Kolkata,completed,,
TXN-A77138805450,2026-08-08 08:00:29,ACC-0560,ACC-0385,12212.58,INR,NEFT,transfer,,Mumbai,completed,,
TXN-9F56F50DD321,2026-08-08 08:00:35,ACC-0163,ACC-0528,14554.76,INR,UPI,transfer,fuel,Chennai,completed,,
TXN-E85539914C4C,2026-08-08 08:21:06,ACC-0488,ACC-0369,19613.51,INR,RTGS,transfer,,Delhi,completed,,
TXN-6D07DE3C6D57,2026-08-08 08:22:37,ACC-0381,ACC-0522,13921.41,INR,UPI,transfer,subscription,Mumbai,completed,,
TXN-52A38B0FE948,2026-08-08 08:34:32,ACC-0530,ACC-0292,17148.62,INR,NEFT,transfer,rent,Chennai,completed,,
TXN-C11C4C9B5F89,2026-08-08 08:46:40,ACC-0237,ACC-0526,23251.45,INR,IMPS,transfer,utilities,Chennai,completed,,
TXN-AD92B51914CF,2026-08-08 08:48:42,ACC-0100,ACC-0440,1838.16,INR,RTGS,transfer,medical,Ahmedabad,completed,,
TXN-BD22F3BB055B,2026-08-08 08:50:04,ACC-0474,ACC-0466,15311.06,INR,RTGS,transfer,rent,Mumbai,completed,,
TXN-85C419B96AD7,2026-08-08 08:51:45,ACC-0515,ACC-0493,15951.99,INR,NEFT,transfer,medical,Pune,completed,,
TXN-8FA30E7867B8,2026-08-08 08:53:50,ACC-0319,ACC-0129,20384.48,INR,CASH,transfer,shopping,Kolkata,completed,,
TXN-81F8C02E53CC,2026-08-08 08:54:07,ACC-0303,ACC-0445,12739.01,INR,UPI,transfer,subscription,Ahmedabad,completed,,
TXN-D00834358745,2026-08-08 08:57:39,ACC-0444,ACC-0501,12638.77,INR,UPI,transfer,shopping,Mumbai,completed,,
TXN-336DC4684169,2026-08-08 09:00:41,ACC-0404,ACC-0155,23841.22,INR,UPI,transfer,rent,Mumbai,completed,,
TXN-FD7DEDCE05D8,2026-08-08 09:06:05,ACC-0118,ACC-0426,18925.42,INR,IMPS,transfer,groceries,Mumbai,completed,,
TXN-A29074A9EA5E,2026-08-08 09:08:30,ACC-0446,ACC-0567,12591.68,INR,IMPS,transfer,subscription,Hyderabad,completed,,
TXN-1F366A2FD42E,2026-08-08 09:13:57,ACC-0498,ACC-0369,48608.89,INR,UPI,transfer,restaurant,Delhi,completed,,
TXN-1E824CF75829,2026-08-08 09:17:17,ACC-0185,ACC-0425,11306.59,INR,UPI,transfer,,Kolkata,completed,,
TXN-5C9DF7443946,2026-08-08 09:19:52,ACC-0475,ACC-0541,55007.64,INR,RTGS,transfer,subscription,Kolkata,completed,,
TXN-B91D107111F1,2026-08-08 09:23:17,ACC-0478,ACC-0447,17479.9,INR,UPI,transfer,,Mumbai,completed,,
TXN-65ED2583E355,2026-08-08 09:26:34,ACC-0542,ACC-0307,24384.28,INR,UPI,transfer,shopping,Pune,completed,,
TXN-406A7C8F4170,2026-08-08 09:45:08,ACC-0478,ACC-0129,16329.99,INR,UPI,transfer,groceries,Kolkata,completed,,
TXN-857F3CA7EA16,2026-08-08 09:55:20,ACC-0369,ACC-0367,12926.24,INR,NEFT,transfer,shopping,Kolkata,completed,,
TXN-2B8A46EAE45F,2026-08-08 09:55:35,ACC-0401,ACC-0232,989.26,INR,NEFT,transfer,restaurant,Ahmedabad,completed,,
TXN-C88AE9A6E202,2026-08-08 09:59:46,ACC-0565,ACC-0134,23005.55,INR,NEFT,transfer,,Mumbai,completed,,
TXN-F13EC75198EF,2026-08-08 10:06:38,ACC-0561,ACC-0159,21971.95,INR,UPI,transfer,subscription,Chennai,completed,,
TXN-5CF65132250A,2026-08-08 10:22:16,ACC-0584,ACC-0270,7323.13,INR,IMPS,transfer,,Hyderabad,completed,,
TXN-78C47D59EDD2,2026-08-08 10:22:39,ACC-0367,ACC-0471,11485.06,INR,IMPS,transfer,,Delhi,completed,,
TXN-78BD7CDE6897,2026-08-08 10:22:51,ACC-0455,ACC-0139,27966.21,INR,RTGS,transfer,medical,Hyderabad,completed,,
TXN-00FD8F735A95,2026-08-08 10:48:24,ACC-0282,ACC-0397,23816.01,INR,CASH,transfer,shopping,Chennai,completed,,
TXN-7DE7A36541A3,2026-08-08 10:49:55,ACC-0493,ACC-0232,12129.17,INR,UPI,transfer,subscription,Kolkata,completed,,
TXN-C9200E4CE82C,2026-08-08 10:52:24,ACC-0124,ACC-0487,13716.5,INR,UPI,transfer,fuel,Pune,completed,,
TXN-1FFB1EC42C8F,2026-08-08 11:13:01,ACC-0136,ACC-0262,11851.24,INR,UPI,transfer,fuel,Ahmedabad,completed,,
TXN-A92AF81CA8C0,2026-08-08 11:27:43,ACC-0125,ACC-0127,17856.79,INR,UPI,transfer,groceries,Kolkata,completed,,
TXN-844D9E0F1644,2026-08-08 11:28:30,ACC-0194,ACC-0119,15884.35,INR,NEFT,transfer,fuel,Kolkata,completed,,
TXN-B212D20F68FB,2026-08-08 11:40:22,ACC-0521,ACC-0387,19360.25,INR,UPI,transfer,utilities,Delhi,completed,,
TXN-B76F91538B2C,2026-08-08 11:59:19,ACC-0521,ACC-0430,17212.91,INR,NEFT,transfer,subscription,Kolkata,completed,,
TXN-3241EA65E844,2026-08-08 12:02:03,ACC-0104,ACC-0139,18960.8,INR,NEFT,transfer,,Chennai,completed,,
TXN-DC911F9FB2F1,2026-08-08 12:06:06,ACC-0165,ACC-0445,22344.66,INR,UPI,transfer,subscription,Ahmedabad,completed,,
TXN-FE755AB54CE2,2026-08-08 12:10:16,ACC-0539,ACC-0529,21703.55,INR,IMPS,transfer,medical,Kolkata,completed,,
TXN-59B3C1C7E6FA,2026-08-08 12:10:26,ACC-0340,ACC-0459,15845.82,INR,CASH,transfer,rent,Chennai,completed,,
TXN-090EA8B98AE1,2026-08-08 12:28:28,ACC-0460,ACC-0584,23379.66,INR,NEFT,transfer,,Kolkata,completed,,
TXN-17C75FAEBE09,2026-08-08 12:32:53,ACC-0140,ACC-0577,22370.12,INR,RTGS,transfer,medical,Kolkata,completed,,
TXN-6D52727BA824,2026-08-08 12:36:46,ACC-0317,ACC-0153,19309.49,INR,UPI,transfer,restaurant,Ahmedabad,completed,,
TXN-64764EB68121,2026-08-08 12:38:18,ACC-0124,ACC-0144,17656.29,INR,UPI,transfer,restaurant,Mumbai,completed,,
TXN-C8B8F8CCA847,2026-08-08 12:42:30,ACC-0146,ACC-0253,13844.99,INR,UPI,transfer,,Delhi,completed,,
TXN-9C90CA779B6F,2026-08-08 12:56:26,ACC-0422,ACC-0419,26848.16,INR,UPI,transfer,fuel,Kolkata,completed,,
TXN-3F11FDC375E8,2026-08-08 13:04:54,ACC-0383,ACC-0475,17939.69,INR,NEFT,transfer,utilities,Delhi,completed,,
TXN-7C3315D72B3A,2026-08-08 13:08:00,ACC-0356,ACC-0404,14949.04,INR,CASH,transfer,shopping,Bangalore,completed,,
TXN-5E8ECF574916,2026-08-08 13:24:23,ACC-0478,ACC-0248,16976.83,INR,UPI,transfer,utilities,Delhi,completed,,
TXN-A82D6C03ABEC,2026-08-08 13:35:18,ACC-0161,ACC-0334,21830.75,INR,NEFT,transfer,restaurant,Kolkata,completed,,
TXN-26A4764833CD,2026-08-08 13:39:03,ACC-0333,ACC-0476,11394.53,INR,UPI,transfer,medical,Chennai,completed,,
TXN-08F0ADB3E628,2026-08-08 13:57:02,ACC-0161,ACC-0554,24141.77,INR,UPI,transfer,medical,Ahmedabad,completed,,
TXN-C40AB3C7D075,2026-08-08 14:15:53,ACC-0450,ACC-0169,35545.55,INR,UPI,transfer,shopping,Mumbai,completed,,
TXN-245A1CA78668,2026-08-08 14:19:36,ACC-0478,ACC-0447,14416.84,INR,RTGS,transfer,,Ahmedabad,completed,,
TXN-BF74B5BF140D,2026-08-08 14:25:22,ACC-0534,ACC-0575,12430.99,INR,UPI,transfer,medical,Bangalore,completed,,
TXN-33300250D596,2026-08-08 14:34:37,ACC-0147,ACC-0112,11082.35,INR,NEFT,transfer,restaurant,Kolkata,completed,,
TXN-92408A879816,2026-08-08 14:52:12,ACC-0481,ACC-0429,21376.22,INR,RTGS,transfer,utilities,Mumbai,completed,,
TXN-65E5643EF113,2026-08-08 14:59:43,ACC-0187,ACC-0549,71705.18,INR,UPI,transfer,medical,Ahmedabad,completed,,
TXN-BA9AEDFB0B45,2026-08-08 15:16:17,ACC-0254,ACC-0413,12398.82,INR,NEFT,transfer,medical,Chennai,completed,,
TXN-4CA5601B8E0B,2026-08-08 15:25:21,ACC-0195,ACC-0105,18346.14,INR,UPI,transfer,fuel,Hyderabad,completed,,
TXN-824DD3A122CC,2026-08-08 15:27:24,ACC-0264,ACC-0336,5575.14,INR,UPI,transfer,fuel,Delhi,completed,,
TXN-AF843F12D56E,2026-08-08 15:36:16,ACC-0273,ACC-0433,14082.22,INR,UPI,transfer,groceries,Bangalore,completed,,
TXN-BA6516308979,2026-08-08 15:45:56,ACC-0189,ACC-0511,21245.23,INR,NEFT,transfer,medical,Pune,completed,,
TXN-77BC6A6B87DF,2026-08-08 15:51:48,ACC-0482,ACC-0363,6579.58,INR,RTGS,transfer,shopping,Ahmedabad,completed,,
TXN-B6D426361A0C,2026-08-08 15:51:50,ACC-0103,ACC-0554,12333.2,INR,UPI,transfer,groceries,Mumbai,completed,,
TXN-2760A5F7CA40,2026-08-08 16:10:25,ACC-0378,ACC-0528,26955.6,INR,UPI,transfer,,Mumbai,completed,,
TXN-354391A655B0,2026-08-08 16:11:20,ACC-0306,ACC-0206,12733.88,INR,UPI,transfer,fuel,Bangalore,completed,,
TXN-46045B6796C8,2026-08-08 16:14:36,ACC-0461,ACC-0318,23481.42,INR,UPI,transfer,rent,Delhi,completed,,
TXN-82AA58E279B1,2026-08-08 16:14:51,ACC-0251,ACC-0446,15074.72,INR,UPI,transfer,restaurant,Hyderabad,completed,,
TXN-EBC9BB7C1823,2026-08-08 16:16:35,ACC-0526,ACC-0442,16735.13,INR,UPI,transfer,subscription,Chennai,completed,,
TXN-AA2384BC9D79,2026-08-08 16:28:03,ACC-0392,ACC-0578,17815.83,INR,UPI,transfer,rent,Bangalore,completed,,
TXN-754FC327E623,2026-08-08 16:31:16,ACC-0387,ACC-0258,22927.82,INR,NEFT,transfer,shopping,Hyderabad,completed,,
TXN-3BF0776C7AB3,2026-08-08 16:44:36,ACC-0139,ACC-0533,3346.95,INR,UPI,transfer,utilities,Ahmedabad,completed,,
TXN-8D3A8E6BEB28,2026-08-08 16:45:54,ACC-0494,ACC-0582,20998.19,INR,NEFT,transfer,groceries,Bangalore,completed,,
TXN-CD28909277AD,2026-08-08 16:57:37,ACC-0328,ACC-0349,7193.49,INR,NEFT,transfer,groceries,Ahmedabad,completed,,
TXN-9A106E8BE75B,2026-08-08 17:15:03,ACC-0425,ACC-0245,17352.85,INR,UPI,transfer,,Ahmedabad,completed,,
TXN-21BD0DA816F4,2026-08-08 17:21:45,ACC-0290,ACC-0183,11105.38,INR,NEFT,transfer,medical,Mumbai,completed,,
TXN-803136044ECA,2026-08-08 18:47:33,ACC-0592,ACC-0330,24484.12,INR,NEFT,transfer,,Pune,completed,,
TXN-39CAE44857BD,2026-08-08 18:49:54,ACC-0151,ACC-0387,81883.71,INR,IMPS,transfer,,Hyderabad,completed,,
TXN-2CAC1C3220D5,2026-08-08 19:03:10,ACC-0244,ACC-0104,12325.16,INR,IMPS,transfer,,Chennai,completed,,
TXN-E2B1B6CEF2E0,2026-08-08 19:07:34,ACC-0537,ACC-0591,15155.23,INR,UPI,transfer,rent,Hyderabad,completed,,
TXN-7B3F5C83DF7A,2026-08-08 19:07:47,ACC-0397,ACC-0262,7626.93,INR,UPI,transfer,,Ahmedabad,completed,,
TXN-811D6A33C6C9,2026-08-08 19:16:52,ACC-0274,ACC-0176,1958.92,INR,IMPS,transfer,,Chennai,completed,,
TXN-9297FC0C81E3,2026-08-08 19:18:01,ACC-0189,ACC-0196,9212.45,INR,CASH,transfer,,Mumbai,completed,,
TXN-F2D48775EEAE,2026-08-08 19:51:02,ACC-0162,ACC-0332,17878.97,INR,NEFT,transfer,medical,Pune,completed,,
TXN-9434B9C41459,2026-08-08 20:00:48,ACC-0543,ACC-0483,25307.38,INR,UPI,transfer,restaurant,Bangalore,completed,,
TXN-3C24EC6F6650,2026-08-08 20:14:18,ACC-0279,ACC-0268,13200.61,INR,IMPS,transfer,,Kolkata,completed,,
TXN-53799F471A76,2026-08-08 20:17:32,ACC-0180,ACC-0193,22003.33,INR,RTGS,transfer,utilities,Pune,completed,,
TXN-84BCDCAD7066,2026-08-08 20:19:11,ACC-0192,ACC-0517,106726.86,INR,UPI,transfer,fuel,Delhi,completed,,
TXN-66588FC93E5E,2026-08-08 20:24:29,ACC-0545,ACC-0540,16738.5,INR,NEFT,transfer,medical,Chennai,completed,,
TXN-BF091B53E8F2,2026-08-08 21:06:39,ACC-0270,ACC-0401,8970.11,INR,IMPS,transfer,medical,Chennai,completed,,
TXN-2CAA98427ABD,2026-08-08 21:19:00,ACC-0262,ACC-0205,21794.54,INR,IMPS,transfer,,Mumbai,completed,,
TXN-2AE3E0AD4E49,2026-08-08 21:19:50,ACC-0561,ACC-0383,22019.95,INR,UPI,transfer,fuel,Bangalore,completed,,
TXN-7C5045E72C24,2026-08-08 21:36:59,ACC-0478,ACC-0337,14707.64,INR,IMPS,transfer,utilities,Bangalore,completed,,
TXN-6F328BC7F674,2026-08-08 21:46:41,ACC-0201,ACC-0365,12268.04,INR,UPI,transfer,medical,Delhi,completed,,
TXN-86FAE6D14AD0,2026-08-08 21:58:17,ACC-0502,ACC-0204,24501.74,INR,UPI,transfer,fuel,Delhi,completed,,
TXN-41891CE4EDBE,2026-08-08 22:11:32,ACC-0489,ACC-0151,13682.79,INR,UPI,transfer,,Pune,completed,,
TXN-A1109DF6E9B0,2026-08-08 22:13:59,ACC-0153,ACC-0330,22416.48,INR,RTGS,transfer,restaurant,Kolkata,completed,,
TXN-7E652A20D24A,2026-08-08 22:16:37,ACC-0350,ACC-0533,16290.59,INR,UPI,transfer,,Kolkata,completed,,
TXN-97CB1CB7AD7A,2026-08-08 22:27:26,ACC-0141,ACC-0285,8372.05,INR,IMPS,transfer,fuel,Kolkata,completed,,
TXN-C02158BFAF39,2026-08-08 22:27:31,ACC-0418,ACC-0321,2345.13,INR,NEFT,transfer,groceries,Hyderabad,completed,,
TXN-3FF221DB7429,2026-08-08 22:28:48,ACC-0570,ACC-0371,7237.79,INR,UPI,transfer,fuel,Bangalore,completed,,
TXN-DDC25124B4F7,2026-08-08 22:29:00,ACC-0205,ACC-0173,2002.42,INR,UPI,transfer,shopping,Delhi,completed,,
TXN-3E7F48A246D1,2026-08-08 22:31:50,ACC-0180,ACC-0414,15633.5,INR,IMPS,transfer,rent,Hyderabad,completed,,
TXN-59DD9CD1CC79,2026-08-08 22:33:23,ACC-0451,ACC-0371,12499.31,INR,UPI,transfer,restaurant,Kolkata,completed,,
TXN-596DF19B3B49,2026-08-08 22:59:13,ACC-0449,ACC-0254,22052.42,INR,IMPS,transfer,restaurant,Ahmedabad,completed,,
TXN-8050D55CFF32,2026-08-08 23:27:16,ACC-0334,ACC-0470,21885.66,INR,UPI,transfer,,Kolkata,completed,,
TXN-A759468561A7,2026-08-08 23:37:17,ACC-0361,ACC-0535,16618.32,INR,RTGS,transfer,rent,Delhi,completed,,
TXN-25792DEC75F9,2026-08-08 23:41:36,ACC-0346,ACC-0355,13418.41,INR,UPI,transfer,utilities,Hyderabad,completed,,
TXN-F581D8A1A680,2026-08-08 23:47:46,ACC-0133,ACC-0131,19561.56,INR,RTGS,transfer,medical,Mumbai,completed,,
TXN-0AFA39AF625D,2026-08-08 23:47:52,ACC-0551,ACC-0500,15049.35,INR,IMPS,transfer,subscription,Bangalore,completed,,
TXN-AB15B234129F,2026-08-08 23:50:02,ACC-D-001,ACC-0224,18067.25,INR,NEFT,transfer,fuel,Kolkata,completed,,
TXN-E1E5538D68C7,2026-08-09 00:00:09,ACC-0380,ACC-0557,10704.18,INR,UPI,transfer,medical,Ahmedabad,completed,,
TXN-A245DA454B48,2026-08-09 00:02:44,ACC-0588,ACC-0537,53790.77,INR,UPI,transfer,,Chennai,completed,,
TXN-384951C954CA,2026-08-09 00:05:33,ACC-0484,ACC-0164,9839.92,INR,NEFT,transfer,subscription,Ahmedabad,completed,,
TXN-3E892A73F7E7,2026-08-09 00:23:52,ACC-0303,ACC-0310,10874.52,INR,CASH,transfer,,Ahmedabad,completed,,
TXN-0CA7B730CA90,2026-08-09 00:30:53,ACC-0515,ACC-0331,37553.3,INR,UPI,transfer,utilities,Mumbai,completed,,
TXN-2568E053C268,2026-08-09 00:47:02,ACC-0218,ACC-0591,11225.14,INR,IMPS,transfer,medical,Hyderabad,completed,,
TXN-96877A2CEA95,2026-08-09 00:56:01,ACC-0315,ACC-0550,721.05,INR,IMPS,transfer,fuel,Hyderabad,completed,,
TXN-53E4F414ED80,2026-08-09 01:20:52,ACC-0173,ACC-0434,15108.42,INR,IMPS,transfer,shopping,Chennai,completed,,
TXN-2E63AA0C1A01,2026-08-09 01:29:00,ACC-0326,ACC-A-001,20286.26,INR,UPI,transfer,rent,Mumbai,completed,,
TXN-3DD6CD2AE72B,2026-08-09 01:34:11,ACC-0482,ACC-0349,13438.87,INR,RTGS,transfer,utilities,Pune,completed,,
TXN-9C4E1E665FF9,2026-08-09 01:37:58,ACC-0225,ACC-0401,10803.48,INR,UPI,transfer,,Pune,completed,,
TXN-33F4A0054E12,2026-08-09 01:40:18,ACC-0391,ACC-0252,28398.89,INR,RTGS,transfer,,Hyderabad,completed,,
TXN-17C2F8A366CA,2026-08-09 02:22:07,ACC-0252,ACC-0567,24385.88,INR,UPI,transfer,utilities,Bangalore,completed,,
TXN-C3CF624383A2,2026-08-09 02:22:31,ACC-0253,ACC-0571,25273.21,INR,UPI,transfer,fuel,Delhi,completed,,
TXN-05F521B40470,2026-08-09 02:40:29,ACC-0388,ACC-0457,63833.26,INR,IMPS,transfer,,Hyderabad,completed,,
TXN-E841C2848C4B,2026-08-09 02:49:24,ACC-0123,ACC-0216,11557.58,INR,IMPS,transfer,,Mumbai,completed,,
TXN-099F33CC40A0,2026-08-09 02:50:01,ACC-0561,ACC-0381,15519.81,INR,UPI,transfer,,Chennai,completed,,
TXN-8A8183B395FD,2026-08-09 03:10:59,ACC-0581,ACC-0262,20354.63,INR,UPI,transfer,,Delhi,completed,,
TXN-C7611B9661F4,2026-08-09 03:13:35,ACC-0143,ACC-0564,9044.84,INR,RTGS,transfer,,Pune,completed,,
TXN-450769D5A992,2026-08-09 03:15:56,ACC-0242,ACC-0231,13266.25,INR,UPI,transfer,medical,Mumbai,completed,,
TXN-83CFB3082FDC,2026-08-09 03:26:46,ACC-0169,ACC-0359,25682.02,INR,RTGS,transfer,restaurant,Bangalore,completed,,
TXN-48B58BFF752C,2026-08-09 03:32:55,ACC-0468,ACC-0113,31391.38,INR,UPI,transfer,restaurant,Hyderabad,completed,,
TXN-F5A854970616,2026-08-09 03:39:26,ACC-0557,ACC-0222,17434.05,INR,UPI,transfer,fuel,Pune,completed,,
TXN-8E9CAB7BA9E6,2026-08-09 03:55:50,ACC-0431,ACC-0162,9192.5,INR,IMPS,transfer,subscription,Ahmedabad,completed,,
TXN-28457314DDAC,2026-08-09 04:06:58,ACC-0569,ACC-0432,21240.0,INR,UPI,transfer,utilities,Kolkata,completed,,
TXN-59A93CB25D06,2026-08-09 04:16:42,ACC-0191,ACC-0507,16448.92,INR,RTGS,transfer,restaurant,Kolkata,completed,,
TXN-B3316AE3ED16,2026-08-09 04:20:51,ACC-0558,ACC-0119,22490.84,INR,IMPS,transfer,,Delhi,completed,,
TXN-D650104C418C,2026-08-09 04:33:07,ACC-0226,ACC-0281,17307.25,INR,RTGS,transfer,,Kolkata,completed,,
TXN-7BF1FF6D5A0B,2026-08-09 04:37:49,ACC-0163,ACC-0376,12463.57,INR,IMPS,transfer,shopping,Hyderabad,completed,,
TXN-625B29DD7313,2026-08-09 04:40:25,ACC-0257,ACC-0171,12287.37,INR,NEFT,transfer,medical,Hyderabad,completed,,
TXN-2E62A7294F1A,2026-08-09 04:43:10,ACC-0338,ACC-0224,14129.9,INR,UPI,transfer,subscription,Mumbai,completed,,
TXN-0F01007F537F,2026-08-09 04:43:11,ACC-0357,ACC-0506,53214.96,INR,UPI,transfer,groceries,Hyderabad,completed,,
TXN-3F857C64057E,2026-08-09 05:06:11,ACC-0554,ACC-0182,34077.55,INR,UPI,transfer,fuel,Mumbai,completed,,
TXN-2FC845224241,2026-08-09 05:18:00,ACC-0532,ACC-0176,15797.51,INR,UPI,transfer,medical,Bangalore,completed,,
TXN-C7ED1A0F1E3F,2026-08-09 05:21:08,ACC-0318,ACC-0479,17792.57,INR,UPI,transfer,medical,Kolkata,completed,,
TXN-04FA07A3CCE0,2026-08-09 05:28:47,ACC-0325,ACC-C-001,21923.63,INR,UPI,transfer,medical,Kolkata,completed,,
TXN-ED90EA7A223B,2026-08-09 05:37:14,ACC-0105,ACC-0579,44326.0,INR,UPI,transfer,,Kolkata,completed,,
TXN-2C1FE3B9016A,2026-08-09 05:38:12,ACC-0359,ACC-0405,19106.15,INR,UPI,transfer,medical,Hyderabad,completed,,
TXN-9758DA2D000C,2026-08-09 05:49:31,ACC-0471,ACC-0585,18677.2,INR,UPI,transfer,medical,Mumbai,completed,,
TXN-8AEA668B9204,2026-08-09 06:07:20,ACC-0183,ACC-0137,72672.0,INR,RTGS,transfer,,Chennai,completed,,
TXN-4CD092CC2EC2,2026-08-09 06:37:49,ACC-0140,ACC-0555,23290.18,INR,UPI,transfer,groceries,Ahmedabad,completed,,
TXN-54FA05CE19EE,2026-08-09 06:42:39,ACC-0260,ACC-0439,17692.43,INR,NEFT,transfer,subscription,Delhi,completed,,
TXN-C742F3347F91,2026-08-09 06:52:51,ACC-0404,ACC-0369,17425.93,INR,UPI,transfer,utilities,Mumbai,completed,,
TXN-7E36D0ECD702,2026-08-09 07:14:17,ACC-0540,ACC-0421,25070.61,INR,UPI,transfer,medical,Kolkata,completed,,
TXN-753CD8635312,2026-08-09 07:21:38,ACC-0555,ACC-0529,25244.67,INR,UPI,transfer,groceries,Chennai,completed,,
TXN-DF7B77917538,2026-08-09 07:30:49,ACC-0345,ACC-0187,22867.2,INR,UPI,transfer,shopping,Bangalore,completed,,
TXN-F7906DF1EC8B,2026-08-09 07:48:06,ACC-0557,ACC-0455,11855.12,INR,RTGS,transfer,medical,Hyderabad,completed,,
TXN-4AAE9BF18B38,2026-08-09 07:48:07,ACC-0428,ACC-0539,38515.93,INR,UPI,transfer,,Chennai,completed,,
TXN-S003-001,2026-08-09 08:00:00,ACC-0154,ACC-0114,132582.72,INR,UPI,transfer,,Delhi,completed,SCENARIO-003,synthetic_suspicious_pattern
TXN-5AEE95A3ED13,2026-08-09 08:00:36,ACC-0280,ACC-0299,16531.48,INR,NEFT,transfer,subscription,Kolkata,completed,,
TXN-292237782519,2026-08-09 08:08:04,ACC-0466,ACC-0500,10306.42,INR,NEFT,transfer,rent,Kolkata,completed,,
TXN-62A4CAEC0B27,2026-08-09 08:08:26,ACC-0203,ACC-0141,81799.21,INR,NEFT,transfer,,Pune,completed,,
TXN-8B9C8E6EA25A,2026-08-09 08:41:31,ACC-0137,ACC-0387,83407.25,INR,IMPS,transfer,restaurant,Pune,completed,,
TXN-477A6340597D,2026-08-09 08:41:48,ACC-0194,ACC-0260,12847.26,INR,UPI,transfer,groceries,Delhi,completed,,
TXN-DCE783738223,2026-08-09 08:53:04,ACC-0543,ACC-0439,31931.41,INR,IMPS,transfer,utilities,Delhi,completed,,
TXN-49063F1196FF,2026-08-09 08:57:49,ACC-0276,ACC-0313,17897.48,INR,UPI,transfer,medical,Ahmedabad,completed,,
TXN-94F243980500,2026-08-09 08:58:28,ACC-0438,ACC-0184,73630.11,INR,RTGS,transfer,fuel,Kolkata,completed,,
TXN-111FC408D1FF,2026-08-09 09:00:44,ACC-0147,ACC-0508,12828.45,INR,IMPS,transfer,medical,Chennai,completed,,
TXN-545755801B68,2026-08-09 09:06:21,ACC-0116,ACC-0307,17347.85,INR,UPI,transfer,restaurant,Pune,completed,,
TXN-5F1EE28412ED,2026-08-09 09:12:14,ACC-0265,ACC-0282,5255.52,INR,IMPS,transfer,medical,Kolkata,completed,,
TXN-E58BA4D3975A,2026-08-09 09:15:24,ACC-0381,ACC-0562,11417.48,INR,RTGS,transfer,fuel,Chennai,completed,,
TXN-5E526841243F,2026-08-09 09:19:56,ACC-0563,ACC-0202,7693.1,INR,NEFT,transfer,groceries,Bangalore,completed,,
TXN-BA4A9CFED7BE,2026-08-09 09:26:41,ACC-0525,ACC-0350,3399.46,INR,NEFT,transfer,utilities,Hyderabad,completed,,
TXN-6219FCCE4DAA,2026-08-09 09:28:28,ACC-0227,ACC-0279,19711.96,INR,IMPS,transfer,subscription,Delhi,completed,,
TXN-B7601D53D812,2026-08-09 09:39:53,ACC-0573,ACC-0113,70815.61,INR,NEFT,transfer,,Bangalore,completed,,
TXN-3CDCA9634671,2026-08-09 09:54:15,ACC-0589,ACC-0454,15089.57,INR,IMPS,transfer,utilities,Chennai,completed,,
TXN-S003-002,2026-08-09 10:00:00,ACC-0155,ACC-0114,125323.74,INR,UPI,transfer,,Delhi,completed,SCENARIO-003,synthetic_suspicious_pattern
TXN-2FB9FFE7604C,2026-08-09 10:01:20,ACC-0578,ACC-0153,12970.43,INR,CASH,transfer,,Hyderabad,completed,,
TXN-0E7F765146D7,2026-08-09 10:08:41,ACC-0126,ACC-0528,24621.95,INR,IMPS,transfer,,Bangalore,completed,,
TXN-1ABF83615E97,2026-08-09 10:13:44,ACC-0538,ACC-0411,19353.59,INR,UPI,transfer,medical,Chennai,completed,,
TXN-21EFDF6505FA,2026-08-09 10:14:47,ACC-0149,ACC-0110,27524.63,INR,NEFT,transfer,subscription,Delhi,completed,,
TXN-F3450A2708EB,2026-08-09 10:16:16,ACC-0366,ACC-0175,87634.17,INR,IMPS,transfer,utilities,Ahmedabad,completed,,
TXN-527DDE61D027,2026-08-09 10:20:39,ACC-0181,ACC-0159,22529.82,INR,UPI,transfer,subscription,Delhi,completed,,
TXN-CB6CA4F26FF0,2026-08-09 10:44:06,ACC-E-001,ACC-0436,13022.04,INR,UPI,transfer,medical,Kolkata,completed,,
TXN-6AD10B9CA6BC,2026-08-09 10:45:10,ACC-0430,ACC-0143,21900.67,INR,UPI,transfer,subscription,Bangalore,completed,,
TXN-FCF485E00872,2026-08-09 10:49:13,ACC-0315,ACC-0485,10729.51,INR,UPI,transfer,,Delhi,completed,,
TXN-194644CE68AF,2026-08-09 10:53:58,ACC-0249,ACC-0410,13244.21,INR,NEFT,transfer,shopping,Mumbai,completed,,
TXN-841F7627BCED,2026-08-09 10:55:07,ACC-0229,ACC-0580,18163.64,INR,UPI,transfer,rent,Delhi,completed,,
TXN-8DB6E95C9DA5,2026-08-09 10:59:07,ACC-0275,ACC-0569,8519.53,INR,UPI,transfer,fuel,Chennai,completed,,
TXN-F5DFACE8AAB1,2026-08-09 11:03:59,ACC-0502,ACC-0495,24636.3,INR,UPI,transfer,shopping,Mumbai,completed,,
TXN-BD38E695AB0F,2026-08-09 11:13:28,ACC-0137,ACC-0365,124338.6,INR,IMPS,transfer,medical,Delhi,completed,,
TXN-3C2408AE31FB,2026-08-09 11:25:37,ACC-0394,ACC-0364,38611.5,INR,IMPS,transfer,,Mumbai,completed,,
TXN-05AFF0BF3A1C,2026-08-09 11:33:07,ACC-0470,ACC-0575,10285.47,INR,IMPS,transfer,fuel,Ahmedabad,completed,,
TXN-18184A15616E,2026-08-09 11:43:54,ACC-0436,ACC-0471,22867.82,INR,UPI,transfer,utilities,Pune,completed,,
TXN-46AE5A18F0CB,2026-08-09 11:53:31,ACC-0423,ACC-0492,20335.31,INR,UPI,transfer,,Chennai,completed,,
TXN-S003-003,2026-08-09 12:00:00,ACC-0156,ACC-0114,88929.34,INR,UPI,transfer,,Delhi,completed,SCENARIO-003,synthetic_suspicious_pattern
TXN-28CD094C7B18,2026-08-09 12:01:54,ACC-0339,ACC-0349,22939.51,INR,RTGS,transfer,,Delhi,completed,,
TXN-24D8E7EFFCEA,2026-08-09 12:19:55,ACC-0145,ACC-0296,21549.49,INR,RTGS,transfer,subscription,Delhi,completed,,
TXN-02D043A419A1,2026-08-09 12:19:57,ACC-0514,ACC-0122,13120.94,INR,IMPS,transfer,utilities,Hyderabad,completed,,
TXN-3D4E1192C266,2026-08-09 12:22:06,ACC-0542,ACC-0152,35704.95,INR,UPI,transfer,restaurant,Kolkata,completed,,
TXN-B0CF366CF81C,2026-08-09 12:26:55,ACC-0222,ACC-0414,54341.55,INR,NEFT,transfer,,Bangalore,completed,,
TXN-602864E4C66D,2026-08-09 12:27:52,ACC-0388,ACC-C-001,106480.25,INR,RTGS,transfer,subscription,Ahmedabad,completed,,
TXN-B947EB5EDC49,2026-08-09 12:28:14,ACC-0201,ACC-0472,13162.73,INR,RTGS,transfer,,Hyderabad,completed,,
TXN-5CE1A22C90CC,2026-08-09 12:31:45,ACC-E-001,ACC-0172,13658.75,INR,UPI,transfer,rent,Ahmedabad,completed,,
TXN-C3EE0E590174,2026-08-09 12:45:35,ACC-0396,ACC-0195,20974.12,INR,NEFT,transfer,shopping,Ahmedabad,completed,,
TXN-EA124E7EB77B,2026-08-09 12:55:13,ACC-0185,ACC-0209,12772.57,INR,CASH,transfer,medical,Delhi,completed,,
TXN-6755481BBCFA,2026-08-09 13:21:52,ACC-0553,ACC-0328,29401.35,INR,IMPS,transfer,restaurant,Mumbai,completed,,
TXN-B58E261945E6,2026-08-09 13:26:40,ACC-0545,ACC-0103,19985.59,INR,IMPS,transfer,,Ahmedabad,completed,,
TXN-4B40AF44BDA4,2026-08-09 13:29:28,ACC-0453,ACC-0198,14757.28,INR,UPI,transfer,subscription,Bangalore,completed,,
TXN-0950121E8AA1,2026-08-09 13:43:36,ACC-0260,ACC-0584,24156.45,INR,CASH,transfer,,Kolkata,completed,,
TXN-47C727B89774,2026-08-09 13:44:36,ACC-0535,ACC-0431,12185.32,INR,IMPS,transfer,medical,Mumbai,completed,,
TXN-S003-004,2026-08-09 14:00:00,ACC-0157,ACC-0114,97531.98,INR,UPI,transfer,,Delhi,completed,SCENARIO-003,synthetic_suspicious_pattern
TXN-034D058B4336,2026-08-09 14:05:48,ACC-0307,ACC-0276,10171.07,INR,RTGS,transfer,,Delhi,completed,,
TXN-7734AE1A35E4,2026-08-09 14:08:06,ACC-0513,ACC-0419,11482.25,INR,RTGS,transfer,,Pune,completed,,
TXN-727748E708B3,2026-08-09 14:10:34,ACC-0372,ACC-0100,35944.94,INR,UPI,transfer,restaurant,Ahmedabad,completed,,
TXN-4210DD99C702,2026-08-09 14:20:44,ACC-0282,ACC-0120,16799.85,INR,NEFT,transfer,subscription,Ahmedabad,completed,,
TXN-8B993EF72F42,2026-08-09 14:22:32,ACC-0280,ACC-0186,22207.54,INR,UPI,transfer,utilities,Chennai,completed,,
TXN-6A276296A6EE,2026-08-09 14:38:10,ACC-0159,ACC-0495,11630.91,INR,UPI,transfer,utilities,Ahmedabad,completed,,
TXN-B3B1BB3E814E,2026-08-09 14:40:17,ACC-0556,ACC-0256,19278.08,INR,UPI,transfer,shopping,Delhi,completed,,
TXN-D1B1683BCC39,2026-08-09 15:08:17,ACC-0118,ACC-0383,21708.78,INR,IMPS,transfer,,Kolkata,completed,,
TXN-3BFF11A73B60,2026-08-09 15:12:50,ACC-0394,ACC-0196,23259.38,INR,UPI,transfer,utilities,Delhi,completed,,
TXN-153B3B46D178,2026-08-09 15:19:00,ACC-0457,ACC-0264,17289.02,INR,IMPS,transfer,,Ahmedabad,completed,,
TXN-20A61CB23209,2026-08-09 15:20:57,ACC-0257,ACC-0158,11653.05,INR,UPI,transfer,fuel,Kolkata,completed,,
TXN-DC21752E8A59,2026-08-09 15:30:28,ACC-0368,ACC-0105,16614.57,INR,NEFT,transfer,rent,Chennai,completed,,
TXN-43BCE6A13244,2026-08-09 15:31:24,ACC-0507,ACC-0484,17856.15,INR,NEFT,transfer,groceries,Delhi,completed,,
TXN-4444A52BE87C,2026-08-09 15:41:32,ACC-0197,ACC-0530,23704.71,INR,UPI,transfer,groceries,Chennai,completed,,
TXN-A51DB7EBC6A1,2026-08-09 15:45:09,ACC-0155,ACC-0452,3265.18,INR,NEFT,transfer,groceries,Mumbai,completed,,
TXN-C21FCDA58C35,2026-08-09 15:51:27,ACC-0156,ACC-0443,21279.13,INR,NEFT,transfer,restaurant,Mumbai,completed,,
TXN-S003-005,2026-08-09 16:00:00,ACC-0158,ACC-0114,137211.93,INR,UPI,transfer,,Delhi,completed,SCENARIO-003,synthetic_suspicious_pattern
TXN-507830E39DF3,2026-08-09 16:02:07,ACC-0280,ACC-0168,21638.54,INR,UPI,transfer,medical,Pune,completed,,
TXN-EF4C83991B3D,2026-08-09 16:10:18,ACC-0351,ACC-0525,15043.79,INR,NEFT,transfer,,Pune,completed,,
TXN-DF79AB7833C5,2026-08-09 16:10:46,ACC-0305,ACC-0189,12533.84,INR,NEFT,transfer,,Kolkata,completed,,
TXN-3D39EBF14173,2026-08-09 16:16:11,ACC-0429,ACC-0119,16761.59,INR,UPI,transfer,,Chennai,completed,,
TXN-E0E96F5A2F4C,2026-08-09 16:24:08,ACC-0166,ACC-0215,21375.15,INR,IMPS,transfer,shopping,Kolkata,completed,,
TXN-4C1E5DB3015E,2026-08-09 16:26:35,ACC-0207,ACC-0356,22347.43,INR,NEFT,transfer,,Chennai,completed,,
TXN-C7F7A89F15A7,2026-08-09 17:02:10,ACC-0528,ACC-0472,24693.77,INR,UPI,transfer,rent,Bangalore,completed,,
TXN-CF01EAF8C099,2026-08-09 17:02:19,ACC-0151,ACC-0233,76806.31,INR,RTGS,transfer,groceries,Bangalore,completed,,
TXN-8D1DEA4455B3,2026-08-09 17:11:42,ACC-0247,ACC-0117,12683.83,INR,IMPS,transfer,fuel,Ahmedabad,completed,,
TXN-4907B393F277,2026-08-09 17:27:19,ACC-0459,ACC-0287,69400.5,INR,RTGS,transfer,utilities,Pune,completed,,
TXN-5B4340AF7C24,2026-08-09 17:27:55,ACC-0514,ACC-0264,12187.84,INR,IMPS,transfer,utilities,Ahmedabad,completed,,
TXN-74D28909BC17,2026-08-09 17:33:19,ACC-0153,ACC-0537,8342.98,INR,UPI,transfer,groceries,Ahmedabad,completed,,
TXN-DCF5B48291A8,2026-08-09 17:34:13,ACC-0123,ACC-0547,9036.77,INR,UPI,transfer,,Pune,completed,,
TXN-93263D893A3D,2026-08-09 17:35:08,ACC-0417,ACC-0460,60068.31,INR,CASH,transfer,medical,Kolkata,completed,,
TXN-S003-006,2026-08-09 18:00:00,ACC-0159,ACC-0114,136657.64,INR,UPI,transfer,,Delhi,completed,SCENARIO-003,synthetic_suspicious_pattern
TXN-C7A3672F7DDE,2026-08-09 18:05:12,ACC-0426,ACC-0218,23333.34,INR,UPI,transfer,,Mumbai,completed,,
TXN-F590FBF55C08,2026-08-09 18:14:30,ACC-0178,ACC-0262,15769.16,INR,UPI,transfer,shopping,Ahmedabad,completed,,
TXN-C701B03D54DF,2026-08-09 18:33:59,ACC-0420,ACC-0154,13607.5,INR,UPI,transfer,utilities,Ahmedabad,completed,,
TXN-B102DD593A6D,2026-08-09 18:36:49,ACC-0283,ACC-0275,74228.96,INR,UPI,transfer,fuel,Ahmedabad,completed,,
TXN-873716B6E629,2026-08-09 18:40:48,ACC-0467,ACC-0289,18924.45,INR,CASH,transfer,,Chennai,completed,,
TXN-59242C11C579,2026-08-09 18:43:22,ACC-0590,ACC-0571,21517.62,INR,NEFT,transfer,utilities,Hyderabad,completed,,
TXN-2B3114C9CE18,2026-08-09 18:53:07,ACC-0468,ACC-0321,17773.87,INR,UPI,transfer,subscription,Hyderabad,completed,,
TXN-AC4F288FED38,2026-08-09 19:00:55,ACC-0408,ACC-0430,16497.53,INR,UPI,transfer,,Mumbai,completed,,
TXN-D0A20C969B5D,2026-08-09 19:08:34,ACC-0495,ACC-0199,20398.61,INR,NEFT,transfer,subscription,Delhi,completed,,
TXN-5D492D7E6881,2026-08-09 19:12:07,ACC-0216,ACC-0517,12224.05,INR,IMPS,transfer,rent,Kolkata,completed,,
TXN-C496519F72FA,2026-08-09 19:17:19,ACC-0245,ACC-0184,39044.05,INR,UPI,transfer,fuel,Hyderabad,completed,,
TXN-6B777CD90539,2026-08-09 19:21:17,ACC-0145,ACC-0572,25217.36,INR,UPI,transfer,,Mumbai,completed,,
TXN-EA3D566F7569,2026-08-09 19:22:38,ACC-0276,ACC-0391,26661.41,INR,UPI,transfer,shopping,Bangalore,completed,,
TXN-EC50E484D136,2026-08-09 19:26:36,ACC-0146,ACC-0455,12052.9,INR,NEFT,transfer,fuel,Hyderabad,completed,,
TXN-9F8581FB02F9,2026-08-09 19:51:06,ACC-0465,ACC-0181,18175.52,INR,NEFT,transfer,fuel,Kolkata,completed,,
TXN-8CEA18078BEB,2026-08-09 19:52:52,ACC-0293,ACC-0556,49034.33,INR,CASH,transfer,subscription,Ahmedabad,completed,,
TXN-768A6815AECE,2026-08-09 19:54:16,ACC-0138,ACC-0305,13783.52,INR,NEFT,transfer,shopping,Ahmedabad,completed,,
TXN-33D0C163DAEB,2026-08-09 19:55:32,ACC-0340,ACC-0111,18964.58,INR,UPI,transfer,medical,Bangalore,completed,,
TXN-6D271EBAB41E,2026-08-09 20:09:26,ACC-0253,ACC-0524,30577.37,INR,UPI,transfer,utilities,Chennai,completed,,
TXN-8D8A5598F700,2026-08-09 20:16:30,ACC-0269,ACC-0176,90176.97,INR,IMPS,transfer,,Chennai,completed,,
TXN-75DBC6542138,2026-08-09 20:25:17,ACC-0139,ACC-0550,41538.69,INR,UPI,transfer,,Pune,completed,,
TXN-09F3C8B095D2,2026-08-09 20:48:54,ACC-0327,ACC-0353,13536.45,INR,UPI,transfer,shopping,Ahmedabad,completed,,
TXN-F521DB99B90E,2026-08-09 20:58:02,ACC-0559,ACC-0445,13691.86,INR,RTGS,transfer,shopping,Mumbai,completed,,
TXN-C3C175B39F27,2026-08-09 21:05:00,ACC-0171,ACC-0146,26151.73,INR,UPI,transfer,shopping,Delhi,completed,,
TXN-5D4DDD925BFE,2026-08-09 21:20:43,ACC-0581,ACC-0271,20614.9,INR,NEFT,transfer,fuel,Bangalore,completed,,
TXN-EBD9C82B2C02,2026-08-09 21:26:25,ACC-0421,ACC-0232,25538.1,INR,NEFT,transfer,shopping,Bangalore,completed,,
TXN-12BE4B899E47,2026-08-09 21:26:47,ACC-0524,ACC-0221,24643.31,INR,UPI,transfer,,Mumbai,completed,,
TXN-E8FE43F3E189,2026-08-09 21:28:42,ACC-0154,ACC-0203,98869.22,INR,NEFT,transfer,,Bangalore,completed,,
TXN-CBDED46A61C2,2026-08-09 21:28:48,ACC-0549,ACC-0399,17764.31,INR,IMPS,transfer,restaurant,Bangalore,completed,,
TXN-F3198462CF1F,2026-08-09 21:30:33,ACC-0492,ACC-0228,68686.3,INR,CASH,transfer,restaurant,Kolkata,completed,,
TXN-28BEBEF94BE2,2026-08-09 21:33:21,ACC-0442,ACC-0170,49997.64,INR,CASH,transfer,,Bangalore,completed,,
TXN-6B1ABE6445C9,2026-08-09 21:35:43,ACC-0383,ACC-0583,13766.15,INR,NEFT,transfer,utilities,Bangalore,completed,,
TXN-9D47C49E7D70,2026-08-09 21:45:17,ACC-0358,ACC-0134,22831.01,INR,IMPS,transfer,utilities,Chennai,completed,,
TXN-9B179B7BC5FA,2026-08-09 22:00:22,ACC-0448,ACC-0120,12202.51,INR,UPI,transfer,shopping,Chennai,completed,,
TXN-5B3FDFE095D2,2026-08-09 22:01:14,ACC-0187,ACC-0573,16294.26,INR,UPI,transfer,,Kolkata,completed,,
TXN-6455E42CA060,2026-08-09 22:21:08,ACC-0522,ACC-0399,26955.41,INR,IMPS,transfer,shopping,Kolkata,completed,,
TXN-173D03238810,2026-08-09 22:24:50,ACC-0204,ACC-0582,22813.76,INR,RTGS,transfer,,Mumbai,completed,,
TXN-85562660676C,2026-08-09 22:25:44,ACC-0498,ACC-0543,43910.69,INR,UPI,transfer,groceries,Ahmedabad,completed,,
TXN-5EFB3620E167,2026-08-09 22:29:10,ACC-0472,ACC-0354,57616.1,INR,IMPS,transfer,,Pune,completed,,
TXN-8CFB43DD1BE3,2026-08-09 22:47:34,ACC-0381,ACC-0410,9461.3,INR,UPI,transfer,utilities,Hyderabad,completed,,
TXN-EABFABF5C7D9,2026-08-09 22:57:11,ACC-0564,ACC-0143,19121.31,INR,UPI,transfer,shopping,Hyderabad,completed,,
TXN-2F498BDA7942,2026-08-09 22:59:26,ACC-0320,ACC-0421,14803.13,INR,NEFT,transfer,restaurant,Pune,completed,,
TXN-792090269930,2026-08-09 23:00:31,ACC-0128,ACC-0275,10921.9,INR,IMPS,transfer,,Ahmedabad,completed,,
TXN-CB66EB0CA42F,2026-08-09 23:01:34,ACC-0404,ACC-0335,19605.65,INR,NEFT,transfer,restaurant,Hyderabad,completed,,
TXN-79ACED863C61,2026-08-09 23:06:56,ACC-0337,ACC-0467,20340.84,INR,UPI,transfer,medical,Ahmedabad,completed,,
TXN-022FEC9E20D6,2026-08-09 23:17:38,ACC-0363,ACC-0417,11463.2,INR,UPI,transfer,subscription,Kolkata,completed,,
TXN-8B346C3CABC1,2026-08-09 23:24:38,ACC-0540,ACC-0308,20705.77,INR,UPI,transfer,fuel,Bangalore,completed,,
TXN-F2DBC23CAC15,2026-08-09 23:27:25,ACC-0100,ACC-0455,12251.85,INR,IMPS,transfer,,Chennai,completed,,
TXN-3CB783731E8F,2026-08-09 23:33:12,ACC-0468,ACC-0161,28695.03,INR,RTGS,transfer,utilities,Kolkata,completed,,
TXN-528A6F1D67D0,2026-08-09 23:45:16,ACC-0351,ACC-0457,20738.21,INR,UPI,transfer,shopping,Hyderabad,completed,,
TXN-9DD2D62B3A7B,2026-08-09 23:48:48,ACC-0304,ACC-0199,23764.73,INR,UPI,transfer,rent,Mumbai,completed,,
TXN-905AAC3AB932,2026-08-09 23:54:52,ACC-0446,ACC-0409,12357.83,INR,IMPS,transfer,shopping,Mumbai,completed,,
TXN-998BBBA682D9,2026-08-09 23:57:54,ACC-0222,ACC-0134,77635.16,INR,IMPS,transfer,subscription,Bangalore,completed,,
TXN-13F2C96BC8FD,2026-08-10 00:01:12,ACC-0249,ACC-0338,12286.65,INR,CASH,transfer,utilities,Kolkata,completed,,
TXN-AB049FA44BCE,2026-08-10 00:13:30,ACC-0433,ACC-0338,12745.07,INR,UPI,transfer,rent,Ahmedabad,completed,,
TXN-E03DA656D25F,2026-08-10 00:30:25,ACC-0357,ACC-0225,25046.61,INR,UPI,transfer,subscription,Kolkata,completed,,
TXN-DC37FCA844F5,2026-08-10 00:37:04,ACC-0423,ACC-0547,16829.92,INR,UPI,transfer,,Mumbai,completed,,
TXN-B60E8487F93E,2026-08-10 00:37:30,ACC-0440,ACC-0323,26438.08,INR,NEFT,transfer,,Hyderabad,completed,,
TXN-B1DFFA2666CE,2026-08-10 00:37:34,ACC-0430,ACC-0344,16084.95,INR,NEFT,transfer,,Hyderabad,completed,,
TXN-D5B31317230D,2026-08-10 00:50:14,ACC-0320,ACC-0278,21232.2,INR,UPI,transfer,,Hyderabad,completed,,
TXN-3E25B99C2B4A,2026-08-10 00:56:10,ACC-0409,ACC-0523,22818.03,INR,UPI,transfer,,Hyderabad,completed,,
TXN-4E93EC9FEEA1,2026-08-10 01:07:55,ACC-0283,ACC-0441,74391.37,INR,UPI,transfer,,Kolkata,completed,,
TXN-5769A368DAF2,2026-08-10 01:10:40,ACC-0490,ACC-0150,18387.4,INR,IMPS,transfer,utilities,Pune,completed,,
TXN-E5C336F0889E,2026-08-10 01:18:35,ACC-0467,ACC-0469,27249.79,INR,CASH,transfer,fuel,Ahmedabad,completed,,
TXN-490DEA3D2CBB,2026-08-10 01:45:55,ACC-0392,ACC-0558,26676.09,INR,UPI,transfer,rent,Mumbai,completed,,
TXN-1869A51ED117,2026-08-10 01:46:41,ACC-0574,ACC-0585,27798.39,INR,UPI,transfer,,Hyderabad,completed,,
TXN-50A705AC8C91,2026-08-10 01:49:12,ACC-0388,ACC-0448,99222.72,INR,UPI,transfer,rent,Chennai,completed,,
TXN-CDFD505B3792,2026-08-10 01:51:49,ACC-0334,ACC-0409,18506.93,INR,UPI,transfer,,Mumbai,completed,,
TXN-1625094E24BE,2026-08-10 01:54:50,ACC-0432,ACC-0181,28842.09,INR,CASH,transfer,,Kolkata,completed,,
TXN-7D130353DCF7,2026-08-10 01:57:47,ACC-0217,ACC-0520,20896.94,INR,UPI,transfer,rent,Ahmedabad,completed,,
TXN-7762A00C1863,2026-08-10 02:14:36,ACC-0171,ACC-0480,12520.73,INR,UPI,transfer,,Delhi,completed,,
TXN-293352A255B4,2026-08-10 02:27:09,ACC-0342,ACC-0186,14658.62,INR,IMPS,transfer,restaurant,Delhi,completed,,
TXN-B4B854EBFAE3,2026-08-10 02:35:52,ACC-0552,ACC-0367,4936.67,INR,UPI,transfer,groceries,Delhi,completed,,
TXN-757852EA7909,2026-08-10 02:54:34,ACC-0192,ACC-0517,3761.23,INR,UPI,transfer,rent,Kolkata,completed,,
TXN-EC7241FBA81D,2026-08-10 02:54:46,ACC-0387,ACC-0589,18693.22,INR,UPI,transfer,fuel,Kolkata,completed,,
TXN-1F65690A8ADC,2026-08-10 03:03:00,ACC-0106,ACC-0535,15378.65,INR,UPI,transfer,fuel,Delhi,completed,,
TXN-8E28644B8212,2026-08-10 03:26:18,ACC-0464,ACC-0127,13242.34,INR,NEFT,transfer,,Kolkata,completed,,
TXN-0FBA95473835,2026-08-10 03:32:19,ACC-0282,ACC-0464,22380.12,INR,UPI,transfer,utilities,Hyderabad,completed,,
TXN-9FB9FA5D1DC9,2026-08-10 03:32:47,ACC-0415,ACC-0348,15764.37,INR,UPI,transfer,groceries,Pune,completed,,
TXN-40AD8A5C179C,2026-08-10 04:01:15,ACC-0365,ACC-0294,10728.55,INR,CASH,transfer,,Chennai,completed,,
TXN-AB096BCC0257,2026-08-10 04:26:16,ACC-0563,ACC-0120,10280.93,INR,IMPS,transfer,groceries,Pune,completed,,
TXN-E233E8384994,2026-08-10 04:34:36,ACC-0327,ACC-0290,24823.98,INR,IMPS,transfer,utilities,Ahmedabad,completed,,
TXN-900BABAED978,2026-08-10 04:48:48,ACC-0114,ACC-0221,19782.82,INR,UPI,transfer,subscription,Kolkata,completed,,
TXN-8C6866EEADD5,2026-08-10 04:48:58,ACC-0100,ACC-0103,13835.22,INR,RTGS,transfer,,Hyderabad,completed,,
TXN-F2BFC7742219,2026-08-10 04:49:59,ACC-0508,ACC-0335,15198.81,INR,UPI,transfer,,Chennai,completed,,
TXN-19FC4C768590,2026-08-10 04:51:56,ACC-0219,ACC-0548,15881.04,INR,IMPS,transfer,,Mumbai,completed,,
TXN-9CFD7A06C7FC,2026-08-10 05:01:08,ACC-0136,ACC-0201,14700.77,INR,UPI,transfer,fuel,Pune,completed,,
TXN-A707AE21F606,2026-08-10 05:01:11,ACC-0496,ACC-0484,9901.04,INR,UPI,transfer,subscription,Pune,completed,,
TXN-EE64CC8E3A76,2026-08-10 05:02:35,ACC-0242,ACC-0244,20746.44,INR,NEFT,transfer,utilities,Chennai,completed,,
TXN-BBEA80B577B7,2026-08-10 05:03:53,ACC-0141,ACC-0510,24145.21,INR,IMPS,transfer,utilities,Ahmedabad,completed,,
TXN-DCAE783A3E5A,2026-08-10 05:35:01,ACC-0251,ACC-0210,10586.16,INR,UPI,transfer,rent,Ahmedabad,completed,,
TXN-B1D326FB80B8,2026-08-10 05:41:18,ACC-0397,ACC-0435,1382.62,INR,IMPS,transfer,subscription,Ahmedabad,completed,,
TXN-38564802ED63,2026-08-10 05:43:35,ACC-0192,ACC-0154,118270.02,INR,CASH,transfer,,Pune,completed,,
TXN-2037BF6941E5,2026-08-10 05:54:29,ACC-0356,ACC-0389,79175.11,INR,NEFT,transfer,groceries,Chennai,completed,,
TXN-CE9EDC72DA44,2026-08-10 05:57:59,ACC-0470,ACC-0363,13126.65,INR,UPI,transfer,,Bangalore,completed,,
TXN-F3D9923A4DB2,2026-08-10 06:00:35,ACC-0228,ACC-0168,21836.72,INR,IMPS,transfer,groceries,Hyderabad,completed,,
TXN-2F9876686412,2026-08-10 06:04:33,ACC-0580,ACC-0479,14326.73,INR,NEFT,transfer,,Mumbai,completed,,
TXN-D915B41978B5,2026-08-10 06:11:22,ACC-0270,ACC-0497,12935.11,INR,RTGS,transfer,groceries,Mumbai,completed,,
TXN-3657B0A635D6,2026-08-10 06:26:58,ACC-0428,ACC-0154,27564.5,INR,NEFT,transfer,medical,Mumbai,completed,,
TXN-BF5ED75611A3,2026-08-10 06:31:05,ACC-0166,ACC-0111,12125.98,INR,UPI,transfer,utilities,Ahmedabad,completed,,
TXN-BD13D324344A,2026-08-10 06:32:43,ACC-0160,ACC-0469,35738.6,INR,IMPS,transfer,utilities,Kolkata,completed,,
TXN-AA266D6595C1,2026-08-10 06:40:41,ACC-0494,ACC-0211,19008.99,INR,IMPS,transfer,,Mumbai,completed,,
TXN-618CD544C38F,2026-08-10 07:00:05,ACC-0143,ACC-0564,9508.56,INR,NEFT,transfer,medical,Hyderabad,completed,,
TXN-CC89AE75CA3A,2026-08-10 07:27:16,ACC-0270,ACC-0507,11584.78,INR,NEFT,transfer,medical,Ahmedabad,completed,,
TXN-771382AE7606,2026-08-10 07:27:56,ACC-0187,ACC-0273,889.06,INR,IMPS,transfer,restaurant,Ahmedabad,completed,,
TXN-D3917EFD8C84,2026-08-10 07:28:08,ACC-0531,ACC-0515,18785.74,INR,CASH,transfer,rent,Chennai,completed,,
TXN-3FD7F89B23D0,2026-08-10 07:45:35,ACC-0239,ACC-0427,11510.96,INR,IMPS,transfer,medical,Chennai,completed,,
TXN-S008-001,2026-08-10 08:00:00,ACC-0194,ACC-0204,19747.86,INR,UPI,transfer,,Kolkata,completed,SCENARIO-008,synthetic_suspicious_pattern
TXN-S008-002,2026-08-10 08:02:00,ACC-0194,ACC-0205,17007.35,INR,UPI,transfer,,Kolkata,completed,SCENARIO-008,synthetic_suspicious_pattern
TXN-B5BDF4CC789B,2026-08-10 08:03:33,ACC-0585,ACC-0473,20391.25,INR,UPI,transfer,groceries,Delhi,completed,,
TXN-S008-003,2026-08-10 08:04:00,ACC-0194,ACC-0206,14820.41,INR,UPI,transfer,,Kolkata,completed,SCENARIO-008,synthetic_suspicious_pattern
TXN-S008-004,2026-08-10 08:06:00,ACC-0194,ACC-0207,11340.0,INR,UPI,transfer,,Kolkata,completed,SCENARIO-008,synthetic_suspicious_pattern
TXN-S008-005,2026-08-10 08:08:00,ACC-0194,ACC-0208,8690.03,INR,UPI,transfer,,Kolkata,completed,SCENARIO-008,synthetic_suspicious_pattern
TXN-FA3B73DF8232,2026-08-10 08:08:05,ACC-0151,ACC-0118,50564.14,INR,NEFT,transfer,restaurant,Ahmedabad,completed,,
TXN-9909228FA520,2026-08-10 08:09:07,ACC-0385,ACC-0273,130880.98,INR,UPI,transfer,,Bangalore,completed,,
TXN-S008-006,2026-08-10 08:10:00,ACC-0194,ACC-0209,19307.47,INR,UPI,transfer,,Kolkata,completed,SCENARIO-008,synthetic_suspicious_pattern
TXN-S008-007,2026-08-10 08:12:00,ACC-0194,ACC-0210,18706.82,INR,UPI,transfer,,Kolkata,completed,SCENARIO-008,synthetic_suspicious_pattern
TXN-S008-008,2026-08-10 08:14:00,ACC-0194,ACC-0211,17973.79,INR,UPI,transfer,,Kolkata,completed,SCENARIO-008,synthetic_suspicious_pattern
TXN-S008-009,2026-08-10 08:16:00,ACC-0194,ACC-0212,6952.01,INR,UPI,transfer,,Kolkata,completed,SCENARIO-008,synthetic_suspicious_pattern
TXN-S008-010,2026-08-10 08:18:00,ACC-0194,ACC-0213,11174.27,INR,UPI,transfer,,Kolkata,completed,SCENARIO-008,synthetic_suspicious_pattern
TXN-S008-011,2026-08-10 08:20:00,ACC-0194,ACC-0214,19757.8,INR,UPI,transfer,,Kolkata,completed,SCENARIO-008,synthetic_suspicious_pattern
TXN-S008-012,2026-08-10 08:22:00,ACC-0194,ACC-0215,14469.47,INR,UPI,transfer,,Kolkata,completed,SCENARIO-008,synthetic_suspicious_pattern
TXN-103AC2CB8F57,2026-08-10 08:22:20,ACC-0347,ACC-0445,25050.34,INR,IMPS,transfer,utilities,Bangalore,completed,,
TXN-S008-013,2026-08-10 08:24:00,ACC-0194,ACC-0216,18731.32,INR,UPI,transfer,,Kolkata,completed,SCENARIO-008,synthetic_suspicious_pattern
TXN-2EBB6D6ABEA7,2026-08-10 08:25:21,ACC-0270,ACC-0106,13895.56,INR,UPI,transfer,subscription,Kolkata,completed,,
TXN-5C331AD72F2A,2026-08-10 08:25:54,ACC-0476,ACC-0580,23335.69,INR,UPI,transfer,medical,Ahmedabad,completed,,
TXN-S008-014,2026-08-10 08:26:00,ACC-0194,ACC-0217,15066.6,INR,UPI,transfer,,Kolkata,completed,SCENARIO-008,synthetic_suspicious_pattern
TXN-S008-015,2026-08-10 08:28:00,ACC-0194,ACC-0218,5202.18,INR,UPI,transfer,,Kolkata,completed,SCENARIO-008,synthetic_suspicious_pattern
TXN-549A28AC9309,2026-08-10 08:36:01,ACC-0241,ACC-C-001,21569.66,INR,IMPS,transfer,subscription,Bangalore,completed,,
TXN-4EAB9701948F,2026-08-10 08:38:40,ACC-0367,ACC-0298,22289.56,INR,RTGS,transfer,shopping,Mumbai,completed,,
TXN-70B639E6E5A7,2026-08-10 09:01:28,ACC-0285,ACC-0111,15395.94,INR,UPI,transfer,medical,Delhi,completed,,
TXN-B96731B6F7E7,2026-08-10 09:02:37,ACC-0431,ACC-0474,23362.06,INR,IMPS,transfer,restaurant,Bangalore,completed,,
TXN-866314E91B28,2026-08-10 09:13:39,ACC-0341,ACC-0239,18818.08,INR,NEFT,transfer,medical,Mumbai,completed,,
TXN-B12873C5A630,2026-08-10 09:16:14,ACC-0390,ACC-0531,29214.56,INR,NEFT,transfer,,Hyderabad,completed,,
TXN-B7A76C5F3A52,2026-08-10 09:30:30,ACC-0166,ACC-0187,19755.7,INR,IMPS,transfer,shopping,Mumbai,completed,,
TXN-E541D2B450D7,2026-08-10 09:37:21,ACC-0211,ACC-0472,12292.54,INR,IMPS,transfer,utilities,Ahmedabad,completed,,
TXN-F6B4E16F43A7,2026-08-10 09:37:25,ACC-0137,ACC-0508,96642.68,INR,NEFT,transfer,medical,Mumbai,completed,,
TXN-1FBADA16C8E1,2026-08-10 09:38:22,ACC-0483,ACC-0197,11400.55,INR,RTGS,transfer,groceries,Bangalore,completed,,
TXN-3E155258D8DF,2026-08-10 09:53:40,ACC-0291,ACC-0296,20487.88,INR,UPI,transfer,fuel,Bangalore,completed,,
TXN-3A9C1946E9E7,2026-08-10 09:57:33,ACC-0261,ACC-0291,1343.78,INR,IMPS,transfer,utilities,Bangalore,completed,,
TXN-B24AF26ECF4D,2026-08-10 10:08:02,ACC-0324,ACC-0297,10752.07,INR,RTGS,transfer,rent,Ahmedabad,completed,,
TXN-C5BC4FCAA0FF,2026-08-10 10:15:32,ACC-0117,ACC-0177,19749.63,INR,NEFT,transfer,fuel,Delhi,completed,,
TXN-B3340D4067EC,2026-08-10 10:21:45,ACC-0431,ACC-0321,2239.46,INR,NEFT,transfer,rent,Kolkata,completed,,
TXN-4BE0141F5086,2026-08-10 10:27:26,ACC-0379,ACC-0397,15479.72,INR,IMPS,transfer,fuel,Chennai,completed,,
TXN-2F141A70C20F,2026-08-10 10:31:22,ACC-0344,ACC-0356,20895.48,INR,UPI,transfer,shopping,Delhi,completed,,
TXN-BBFD6EF9AA7A,2026-08-10 10:39:33,ACC-0233,ACC-0388,34991.82,INR,IMPS,transfer,shopping,Bangalore,completed,,
TXN-493F3E927BE9,2026-08-10 10:42:29,ACC-0332,ACC-0564,31431.43,INR,IMPS,transfer,fuel,Pune,completed,,
TXN-E77427870C37,2026-08-10 10:47:17,ACC-0434,ACC-0163,8541.08,INR,NEFT,transfer,subscription,Delhi,completed,,
TXN-C5F002772159,2026-08-10 10:50:40,ACC-0350,ACC-0487,22388.91,INR,NEFT,transfer,utilities,Ahmedabad,completed,,
TXN-CECAABC3F909,2026-08-10 10:50:53,ACC-0515,ACC-0201,36167.32,INR,UPI,transfer,restaurant,Pune,completed,,
TXN-44EB7A3089B9,2026-08-10 11:17:51,ACC-0333,ACC-0305,13846.31,INR,CASH,transfer,utilities,Delhi,completed,,
TXN-DE2366B23D2E,2026-08-10 11:18:28,ACC-0188,ACC-0216,12834.83,INR,UPI,transfer,groceries,Mumbai,completed,,
TXN-B064BF031D83,2026-08-10 11:34:46,ACC-0149,ACC-0375,15476.45,INR,UPI,transfer,utilities,Kolkata,completed,,
TXN-578CCDFF7AD2,2026-08-10 11:54:36,ACC-0340,ACC-0337,20344.58,INR,RTGS,transfer,rent,Kolkata,completed,,
TXN-4DF2A00EB03C,2026-08-10 12:08:03,ACC-0174,ACC-0524,21696.24,INR,UPI,transfer,shopping,Hyderabad,completed,,
TXN-41C6043508C1,2026-08-10 12:36:26,ACC-0227,ACC-0532,23526.56,INR,UPI,transfer,restaurant,Hyderabad,completed,,
TXN-80CEE39E9693,2026-08-10 12:41:48,ACC-0146,ACC-0459,12804.76,INR,IMPS,transfer,,Bangalore,completed,,
TXN-94FA1FE60E6D,2026-08-10 12:44:19,ACC-0210,ACC-0306,23040.22,INR,NEFT,transfer,groceries,Chennai,completed,,
TXN-7E9FD601A674,2026-08-10 12:49:59,ACC-0342,ACC-0163,23780.85,INR,UPI,transfer,subscription,Kolkata,completed,,
TXN-9FE8AD153B66,2026-08-10 12:50:46,ACC-0264,ACC-0591,12711.32,INR,UPI,transfer,shopping,Hyderabad,completed,,
TXN-0C70A20C93F9,2026-08-10 12:58:15,ACC-0378,ACC-0513,16972.82,INR,IMPS,transfer,,Ahmedabad,completed,,
TXN-3DF5EFD7D9C9,2026-08-10 13:04:36,ACC-0438,ACC-0384,68139.77,INR,IMPS,transfer,subscription,Delhi,completed,,
TXN-51A3D19F3B74,2026-08-10 13:19:57,ACC-0532,ACC-0554,17534.55,INR,UPI,transfer,,Mumbai,completed,,
TXN-04081E7CBFE7,2026-08-10 13:28:33,ACC-0124,ACC-E-001,18500.71,INR,UPI,transfer,subscription,Kolkata,completed,,
TXN-AD854C5C5BDE,2026-08-10 13:31:15,ACC-0503,ACC-0541,10825.12,INR,UPI,transfer,restaurant,Chennai,completed,,
TXN-89127D027F67,2026-08-10 13:31:24,ACC-0499,ACC-0400,17876.12,INR,RTGS,transfer,shopping,Mumbai,completed,,
TXN-67947D697F81,2026-08-10 13:34:22,ACC-0331,ACC-0144,9211.07,INR,IMPS,transfer,groceries,Pune,completed,,
TXN-73A9DE72D913,2026-08-10 13:39:42,ACC-0510,ACC-0318,19704.11,INR,UPI,transfer,restaurant,Pune,completed,,
TXN-509B47F96957,2026-08-10 13:40:42,ACC-0257,ACC-0584,13502.74,INR,NEFT,transfer,utilities,Bangalore,completed,,
TXN-EA2D7377F91B,2026-08-10 13:41:32,ACC-0306,ACC-0373,12498.47,INR,UPI,transfer,restaurant,Chennai,completed,,
TXN-581BBE0C32C0,2026-08-10 13:46:58,ACC-0143,ACC-0266,11485.68,INR,UPI,transfer,restaurant,Mumbai,completed,,
TXN-E65788A99EF8,2026-08-10 13:57:09,ACC-0213,ACC-0212,13560.09,INR,UPI,transfer,,Hyderabad,completed,,
TXN-FBA1CDD86408,2026-08-10 14:14:06,ACC-0468,ACC-0523,8283.08,INR,NEFT,transfer,,Hyderabad,completed,,
TXN-A1E52210DFE8,2026-08-10 14:14:44,ACC-0260,ACC-0126,23984.19,INR,UPI,transfer,groceries,Kolkata,completed,,
TXN-F2803E96ED60,2026-08-10 14:30:34,ACC-0545,ACC-0415,20534.16,INR,UPI,transfer,utilities,Chennai,completed,,
TXN-65DB96C0FFE8,2026-08-10 14:36:22,ACC-0258,ACC-0422,17002.57,INR,IMPS,transfer,rent,Kolkata,completed,,
TXN-E108DA013133,2026-08-10 14:47:09,ACC-0179,ACC-0592,19004.14,INR,NEFT,transfer,utilities,Chennai,completed,,
TXN-05728A335D32,2026-08-10 14:49:18,ACC-0263,ACC-0201,13901.58,INR,UPI,transfer,,Hyderabad,completed,,
TXN-7532B8481F56,2026-08-10 15:04:44,ACC-0419,ACC-0555,18415.08,INR,NEFT,transfer,fuel,Chennai,completed,,
TXN-0E15B2FB27DD,2026-08-10 15:05:20,ACC-0274,ACC-0410,2958.19,INR,RTGS,transfer,shopping,Pune,completed,,
TXN-FA655DE1AD78,2026-08-10 15:06:42,ACC-0481,ACC-0380,19011.9,INR,UPI,transfer,,Delhi,completed,,
TXN-999642F69809,2026-08-10 15:14:29,ACC-0271,ACC-0383,164.53,INR,CASH,transfer,shopping,Delhi,completed,,
TXN-E252A8798FBB,2026-08-10 15:18:03,ACC-0180,ACC-0104,23362.57,INR,UPI,transfer,subscription,Kolkata,completed,,
TXN-23CFED3DD5BB,2026-08-10 15:19:33,ACC-0389,ACC-0388,13509.44,INR,UPI,transfer,fuel,Pune,completed,,
TXN-2CBA36660D94,2026-08-10 15:29:19,ACC-0197,ACC-0518,18122.1,INR,UPI,transfer,,Hyderabad,completed,,
TXN-922DD4DD4964,2026-08-10 15:29:38,ACC-0317,ACC-0526,18602.97,INR,UPI,transfer,fuel,Ahmedabad,completed,,
TXN-7DBAF0AD2FB5,2026-08-10 15:55:47,ACC-0463,ACC-0126,12718.47,INR,IMPS,transfer,shopping,Ahmedabad,completed,,
TXN-6B23B00281DD,2026-08-10 16:00:36,ACC-0359,ACC-0186,15477.54,INR,IMPS,transfer,rent,Chennai,completed,,
TXN-A2D42D85E6F3,2026-08-10 16:01:01,ACC-0495,ACC-0552,17934.28,INR,NEFT,transfer,groceries,Mumbai,completed,,
TXN-7F29AAC60FCA,2026-08-10 16:07:06,ACC-0276,ACC-0424,22609.22,INR,UPI,transfer,restaurant,Kolkata,completed,,
TXN-D969A68DCA8B,2026-08-10 16:13:38,ACC-0324,ACC-0480,13023.08,INR,IMPS,transfer,rent,Mumbai,completed,,
TXN-390E307AF1EF,2026-08-10 16:18:56,ACC-0163,ACC-0591,12381.63,INR,UPI,transfer,,Ahmedabad,completed,,
TXN-1E8C3B283B9B,2026-08-10 16:28:16,ACC-0109,ACC-0357,20319.21,INR,UPI,transfer,utilities,Ahmedabad,completed,,
TXN-F3888A6682C9,2026-08-10 16:28:36,ACC-0442,ACC-0263,7253.02,INR,IMPS,transfer,medical,Kolkata,completed,,
TXN-DB97F5C134F1,2026-08-10 16:41:39,ACC-0167,ACC-0487,22337.65,INR,CASH,transfer,,Pune,completed,,
TXN-98901B20920B,2026-08-10 16:42:42,ACC-0185,ACC-0135,11553.94,INR,UPI,transfer,shopping,Kolkata,completed,,
TXN-C4720199E400,2026-08-10 16:49:21,ACC-0535,ACC-0483,10502.47,INR,NEFT,transfer,subscription,Chennai,completed,,
TXN-B27696271980,2026-08-10 16:52:28,ACC-0160,ACC-0404,11471.88,INR,UPI,transfer,groceries,Kolkata,completed,,
TXN-A1D01C301607,2026-08-10 17:05:04,ACC-0315,ACC-0434,7339.52,INR,UPI,transfer,medical,Kolkata,completed,,
TXN-227B7C9EAE74,2026-08-10 17:07:45,ACC-0259,ACC-0431,43541.4,INR,UPI,transfer,,Delhi,completed,,
TXN-D17C8AB9DDA7,2026-08-10 17:14:03,ACC-0493,ACC-0159,12657.71,INR,UPI,transfer,utilities,Pune,completed,,
TXN-C10E5613E05A,2026-08-10 17:22:09,ACC-0562,ACC-0164,16381.54,INR,UPI,transfer,restaurant,Mumbai,completed,,
TXN-A9349B65EC20,2026-08-10 17:43:10,ACC-0506,ACC-0314,11253.64,INR,IMPS,transfer,fuel,Kolkata,completed,,
TXN-A34166BC9663,2026-08-10 17:49:34,ACC-0333,ACC-0540,13751.67,INR,IMPS,transfer,,Ahmedabad,completed,,
TXN-4172148D89BB,2026-08-10 18:28:41,ACC-0253,ACC-0393,17126.37,INR,IMPS,transfer,rent,Ahmedabad,completed,,
TXN-21F2FA623884,2026-08-10 18:43:58,ACC-0516,ACC-0318,14508.56,INR,RTGS,transfer,fuel,Kolkata,completed,,
TXN-8C4496C7CB80,2026-08-10 18:49:02,ACC-0244,ACC-0308,12335.68,INR,IMPS,transfer,subscription,Pune,completed,,
TXN-F3E1794329DD,2026-08-10 19:06:25,ACC-0477,ACC-0388,18832.97,INR,RTGS,transfer,,Delhi,completed,,
TXN-ADFC924D7A49,2026-08-10 19:07:25,ACC-0101,ACC-0475,11867.46,INR,NEFT,transfer,rent,Delhi,completed,,
TXN-D123360B0D49,2026-08-10 19:07:49,ACC-0497,ACC-0311,19433.41,INR,NEFT,transfer,groceries,Delhi,completed,,
TXN-FC61D4547713,2026-08-10 19:13:06,ACC-0152,ACC-0144,23927.06,INR,UPI,transfer,rent,Bangalore,completed,,
TXN-F94E135D812C,2026-08-10 19:16:57,ACC-0583,ACC-0410,17444.15,INR,NEFT,transfer,groceries,Chennai,completed,,
TXN-92F8F27C16DC,2026-08-10 19:26:13,ACC-0516,ACC-0201,23549.16,INR,NEFT,transfer,shopping,Mumbai,completed,,
TXN-346F35BCCE6A,2026-08-10 19:28:26,ACC-0167,ACC-0544,14589.32,INR,NEFT,transfer,shopping,Delhi,completed,,
TXN-51777F2C78DB,2026-08-10 19:31:19,ACC-0131,ACC-0209,1695.63,INR,NEFT,transfer,groceries,Chennai,completed,,
TXN-34ADF6D68BB4,2026-08-10 19:38:06,ACC-0188,ACC-0564,14346.97,INR,CASH,transfer,groceries,Mumbai,completed,,
TXN-FD54DBB2C160,2026-08-10 19:43:29,ACC-0237,ACC-0226,17554.46,INR,NEFT,transfer,groceries,Chennai,completed,,
TXN-AE1F857E2ED3,2026-08-10 19:51:41,ACC-0419,ACC-0152,28499.09,INR,IMPS,transfer,medical,Bangalore,completed,,
TXN-CC13BE8274A0,2026-08-10 19:59:10,ACC-0352,ACC-0227,12671.56,INR,UPI,transfer,,Mumbai,completed,,
TXN-1200B8A86FA2,2026-08-10 20:24:47,ACC-0221,ACC-0489,76599.0,INR,UPI,transfer,,Kolkata,completed,,
TXN-FA959153DF05,2026-08-10 20:31:34,ACC-0268,ACC-0334,11293.1,INR,RTGS,transfer,medical,Hyderabad,completed,,
TXN-BA7223347FF7,2026-08-10 20:38:40,ACC-0119,ACC-0524,13459.65,INR,UPI,transfer,rent,Kolkata,completed,,
TXN-18ED955B760B,2026-08-10 20:45:52,ACC-0231,ACC-0491,21001.97,INR,IMPS,transfer,restaurant,Mumbai,completed,,
TXN-FBF818F7A698,2026-08-10 20:47:14,ACC-0531,ACC-0479,23334.12,INR,IMPS,transfer,groceries,Hyderabad,completed,,
TXN-437E42F1C791,2026-08-10 20:51:47,ACC-0156,ACC-0388,19063.45,INR,UPI,transfer,medical,Pune,completed,,
TXN-C768AF1BE41F,2026-08-10 20:53:57,ACC-0360,ACC-0406,21440.66,INR,UPI,transfer,medical,Delhi,completed,,
TXN-E447D96F4888,2026-08-10 20:57:17,ACC-0159,ACC-0412,10596.84,INR,IMPS,transfer,fuel,Mumbai,completed,,
TXN-20ED52875D47,2026-08-10 20:59:27,ACC-0326,ACC-0423,16367.9,INR,NEFT,transfer,rent,Ahmedabad,completed,,
TXN-4E15DD053F52,2026-08-10 21:07:20,ACC-0400,ACC-0276,13169.49,INR,NEFT,transfer,utilities,Chennai,completed,,
TXN-8249A625C42F,2026-08-10 21:09:12,ACC-0539,ACC-0316,12639.69,INR,UPI,transfer,subscription,Kolkata,completed,,
TXN-29F02B52FDF1,2026-08-10 21:17:52,ACC-0258,ACC-0171,24281.46,INR,NEFT,transfer,groceries,Kolkata,completed,,
TXN-EAE772D9CAB1,2026-08-10 21:23:37,ACC-0133,ACC-0223,16991.37,INR,UPI,transfer,restaurant,Chennai,completed,,
TXN-4EC5EC1F39FE,2026-08-10 21:25:27,ACC-0108,ACC-0411,18294.57,INR,IMPS,transfer,utilities,Kolkata,completed,,
TXN-22F7B786EB6B,2026-08-10 21:29:33,ACC-0400,ACC-0543,9866.62,INR,UPI,transfer,shopping,Mumbai,completed,,
TXN-32F0E53B0308,2026-08-10 21:47:23,ACC-0478,ACC-0235,18517.67,INR,CASH,transfer,groceries,Ahmedabad,completed,,
TXN-4D478767E69E,2026-08-10 21:47:31,ACC-0357,ACC-0284,31727.53,INR,NEFT,transfer,fuel,Mumbai,completed,,
TXN-71B9A0585170,2026-08-10 21:54:11,ACC-0143,ACC-0534,13689.08,INR,UPI,transfer,shopping,Mumbai,completed,,
TXN-1C453476C15C,2026-08-10 22:03:35,ACC-0408,ACC-0395,16397.31,INR,UPI,transfer,shopping,Ahmedabad,completed,,
TXN-FD9C90D444C5,2026-08-10 22:18:12,ACC-0280,ACC-0589,22224.92,INR,UPI,transfer,groceries,Chennai,completed,,
TXN-9171121ADBBB,2026-08-10 22:19:29,ACC-0331,ACC-0439,17570.44,INR,UPI,transfer,medical,Chennai,completed,,
TXN-F5FA4B8463CB,2026-08-10 22:30:55,ACC-0270,ACC-0272,12126.25,INR,RTGS,transfer,utilities,Pune,completed,,
TXN-00D1C230298C,2026-08-10 22:33:31,ACC-0513,ACC-0544,11031.64,INR,NEFT,transfer,groceries,Ahmedabad,completed,,
TXN-666DD4B825C7,2026-08-10 22:52:25,ACC-0588,ACC-0234,24694.43,INR,IMPS,transfer,subscription,Bangalore,completed,,
TXN-E912E817493F,2026-08-10 23:39:19,ACC-0182,ACC-0337,18521.56,INR,IMPS,transfer,groceries,Pune,completed,,
TXN-808090D2CABB,2026-08-10 23:45:05,ACC-0535,ACC-0233,13780.1,INR,UPI,transfer,medical,Ahmedabad,completed,,
TXN-0F75DB0D2BBD,2026-08-11 00:02:13,ACC-0578,ACC-0229,26793.06,INR,UPI,transfer,,Chennai,completed,,
TXN-646501ABE780,2026-08-11 00:17:21,ACC-0352,ACC-0534,12772.94,INR,UPI,transfer,groceries,Kolkata,completed,,
TXN-9F560B6B1CF9,2026-08-11 00:18:20,ACC-0590,ACC-0472,22029.1,INR,CASH,transfer,restaurant,Hyderabad,completed,,
TXN-155617B1F406,2026-08-11 00:34:39,ACC-0409,ACC-0405,21670.72,INR,IMPS,transfer,utilities,Kolkata,completed,,
TXN-DC5EAE37526D,2026-08-11 00:40:38,ACC-0432,ACC-0547,16492.9,INR,NEFT,transfer,utilities,Ahmedabad,completed,,
TXN-34D127CE30D8,2026-08-11 00:46:19,ACC-0368,ACC-0511,26077.14,INR,IMPS,transfer,groceries,Hyderabad,completed,,
TXN-5974D18B814D,2026-08-11 00:48:38,ACC-0132,ACC-0577,26907.86,INR,NEFT,transfer,fuel,Ahmedabad,completed,,
TXN-DFA4E8E5C033,2026-08-11 00:53:59,ACC-0123,ACC-0263,11102.34,INR,CASH,transfer,fuel,Delhi,completed,,
TXN-B544436B1D99,2026-08-11 00:57:14,ACC-0490,ACC-0194,31577.79,INR,NEFT,transfer,,Bangalore,completed,,
TXN-D662107E24B2,2026-08-11 00:58:26,ACC-0513,ACC-0214,9575.53,INR,UPI,transfer,,Ahmedabad,completed,,
TXN-7FB658F56A93,2026-08-11 01:02:33,ACC-0177,ACC-0334,22623.6,INR,UPI,transfer,groceries,Ahmedabad,completed,,
TXN-15DA68921583,2026-08-11 01:21:18,ACC-0468,ACC-0132,16717.24,INR,IMPS,transfer,utilities,Pune,completed,,
TXN-E8256CEA7D42,2026-08-11 01:21:43,ACC-0475,ACC-0414,102763.54,INR,IMPS,transfer,restaurant,Hyderabad,completed,,
TXN-01C41ADB55EB,2026-08-11 01:24:01,ACC-0165,ACC-0478,12795.77,INR,UPI,transfer,groceries,Hyderabad,completed,,
TXN-A2817362A53A,2026-08-11 01:24:40,ACC-0338,ACC-0415,26540.27,INR,RTGS,transfer,subscription,Mumbai,completed,,
TXN-4F56923A4CC3,2026-08-11 01:37:29,ACC-0201,ACC-0380,12906.77,INR,NEFT,transfer,medical,Pune,completed,,
TXN-D4CFD990545E,2026-08-11 01:58:08,ACC-0107,ACC-0205,22163.63,INR,UPI,transfer,rent,Pune,completed,,
TXN-A1218889950B,2026-08-11 02:03:27,ACC-0125,ACC-0519,19946.01,INR,IMPS,transfer,shopping,Bangalore,completed,,
TXN-DA21CB6897D3,2026-08-11 02:14:24,ACC-0525,ACC-0453,48629.18,INR,IMPS,transfer,,Chennai,completed,,
TXN-ACA337832800,2026-08-11 02:24:44,ACC-0193,ACC-0396,25745.34,INR,UPI,transfer,fuel,Hyderabad,completed,,
TXN-B9C2A60198D3,2026-08-11 02:26:36,ACC-0569,ACC-0431,21746.95,INR,IMPS,transfer,subscription,Delhi,completed,,
TXN-41AF3CA1F223,2026-08-11 02:42:48,ACC-0501,ACC-E-001,67840.99,INR,UPI,transfer,medical,Kolkata,completed,,
TXN-738AE3E2B0A7,2026-08-11 02:53:45,ACC-0366,ACC-0150,22681.61,INR,UPI,transfer,restaurant,Delhi,completed,,
TXN-01AFF9CDCFB3,2026-08-11 03:01:32,ACC-0272,ACC-0443,8922.42,INR,IMPS,transfer,shopping,Mumbai,completed,,
TXN-6446C0E20C9C,2026-08-11 03:15:33,ACC-0371,ACC-0449,22213.0,INR,NEFT,transfer,utilities,Bangalore,completed,,
TXN-9472DD965D8F,2026-08-11 03:27:11,ACC-0182,ACC-0398,19252.11,INR,IMPS,transfer,shopping,Chennai,completed,,
TXN-569DFDF14A1E,2026-08-11 03:33:26,ACC-0509,ACC-0458,12703.9,INR,IMPS,transfer,,Hyderabad,completed,,
TXN-1520F5DA9296,2026-08-11 03:36:40,ACC-0134,ACC-0283,24107.95,INR,UPI,transfer,,Hyderabad,completed,,
TXN-72EEDF3950F8,2026-08-11 03:40:44,ACC-0438,ACC-0465,641.12,INR,UPI,transfer,restaurant,Ahmedabad,completed,,
TXN-E3EF62F72A9F,2026-08-11 03:41:00,ACC-0245,ACC-0106,5365.22,INR,IMPS,transfer,,Pune,completed,,
TXN-1EBA93C0DE2A,2026-08-11 03:54:16,ACC-0306,ACC-0454,11562.46,INR,IMPS,transfer,,Chennai,completed,,
TXN-D58A1579916D,2026-08-11 03:55:30,ACC-0268,ACC-0109,13826.94,INR,IMPS,transfer,rent,Kolkata,completed,,
TXN-07162666AFAF,2026-08-11 03:57:06,ACC-0260,ACC-0136,24096.25,INR,UPI,transfer,rent,Kolkata,completed,,
TXN-C08BFF1CFDA3,2026-08-11 04:10:04,ACC-0548,ACC-0218,24665.48,INR,RTGS,transfer,subscription,Bangalore,completed,,
TXN-E7D9121CC0D9,2026-08-11 04:16:31,ACC-0150,ACC-0471,20897.36,INR,UPI,transfer,shopping,Kolkata,completed,,
TXN-7F2F36B8F891,2026-08-11 04:18:25,ACC-0475,ACC-0574,65674.58,INR,NEFT,transfer,fuel,Ahmedabad,completed,,
TXN-A7C768D67959,2026-08-11 04:19:20,ACC-0586,ACC-0385,26112.13,INR,UPI,transfer,fuel,Bangalore,completed,,
TXN-69D08C3B705A,2026-08-11 04:27:12,ACC-0171,ACC-0151,22849.29,INR,NEFT,transfer,medical,Bangalore,completed,,
TXN-85A5ED1133EE,2026-08-11 04:42:45,ACC-0301,ACC-0518,43555.98,INR,UPI,transfer,fuel,Ahmedabad,completed,,
TXN-D85F7B377F6E,2026-08-11 04:54:43,ACC-0443,ACC-0488,21206.19,INR,UPI,transfer,subscription,Chennai,completed,,
TXN-C2AF3D58EC9D,2026-08-11 04:56:25,ACC-0309,ACC-0345,25463.63,INR,NEFT,transfer,rent,Pune,completed,,
TXN-S002-001,2026-08-11 05:00:00,ACC-0104,ACC-0144,68823.04,INR,UPI,transfer,,Mumbai,completed,SCENARIO-002,synthetic_suspicious_pattern
TXN-455246D08108,2026-08-11 05:07:56,ACC-0215,ACC-0339,11550.24,INR,RTGS,transfer,,Bangalore,completed,,
TXN-5F3827B01C3E,2026-08-11 05:10:57,ACC-0235,ACC-0310,73267.79,INR,NEFT,transfer,shopping,Pune,completed,,
TXN-S002-002,2026-08-11 05:15:00,ACC-0104,ACC-0145,49747.72,INR,IMPS,transfer,,Mumbai,completed,SCENARIO-002,synthetic_suspicious_pattern
TXN-E4BFA96F9F46,2026-08-11 05:20:43,ACC-0482,ACC-0312,69295.32,INR,UPI,transfer,subscription,Bangalore,completed,,
TXN-04BF8212F293,2026-08-11 05:22:26,ACC-0192,ACC-0309,65237.39,INR,RTGS,transfer,,Pune,completed,,
TXN-31702EFB185C,2026-08-11 05:28:04,ACC-0496,ACC-0267,14284.69,INR,NEFT,transfer,groceries,Bangalore,completed,,
TXN-3AACE096184C,2026-08-11 05:29:48,ACC-0264,ACC-0376,58400.81,INR,UPI,transfer,,Pune,completed,,
TXN-S002-003,2026-08-11 05:30:00,ACC-0104,ACC-0146,42460.03,INR,UPI,transfer,,Mumbai,completed,SCENARIO-002,synthetic_suspicious_pattern
TXN-1ABF5E5586A8,2026-08-11 05:32:49,ACC-0326,ACC-0573,21930.75,INR,NEFT,transfer,fuel,Kolkata,completed,,
TXN-1FAF62139F4C,2026-08-11 05:36:59,ACC-0304,ACC-0444,22213.56,INR,UPI,transfer,restaurant,Chennai,completed,,
TXN-C5C8CD5CFAF2,2026-08-11 05:38:52,ACC-0209,ACC-0460,18554.15,INR,UPI,transfer,shopping,Kolkata,completed,,
TXN-E0D879C534FF,2026-08-11 05:40:49,ACC-0398,ACC-0322,10339.26,INR,IMPS,transfer,,Mumbai,completed,,
TXN-S002-004,2026-08-11 05:45:00,ACC-0104,ACC-0147,37211.26,INR,UPI,transfer,,Mumbai,completed,SCENARIO-002,synthetic_suspicious_pattern
TXN-S002-005,2026-08-11 06:00:00,ACC-0104,ACC-0148,37115.58,INR,NEFT,transfer,,Mumbai,completed,SCENARIO-002,synthetic_suspicious_pattern
TXN-BF2068E1F61A,2026-08-11 06:13:24,ACC-0424,ACC-0437,10231.6,INR,UPI,transfer,shopping,Chennai,completed,,
TXN-S002-006,2026-08-11 06:15:00,ACC-0104,ACC-0149,40056.94,INR,NEFT,transfer,,Mumbai,completed,SCENARIO-002,synthetic_suspicious_pattern
TXN-FF2EBC5D000F,2026-08-11 06:27:27,ACC-0371,ACC-0439,16048.51,INR,UPI,transfer,utilities,Kolkata,completed,,
TXN-S002-007,2026-08-11 06:30:00,ACC-0104,ACC-0150,70906.5,INR,UPI,transfer,,Mumbai,completed,SCENARIO-002,synthetic_suspicious_pattern
TXN-CC7FC7AD81E6,2026-08-11 06:39:12,ACC-0558,ACC-0112,16057.1,INR,UPI,transfer,,Ahmedabad,completed,,
TXN-S002-008,2026-08-11 06:45:00,ACC-0104,ACC-0151,47581.75,INR,UPI,transfer,,Mumbai,completed,SCENARIO-002,synthetic_suspicious_pattern
TXN-E6CB835A7959,2026-08-11 06:49:52,ACC-0206,ACC-0580,23540.93,INR,NEFT,transfer,rent,Delhi,completed,,
TXN-57DB80995620,2026-08-11 06:54:16,ACC-0335,ACC-0220,16800.24,INR,UPI,transfer,utilities,Bangalore,completed,,
TXN-CE8F3C81C730,2026-08-11 07:16:00,ACC-0303,ACC-0156,17931.51,INR,RTGS,transfer,fuel,Chennai,completed,,
TXN-6D5A28267CC2,2026-08-11 07:18:08,ACC-0456,ACC-0231,14313.16,INR,UPI,transfer,shopping,Mumbai,completed,,
TXN-B57D30AA0953,2026-08-11 07:19:01,ACC-0143,ACC-0200,10994.07,INR,IMPS,transfer,rent,Mumbai,completed,,
TXN-176DB0CDD365,2026-08-11 07:20:49,ACC-0122,ACC-0438,86439.33,INR,UPI,transfer,subscription,Ahmedabad,completed,,
TXN-62742F63BC68,2026-08-11 07:26:58,ACC-0217,ACC-0370,22518.12,INR,UPI,transfer,,Delhi,completed,,
TXN-CDB8C6B2C54A,2026-08-11 07:30:03,ACC-0175,ACC-0382,19713.6,INR,NEFT,transfer,fuel,Chennai,completed,,
TXN-0177F7E96CB6,2026-08-11 07:32:42,ACC-0367,ACC-0433,24122.32,INR,UPI,transfer,utilities,Chennai,completed,,
TXN-D0FBA94292C6,2026-08-11 07:40:31,ACC-0454,ACC-0496,15585.32,INR,UPI,transfer,restaurant,Chennai,completed,,
TXN-5049E5899015,2026-08-11 07:44:17,ACC-0312,ACC-0108,17086.15,INR,RTGS,transfer,utilities,Ahmedabad,completed,,
TXN-83DEECBA9C9F,2026-08-11 07:45:34,ACC-0467,ACC-0115,21917.77,INR,RTGS,transfer,subscription,Mumbai,completed,,
TXN-EA6EC743F500,2026-08-11 07:59:48,ACC-0483,ACC-0592,8713.12,INR,IMPS,transfer,fuel,Bangalore,completed,,
TXN-297307AB23A9,2026-08-11 08:06:44,ACC-0204,ACC-0259,23831.17,INR,RTGS,transfer,medical,Ahmedabad,completed,,
TXN-8C54B9E80F79,2026-08-11 08:08:53,ACC-0298,ACC-0242,20136.11,INR,NEFT,transfer,groceries,Mumbai,completed,,
TXN-C16E2514745F,2026-08-11 08:28:02,ACC-0572,ACC-0275,14919.76,INR,RTGS,transfer,medical,Bangalore,completed,,
TXN-B12A8A9CF7C2,2026-08-11 08:39:16,ACC-0102,ACC-0228,17419.52,INR,IMPS,transfer,,Kolkata,completed,,
TXN-AB664F8DA7E8,2026-08-11 08:48:09,ACC-0492,ACC-0330,19233.01,INR,IMPS,transfer,rent,Bangalore,completed,,
TXN-D8A3EA7F4ACE,2026-08-11 09:00:10,ACC-0547,ACC-0442,19769.52,INR,IMPS,transfer,restaurant,Pune,completed,,
TXN-33F16C85BD1F,2026-08-11 09:00:59,ACC-0145,ACC-0276,18387.7,INR,UPI,transfer,,Bangalore,completed,,
TXN-40A2389D4B30,2026-08-11 09:08:18,ACC-0591,ACC-0310,10553.7,INR,UPI,transfer,medical,Ahmedabad,completed,,
TXN-0CE2D7862B1E,2026-08-11 09:09:31,ACC-0146,ACC-0346,11231.44,INR,UPI,transfer,subscription,Kolkata,completed,,
TXN-001A1E305D67,2026-08-11 09:18:29,ACC-0487,ACC-0447,25926.65,INR,UPI,transfer,restaurant,Mumbai,completed,,
TXN-0B8AEE7F8C4B,2026-08-11 09:42:46,ACC-0139,ACC-0276,5145.71,INR,UPI,transfer,,Pune,completed,,
TXN-B481EDAAC4C9,2026-08-11 09:46:08,ACC-0354,ACC-0409,16607.74,INR,IMPS,transfer,,Ahmedabad,completed,,
TXN-8C969FA0A0B0,2026-08-11 10:19:08,ACC-0323,ACC-0380,3587.09,INR,NEFT,transfer,utilities,Mumbai,completed,,
TXN-1F725E3F02BA,2026-08-11 10:21:38,ACC-0484,ACC-0427,12887.02,INR,UPI,transfer,utilities,Kolkata,completed,,
TXN-3F22BEE6CE19,2026-08-11 10:27:26,ACC-0516,ACC-0200,20845.59,INR,UPI,transfer,shopping,Delhi,completed,,
TXN-05988F28C716,2026-08-11 10:33:55,ACC-0380,ACC-0347,14026.28,INR,NEFT,transfer,shopping,Hyderabad,completed,,
TXN-659CC7823A38,2026-08-11 10:37:07,ACC-0459,ACC-0360,126469.03,INR,IMPS,transfer,,Pune,completed,,
TXN-CCD76FC6B152,2026-08-11 10:42:11,ACC-0377,ACC-0542,13481.9,INR,UPI,transfer,groceries,Mumbai,completed,,
TXN-91A6313F7AF5,2026-08-11 10:43:31,ACC-0538,ACC-0520,80579.85,INR,NEFT,transfer,rent,Delhi,completed,,
TXN-8E437954BB00,2026-08-11 10:55:47,ACC-0414,ACC-0289,6566.9,INR,UPI,transfer,subscription,Pune,completed,,
TXN-5793349FA6E0,2026-08-11 11:00:35,ACC-0305,ACC-0398,12568.39,INR,NEFT,transfer,medical,Pune,completed,,
TXN-B707CBA46249,2026-08-11 11:25:12,ACC-0410,ACC-0271,11726.15,INR,UPI,transfer,restaurant,Pune,completed,,
TXN-EA2C2398EF9A,2026-08-11 11:44:17,ACC-0508,ACC-0219,17977.01,INR,IMPS,transfer,,Bangalore,completed,,
TXN-E44D2611936A,2026-08-11 11:47:23,ACC-0224,ACC-0340,3640.07,INR,UPI,transfer,,Kolkata,completed,,
TXN-64397C393EF7,2026-08-11 11:51:51,ACC-0186,ACC-0183,22969.84,INR,UPI,transfer,groceries,Hyderabad,completed,,
TXN-CB7B0EA14C35,2026-08-11 12:39:48,ACC-0496,ACC-0557,12710.21,INR,NEFT,transfer,medical,Ahmedabad,completed,,
TXN-D09C1E70B487,2026-08-11 12:44:17,ACC-0509,ACC-0562,12010.77,INR,UPI,transfer,rent,Ahmedabad,completed,,
TXN-CB9C92A318AC,2026-08-11 12:58:41,ACC-0487,ACC-0117,8414.98,INR,UPI,transfer,rent,Delhi,completed,,
TXN-9FC8C8B2A999,2026-08-11 13:00:19,ACC-0458,ACC-0389,17529.43,INR,IMPS,transfer,rent,Bangalore,completed,,
TXN-ABDEA7A07902,2026-08-11 13:20:54,ACC-0256,ACC-0128,19903.5,INR,NEFT,transfer,utilities,Bangalore,completed,,
TXN-4CE65C3127D2,2026-08-11 13:34:03,ACC-0339,ACC-0212,20235.94,INR,NEFT,transfer,groceries,Bangalore,completed,,
TXN-647BAA579D56,2026-08-11 13:35:28,ACC-0411,ACC-0416,20885.27,INR,IMPS,transfer,shopping,Mumbai,completed,,
TXN-42405E55EF50,2026-08-11 13:44:58,ACC-0216,ACC-0122,12827.21,INR,UPI,transfer,shopping,Ahmedabad,completed,,
TXN-CA67C0383FB4,2026-08-11 14:04:06,ACC-0243,ACC-0143,23578.59,INR,UPI,transfer,,Chennai,completed,,
TXN-129A2CC86A87,2026-08-11 14:09:07,ACC-0370,ACC-0315,13103.43,INR,NEFT,transfer,,Delhi,completed,,
TXN-5CD2708AB1FB,2026-08-11 14:31:05,ACC-0523,ACC-0517,20098.04,INR,IMPS,transfer,,Mumbai,completed,,
TXN-DCEDCBA31BC5,2026-08-11 14:34:03,ACC-0105,ACC-0499,35078.01,INR,RTGS,transfer,,Bangalore,completed,,
TXN-4228168CC481,2026-08-11 14:50:47,ACC-0582,ACC-0310,16662.71,INR,IMPS,transfer,medical,Pune,completed,,
TXN-2947E35F2929,2026-08-11 14:51:07,ACC-0353,ACC-0148,16544.04,INR,UPI,transfer,fuel,Pune,completed,,
TXN-02327881A8C1,2026-08-11 14:55:46,ACC-0276,ACC-0411,20301.73,INR,IMPS,transfer,utilities,Ahmedabad,completed,,
TXN-CC308BC82DFF,2026-08-11 15:10:34,ACC-0108,ACC-0562,22955.24,INR,UPI,transfer,medical,Delhi,completed,,
TXN-69CEBDB0459F,2026-08-11 15:16:39,ACC-0380,ACC-0323,12021.41,INR,RTGS,transfer,restaurant,Ahmedabad,completed,,
TXN-85A876E6B58A,2026-08-11 15:23:29,ACC-0185,ACC-0284,14219.92,INR,NEFT,transfer,fuel,Hyderabad,completed,,
TXN-9F33746CE4E4,2026-08-11 15:24:53,ACC-0375,ACC-0239,17397.43,INR,IMPS,transfer,restaurant,Pune,completed,,
TXN-9913BC6A5367,2026-08-11 15:27:50,ACC-0128,ACC-0274,16784.94,INR,IMPS,transfer,restaurant,Mumbai,completed,,
TXN-14A922906F6A,2026-08-11 15:47:51,ACC-0177,ACC-0483,24240.36,INR,NEFT,transfer,,Pune,completed,,
TXN-61CBFEE38119,2026-08-11 15:54:26,ACC-0465,ACC-0556,19354.86,INR,IMPS,transfer,shopping,Bangalore,completed,,
TXN-2E68F9324425,2026-08-11 15:56:30,ACC-0415,ACC-0438,27475.27,INR,NEFT,transfer,,Mumbai,completed,,
TXN-E75622865C28,2026-08-11 15:58:15,ACC-0563,ACC-0362,49945.77,INR,IMPS,transfer,restaurant,Kolkata,completed,,
TXN-49C908B4005F,2026-08-11 16:00:40,ACC-0101,ACC-0585,10832.54,INR,NEFT,transfer,shopping,Pune,completed,,
TXN-8CE9FE15848C,2026-08-11 16:28:57,ACC-A-001,ACC-0455,75982.72,INR,IMPS,transfer,restaurant,Delhi,completed,,
TXN-D1546233D9D0,2026-08-11 16:36:32,ACC-0308,ACC-0434,26876.16,INR,UPI,transfer,,Mumbai,completed,,
TXN-0431240BFB7B,2026-08-11 16:45:59,ACC-0255,ACC-0169,15727.78,INR,IMPS,transfer,medical,Chennai,completed,,
TXN-D1CF23B46F69,2026-08-11 16:51:18,ACC-0278,ACC-0279,16558.35,INR,NEFT,transfer,fuel,Pune,completed,,
TXN-B244BE6B2A3B,2026-08-11 16:58:47,ACC-0134,ACC-0275,23812.55,INR,NEFT,transfer,restaurant,Ahmedabad,completed,,
TXN-97B089800FE0,2026-08-11 17:00:55,ACC-0339,ACC-0272,19063.39,INR,IMPS,transfer,fuel,Hyderabad,completed,,
TXN-2DDA969D0D95,2026-08-11 17:19:35,ACC-0567,ACC-0293,11013.25,INR,RTGS,transfer,rent,Chennai,completed,,
TXN-0659EAF49F6C,2026-08-11 17:39:03,ACC-0322,ACC-0542,4133.22,INR,UPI,transfer,subscription,Kolkata,completed,,
TXN-890F75C283DD,2026-08-11 17:40:55,ACC-0379,ACC-0102,21976.26,INR,UPI,transfer,,Kolkata,completed,,
TXN-9E83BCE24521,2026-08-11 17:54:46,ACC-0198,ACC-0155,15191.4,INR,UPI,transfer,shopping,Chennai,completed,,
TXN-D8AE9A243A65,2026-08-11 17:55:05,ACC-0165,ACC-0310,18345.54,INR,NEFT,transfer,fuel,Hyderabad,completed,,
TXN-621C47EED8AE,2026-08-11 17:55:13,ACC-0268,ACC-0234,11237.79,INR,NEFT,transfer,subscription,Delhi,completed,,
TXN-906F950B8AC2,2026-08-11 17:55:39,ACC-0474,ACC-0425,20020.97,INR,UPI,transfer,,Hyderabad,completed,,
TXN-4A70E5D22B71,2026-08-11 18:01:42,ACC-0363,ACC-0483,38068.09,INR,UPI,transfer,shopping,Mumbai,completed,,
TXN-16D6712AC880,2026-08-11 18:10:19,ACC-0172,ACC-0275,21470.48,INR,RTGS,transfer,medical,Chennai,completed,,
TXN-0DC313E93796,2026-08-11 18:16:11,ACC-0496,ACC-0245,13173.94,INR,RTGS,transfer,shopping,Pune,completed,,
TXN-AB87571B4F94,2026-08-11 18:17:59,ACC-0475,ACC-0458,31222.91,INR,UPI,transfer,groceries,Chennai,completed,,
TXN-9CCB6A455C2B,2026-08-11 18:24:36,ACC-0489,ACC-0156,9335.98,INR,UPI,transfer,groceries,Delhi,completed,,
TXN-303939C9FB49,2026-08-11 18:25:31,ACC-0282,ACC-0490,15287.84,INR,IMPS,transfer,medical,Kolkata,completed,,
TXN-916CB6DBE162,2026-08-11 18:34:09,ACC-0171,ACC-0366,23426.81,INR,IMPS,transfer,medical,Kolkata,completed,,
TXN-A72451400E71,2026-08-11 18:35:12,ACC-0387,ACC-0196,17823.54,INR,UPI,transfer,shopping,Pune,completed,,
TXN-0D4B562C1A2C,2026-08-11 19:09:53,ACC-0549,ACC-0354,28759.21,INR,UPI,transfer,subscription,Pune,completed,,
TXN-6C5D51613956,2026-08-11 19:13:37,ACC-0562,ACC-0123,18763.15,INR,UPI,transfer,medical,Bangalore,completed,,
TXN-618F55C19727,2026-08-11 19:17:07,ACC-0342,ACC-0105,17123.56,INR,UPI,transfer,,Ahmedabad,completed,,
TXN-265F51932E95,2026-08-11 19:26:41,ACC-0480,ACC-0543,22128.02,INR,NEFT,transfer,,Ahmedabad,completed,,
TXN-3AA59048DBD9,2026-08-11 19:30:59,ACC-0568,ACC-0160,24196.04,INR,NEFT,transfer,subscription,Ahmedabad,completed,,
TXN-98FBF49262D2,2026-08-11 19:34:26,ACC-0567,ACC-0148,13274.4,INR,IMPS,transfer,fuel,Pune,completed,,
TXN-58144AC2B3FF,2026-08-11 19:36:23,ACC-0289,ACC-C-001,21000.8,INR,UPI,transfer,medical,Delhi,completed,,
TXN-6BCE61064F95,2026-08-11 19:37:01,ACC-0510,ACC-0264,24598.69,INR,IMPS,transfer,fuel,Ahmedabad,completed,,
TXN-817886D68281,2026-08-11 19:44:05,ACC-0370,ACC-0207,12568.73,INR,UPI,transfer,medical,Pune,completed,,
TXN-875A5749BF19,2026-08-11 19:51:00,ACC-0514,ACC-0460,12027.6,INR,IMPS,transfer,fuel,Mumbai,completed,,
TXN-BCBA6E963B4F,2026-08-11 20:12:40,ACC-0232,ACC-0105,25525.82,INR,NEFT,transfer,rent,Chennai,completed,,
TXN-365CA39EC740,2026-08-11 20:16:54,ACC-0129,ACC-0366,25814.14,INR,UPI,transfer,rent,Ahmedabad,completed,,
TXN-DD6E9016E57E,2026-08-11 20:18:09,ACC-0585,ACC-0106,24085.53,INR,UPI,transfer,utilities,Ahmedabad,completed,,
TXN-84BE9500EC90,2026-08-11 20:21:59,ACC-0475,ACC-0442,74560.91,INR,IMPS,transfer,medical,Chennai,completed,,
TXN-ABD1C1B6902E,2026-08-11 20:34:15,ACC-0544,ACC-0283,12290.38,INR,UPI,transfer,fuel,Hyderabad,completed,,
TXN-C968AF534648,2026-08-11 20:38:56,ACC-0579,ACC-0384,20099.63,INR,UPI,transfer,shopping,Ahmedabad,completed,,
TXN-8F34DB5CC895,2026-08-11 20:42:40,ACC-0185,ACC-0229,11570.99,INR,UPI,transfer,,Kolkata,completed,,
TXN-87BBB9F5D7F3,2026-08-11 20:45:55,ACC-0466,ACC-0496,9644.66,INR,UPI,transfer,subscription,Bangalore,completed,,
TXN-C63FD2699E5C,2026-08-11 20:56:00,ACC-0280,ACC-0152,19230.56,INR,UPI,transfer,,Bangalore,completed,,
TXN-C8D5461BDB91,2026-08-11 20:56:24,ACC-0346,ACC-0131,20778.43,INR,IMPS,transfer,groceries,Pune,completed,,
TXN-273CD475AE05,2026-08-11 21:05:22,ACC-0417,ACC-0478,18752.05,INR,UPI,transfer,,Hyderabad,completed,,
TXN-E88F6F19F060,2026-08-11 21:38:44,ACC-0353,ACC-0282,28875.12,INR,NEFT,transfer,utilities,Hyderabad,completed,,
TXN-734A3FBFEBD2,2026-08-11 21:43:09,ACC-0145,ACC-0357,17087.69,INR,IMPS,transfer,restaurant,Kolkata,completed,,
TXN-F393058FD160,2026-08-11 21:45:16,ACC-0431,ACC-0493,17739.12,INR,IMPS,transfer,groceries,Mumbai,completed,,
TXN-B8E51703E5EF,2026-08-11 21:46:22,ACC-0175,ACC-0200,27764.87,INR,UPI,transfer,groceries,Mumbai,completed,,
TXN-CA4D74BFDF2D,2026-08-11 22:07:58,ACC-0277,ACC-0164,12354.73,INR,NEFT,transfer,subscription,Ahmedabad,completed,,
TXN-4CEA23CE5E4A,2026-08-11 22:08:50,ACC-0413,ACC-0274,20838.64,INR,UPI,transfer,groceries,Hyderabad,completed,,
TXN-D695D38E53A4,2026-08-11 22:19:51,ACC-0234,ACC-0451,13039.38,INR,UPI,transfer,,Mumbai,completed,,
TXN-732E4E11FCD0,2026-08-11 22:37:48,ACC-0470,ACC-0132,15618.92,INR,UPI,transfer,,Delhi,completed,,
TXN-2CB4AAE42611,2026-08-11 22:44:10,ACC-0179,ACC-0136,14718.17,INR,UPI,transfer,shopping,Hyderabad,completed,,
TXN-A9405D54B57D,2026-08-11 22:46:36,ACC-0134,ACC-0151,24355.08,INR,RTGS,transfer,rent,Kolkata,completed,,
TXN-3D2689BE166A,2026-08-11 22:56:57,ACC-0277,ACC-0491,18216.23,INR,NEFT,transfer,medical,Ahmedabad,completed,,
TXN-E1C9457F5B8A,2026-08-11 22:57:51,ACC-0259,ACC-0533,70716.44,INR,IMPS,transfer,utilities,Bangalore,completed,,
TXN-336CD7D9890F,2026-08-11 22:58:54,ACC-0291,ACC-0572,7731.14,INR,UPI,transfer,medical,Hyderabad,completed,,
TXN-82E4EBEA7752,2026-08-11 23:31:24,ACC-0380,ACC-0438,12311.7,INR,UPI,transfer,rent,Bangalore,completed,,
TXN-E1D1BF7B3484,2026-08-11 23:33:02,ACC-0530,ACC-0390,21115.98,INR,CASH,transfer,,Hyderabad,completed,,
TXN-9105CF535577,2026-08-11 23:38:29,ACC-0117,ACC-0584,13897.37,INR,UPI,transfer,shopping,Kolkata,completed,,
TXN-31CBF306882D,2026-08-11 23:51:14,ACC-0422,ACC-0141,15590.92,INR,UPI,transfer,subscription,Pune,completed,,
TXN-F6C46D4B34A3,2026-08-12 00:03:16,ACC-0330,ACC-0367,14894.78,INR,NEFT,transfer,medical,Mumbai,completed,,
TXN-967B6611BD0B,2026-08-12 00:05:55,ACC-0198,ACC-0114,21894.53,INR,UPI,transfer,utilities,Pune,completed,,
TXN-20AD90064770,2026-08-12 00:06:01,ACC-0584,ACC-0562,33430.86,INR,IMPS,transfer,rent,Mumbai,completed,,
TXN-D6A6F06479F9,2026-08-12 00:06:53,ACC-0577,ACC-0545,15422.48,INR,UPI,transfer,rent,Mumbai,completed,,
TXN-1AC22071A5C5,2026-08-12 00:14:09,ACC-0248,ACC-0236,23911.26,INR,UPI,transfer,fuel,Kolkata,completed,,
TXN-963CB3970F5E,2026-08-12 00:14:54,ACC-0382,ACC-0217,23874.58,INR,IMPS,transfer,medical,Pune,completed,,
TXN-470B29120073,2026-08-12 00:21:00,ACC-0578,ACC-0437,22013.31,INR,UPI,transfer,restaurant,Delhi,completed,,
TXN-FD75543BBA47,2026-08-12 00:21:05,ACC-0202,ACC-0556,12493.13,INR,NEFT,transfer,groceries,Delhi,completed,,
TXN-49C15A2CD062,2026-08-12 00:27:24,ACC-0389,ACC-0584,11815.94,INR,IMPS,transfer,shopping,Kolkata,completed,,
TXN-B7A53AEA7B61,2026-08-12 00:28:12,ACC-0122,ACC-0350,78681.38,INR,UPI,transfer,rent,Hyderabad,completed,,
TXN-2E468086976F,2026-08-12 00:29:14,ACC-0584,ACC-0172,6373.45,INR,NEFT,transfer,subscription,Delhi,completed,,
TXN-C10516D881D7,2026-08-12 00:41:14,ACC-0173,ACC-0570,17384.41,INR,NEFT,transfer,,Kolkata,completed,,
TXN-854D5063D529,2026-08-12 00:50:56,ACC-0495,ACC-0316,17097.02,INR,IMPS,transfer,,Chennai,completed,,
TXN-C68FA14CAF7B,2026-08-12 00:51:30,ACC-0108,ACC-0498,26621.63,INR,UPI,transfer,utilities,Ahmedabad,completed,,
TXN-B3B7D96710BD,2026-08-12 00:56:37,ACC-0152,ACC-0187,19777.81,INR,IMPS,transfer,,Ahmedabad,completed,,
TXN-8EEC2F40C783,2026-08-12 01:09:55,ACC-0529,ACC-0488,16292.28,INR,UPI,transfer,,Pune,completed,,
TXN-91622B651D75,2026-08-12 01:43:24,ACC-F-001,ACC-0247,21256.99,INR,NEFT,transfer,restaurant,Hyderabad,completed,,
TXN-12D8513B630E,2026-08-12 01:45:15,ACC-0581,ACC-0592,16908.49,INR,IMPS,transfer,rent,Pune,completed,,
TXN-5B325777B8DB,2026-08-12 01:59:19,ACC-0461,ACC-0232,19349.63,INR,NEFT,transfer,restaurant,Bangalore,completed,,
TXN-S006-001,2026-08-12 02:00:00,ACC-0126,ACC-0111,5000000.0,INR,RTGS,transfer,,Hyderabad,completed,SCENARIO-006,synthetic_suspicious_pattern
TXN-58868DF3BFE3,2026-08-12 02:07:15,ACC-0311,ACC-0388,9295.29,INR,IMPS,transfer,fuel,Bangalore,completed,,
TXN-370BA2F24369,2026-08-12 02:12:59,ACC-0158,ACC-0563,23565.21,INR,IMPS,transfer,,Mumbai,completed,,
TXN-75B4ACF518DD,2026-08-12 02:16:54,ACC-0157,ACC-0252,23580.15,INR,RTGS,transfer,fuel,Bangalore,completed,,
TXN-87C052901047,2026-08-12 02:23:06,ACC-0259,ACC-0384,10319.47,INR,UPI,transfer,,Mumbai,completed,,
TXN-7EC60D0F38DE,2026-08-12 02:35:48,ACC-0173,ACC-0370,22222.42,INR,UPI,transfer,medical,Pune,completed,,
TXN-5E80AA6EBBFA,2026-08-12 02:38:31,ACC-0151,ACC-0137,30583.33,INR,NEFT,transfer,medical,Ahmedabad,completed,,
TXN-E835D2C3C92B,2026-08-12 02:39:17,ACC-0390,ACC-0290,15328.88,INR,UPI,transfer,restaurant,Delhi,completed,,
TXN-EE357CA174F9,2026-08-12 02:44:56,ACC-0471,ACC-0417,23727.28,INR,UPI,transfer,fuel,Mumbai,completed,,
TXN-0BCD7B79206D,2026-08-12 02:46:54,ACC-0460,ACC-0435,1803.87,INR,NEFT,transfer,rent,Ahmedabad,completed,,
TXN-F36513AA7FB8,2026-08-12 03:07:03,ACC-0579,ACC-0468,993.9,INR,UPI,transfer,groceries,Hyderabad,completed,,
TXN-80A8EDB41F8F,2026-08-12 03:16:35,ACC-0193,ACC-0309,20232.09,INR,UPI,transfer,rent,Kolkata,completed,,
TXN-724DADFCDDC4,2026-08-12 03:20:25,ACC-0526,ACC-0133,17902.21,INR,NEFT,transfer,medical,Mumbai,completed,,
TXN-DE95F806400F,2026-08-12 04:02:46,ACC-0154,ACC-0275,25155.14,INR,NEFT,transfer,subscription,Chennai,completed,,
TXN-58E9BDCCAA13,2026-08-12 04:17:05,ACC-0390,ACC-0372,17201.1,INR,UPI,transfer,medical,Pune,completed,,
TXN-590DF9FE9CD0,2026-08-12 04:20:21,ACC-0196,ACC-0483,19751.24,INR,RTGS,transfer,fuel,Chennai,completed,,
TXN-B854B428DB43,2026-08-12 04:28:02,ACC-0275,ACC-0562,10391.79,INR,UPI,transfer,groceries,Chennai,completed,,
TXN-73776A3E70B7,2026-08-12 04:30:36,ACC-0256,ACC-0288,18215.27,INR,UPI,transfer,,Delhi,completed,,
TXN-77FF4ED7C195,2026-08-12 04:31:27,ACC-0198,ACC-0261,19474.97,INR,UPI,transfer,medical,Delhi,completed,,
TXN-ED59678CD855,2026-08-12 04:41:58,ACC-0540,ACC-0466,24330.76,INR,IMPS,transfer,utilities,Mumbai,completed,,
TXN-7BA67D9251A8,2026-08-12 05:16:49,ACC-0262,ACC-0420,19741.25,INR,UPI,transfer,,Bangalore,completed,,
TXN-F34891BD83CF,2026-08-12 05:18:48,ACC-C-001,ACC-0190,20309.92,INR,UPI,transfer,utilities,Bangalore,completed,,
TXN-86A669C85C4B,2026-08-12 05:21:06,ACC-0453,ACC-0507,12612.08,INR,NEFT,transfer,fuel,Hyderabad,completed,,
TXN-08E5D1FCB529,2026-08-12 05:25:57,ACC-0347,ACC-0199,22717.49,INR,NEFT,transfer,groceries,Mumbai,completed,,
TXN-C91B896E6DC0,2026-08-12 05:31:07,ACC-0180,ACC-0274,13620.98,INR,UPI,transfer,medical,Chennai,completed,,
TXN-F99D7ED1A5DA,2026-08-12 05:32:32,ACC-0338,ACC-0347,25126.58,INR,UPI,transfer,shopping,Bangalore,completed,,
TXN-EF5E52A5C080,2026-08-12 05:37:41,ACC-0110,ACC-0433,15676.99,INR,CASH,transfer,subscription,Pune,completed,,
TXN-2F35F60ACF89,2026-08-12 05:44:26,ACC-0324,ACC-0186,10643.53,INR,UPI,transfer,,Chennai,completed,,
TXN-74828D4B028A,2026-08-12 05:53:15,ACC-0516,ACC-0133,22055.14,INR,UPI,transfer,,Mumbai,completed,,
TXN-25F05CE9E8D8,2026-08-12 05:55:06,ACC-0214,ACC-0284,22432.79,INR,NEFT,transfer,,Ahmedabad,completed,,
TXN-6EFC408F8FE2,2026-08-12 06:00:30,ACC-0483,ACC-0578,13136.24,INR,UPI,transfer,rent,Delhi,completed,,
TXN-5EE7887B1B2A,2026-08-12 06:09:15,ACC-0155,ACC-0284,6048.73,INR,UPI,transfer,,Bangalore,completed,,
TXN-97083A771679,2026-08-12 06:13:09,ACC-0272,ACC-0381,23547.27,INR,RTGS,transfer,fuel,Ahmedabad,completed,,
TXN-7BC50FE85FEE,2026-08-12 06:17:48,ACC-0383,ACC-0150,24622.9,INR,UPI,transfer,fuel,Bangalore,completed,,
TXN-C305A5B38DC2,2026-08-12 06:19:19,ACC-0127,ACC-0173,22734.28,INR,IMPS,transfer,utilities,Delhi,completed,,
TXN-73512918265B,2026-08-12 06:38:48,ACC-0265,ACC-0181,19263.82,INR,CASH,transfer,shopping,Kolkata,completed,,
TXN-27C36B1CF76E,2026-08-12 06:44:55,ACC-0494,ACC-0417,12615.25,INR,CASH,transfer,shopping,Chennai,completed,,
TXN-68A63AF24799,2026-08-12 06:56:39,ACC-G-001,ACC-0102,11278.75,INR,UPI,transfer,subscription,Bangalore,completed,,
TXN-0CB18100E49A,2026-08-12 07:08:16,ACC-0411,ACC-0120,18556.42,INR,RTGS,transfer,rent,Hyderabad,completed,,
TXN-6403D866A496,2026-08-12 07:12:14,ACC-0424,ACC-0135,21720.73,INR,IMPS,transfer,,Pune,completed,,
TXN-1AE541C23269,2026-08-12 07:13:01,ACC-0345,ACC-0499,18682.28,INR,NEFT,transfer,utilities,Pune,completed,,
TXN-CE595EDEC693,2026-08-12 07:15:41,ACC-0486,ACC-0413,4415.7,INR,IMPS,transfer,fuel,Ahmedabad,completed,,
TXN-1BEE5798FB21,2026-08-12 07:25:00,ACC-0235,ACC-0433,116118.42,INR,NEFT,transfer,restaurant,Bangalore,completed,,
TXN-E8ABDCCE4410,2026-08-12 07:28:30,ACC-0307,ACC-0217,10340.21,INR,UPI,transfer,fuel,Pune,completed,,
TXN-00E367D6989B,2026-08-12 07:34:20,ACC-0105,ACC-0395,22733.06,INR,CASH,transfer,subscription,Hyderabad,completed,,
TXN-6CC2D8E63D76,2026-08-12 08:24:01,ACC-0529,ACC-0502,17679.79,INR,UPI,transfer,shopping,Kolkata,completed,,
TXN-5FFF9399A617,2026-08-12 08:30:06,ACC-0162,ACC-0421,19450.21,INR,NEFT,transfer,shopping,Hyderabad,completed,,
TXN-2CAB1A9A72A0,2026-08-12 08:34:22,ACC-0468,ACC-0234,28916.06,INR,UPI,transfer,rent,Delhi,completed,,
TXN-CDE26A6F6E82,2026-08-12 08:36:26,ACC-A-001,ACC-0352,4524.34,INR,CASH,transfer,shopping,Hyderabad,completed,,
TXN-005DB70BBBFD,2026-08-12 08:37:24,ACC-0180,ACC-0568,22535.68,INR,UPI,transfer,medical,Ahmedabad,completed,,
TXN-8232D8B49950,2026-08-12 08:39:22,ACC-0489,ACC-0146,13624.58,INR,RTGS,transfer,utilities,Chennai,completed,,
TXN-2EB38E8644B3,2026-08-12 08:44:27,ACC-0401,ACC-0285,19272.64,INR,UPI,transfer,subscription,Bangalore,completed,,
TXN-A09E791D91FF,2026-08-12 08:45:40,ACC-0543,ACC-0352,2663.12,INR,IMPS,transfer,,Pune,completed,,
TXN-C9AD0A96DBCB,2026-08-12 09:00:43,ACC-0226,ACC-0454,6944.73,INR,NEFT,transfer,shopping,Ahmedabad,completed,,
TXN-508BBA0C4377,2026-08-12 09:03:37,ACC-0332,ACC-0231,12223.44,INR,IMPS,transfer,subscription,Ahmedabad,completed,,
TXN-B69D0B43E798,2026-08-12 09:10:44,ACC-0140,ACC-0154,31473.61,INR,UPI,transfer,groceries,Bangalore,completed,,
TXN-33593854D655,2026-08-12 09:22:02,ACC-0519,ACC-A-001,9417.05,INR,UPI,transfer,groceries,Delhi,completed,,
TXN-4CBC9A8B9CBF,2026-08-12 09:48:53,ACC-0570,ACC-0300,152.12,INR,UPI,transfer,rent,Kolkata,completed,,
TXN-C5E1C1DF18A0,2026-08-12 09:52:13,ACC-0250,ACC-0334,12545.96,INR,NEFT,transfer,fuel,Kolkata,completed,,
TXN-BF1B10EB8F71,2026-08-12 10:03:29,ACC-0406,ACC-0394,12885.63,INR,NEFT,transfer,groceries,Mumbai,completed,,
TXN-2CF5A8220C5F,2026-08-12 10:12:27,ACC-0193,ACC-0523,20075.4,INR,UPI,transfer,shopping,Pune,completed,,
TXN-01B9C98A6274,2026-08-12 10:13:13,ACC-0479,ACC-0398,11233.18,INR,NEFT,transfer,shopping,Kolkata,completed,,
TXN-E409223F3E1D,2026-08-12 10:13:50,ACC-0285,ACC-0357,19618.82,INR,UPI,transfer,fuel,Bangalore,completed,,
TXN-E82C1C8FBC16,2026-08-12 10:19:29,ACC-0568,ACC-0105,32972.37,INR,UPI,transfer,groceries,Kolkata,completed,,
TXN-F2FEECDE189D,2026-08-12 10:20:17,ACC-0132,ACC-0368,20492.82,INR,UPI,transfer,,Hyderabad,completed,,
TXN-43383014BFAC,2026-08-12 10:27:53,ACC-0360,ACC-0147,21998.74,INR,UPI,transfer,,Bangalore,completed,,
TXN-2C4B091DA94A,2026-08-12 10:30:16,ACC-0158,ACC-0107,25240.77,INR,UPI,transfer,utilities,Pune,completed,,
TXN-23F95F143968,2026-08-12 10:43:05,ACC-0465,ACC-0533,20546.14,INR,UPI,transfer,rent,Kolkata,completed,,
TXN-F93C628582F4,2026-08-12 10:56:39,ACC-0201,ACC-0209,12334.73,INR,UPI,transfer,shopping,Bangalore,completed,,
TXN-CA9063EC14BE,2026-08-12 11:03:00,ACC-0155,ACC-0445,43591.44,INR,NEFT,transfer,restaurant,Chennai,completed,,
TXN-C3FA85208A06,2026-08-12 11:13:01,ACC-0511,ACC-0564,12486.13,INR,UPI,transfer,,Pune,completed,,
TXN-FED5914A9BF0,2026-08-12 11:13:45,ACC-0273,ACC-0396,20813.85,INR,UPI,transfer,rent,Hyderabad,completed,,
TXN-617D27406891,2026-08-12 11:29:56,ACC-0568,ACC-0373,27083.2,INR,UPI,transfer,groceries,Ahmedabad,completed,,
TXN-C3B0BE973F85,2026-08-12 11:32:13,ACC-0401,ACC-0437,2931.57,INR,NEFT,transfer,fuel,Ahmedabad,completed,,
TXN-64A8EFB42140,2026-08-12 11:34:48,ACC-0249,ACC-0240,11894.25,INR,UPI,transfer,shopping,Hyderabad,completed,,
TXN-D2CBD463E456,2026-08-12 11:41:05,ACC-0128,ACC-0238,19250.92,INR,UPI,transfer,utilities,Delhi,completed,,
TXN-1756F7C94DE2,2026-08-12 11:43:42,ACC-0560,ACC-D-001,10069.25,INR,UPI,transfer,subscription,Delhi,completed,,
TXN-79A4871CEE0F,2026-08-12 11:44:43,ACC-0476,ACC-0148,27507.18,INR,UPI,transfer,subscription,Kolkata,completed,,
TXN-F20874B5EB62,2026-08-12 11:45:47,ACC-0467,ACC-0218,29396.3,INR,UPI,transfer,subscription,Kolkata,completed,,
TXN-4E1F8D443B25,2026-08-12 11:46:20,ACC-0159,ACC-0485,12993.08,INR,NEFT,transfer,restaurant,Chennai,completed,,
TXN-417D39E59285,2026-08-12 11:59:32,ACC-0585,ACC-0267,17543.51,INR,CASH,transfer,,Ahmedabad,completed,,
TXN-4E5DA672A3EA,2026-08-12 12:05:09,ACC-0551,ACC-0544,22861.53,INR,UPI,transfer,rent,Chennai,completed,,
TXN-8D4EC2909FEF,2026-08-12 12:28:23,ACC-0492,ACC-0170,37405.01,INR,UPI,transfer,,Pune,completed,,
TXN-958F3AF8D8B4,2026-08-12 12:36:31,ACC-0325,ACC-0161,20556.24,INR,UPI,transfer,restaurant,Kolkata,completed,,
TXN-8A4F14231564,2026-08-12 12:48:12,ACC-0496,ACC-0404,9827.11,INR,RTGS,transfer,medical,Hyderabad,completed,,
TXN-60F913D9F590,2026-08-12 12:50:45,ACC-0285,ACC-0165,17179.95,INR,IMPS,transfer,fuel,Mumbai,completed,,
TXN-0E1E391DDD80,2026-08-12 13:04:53,ACC-0336,ACC-0196,11868.85,INR,UPI,transfer,utilities,Pune,completed,,
TXN-F8B53C95FDED,2026-08-12 13:07:43,ACC-0220,ACC-0437,10265.38,INR,UPI,transfer,utilities,Kolkata,completed,,
TXN-B03317EDCC3D,2026-08-12 13:16:42,ACC-0325,ACC-0208,18664.72,INR,CASH,transfer,medical,Chennai,completed,,
TXN-AF872D08B726,2026-08-12 13:18:38,ACC-0186,ACC-0478,20331.33,INR,NEFT,transfer,rent,Mumbai,completed,,
TXN-403ADE0115EF,2026-08-12 13:23:34,ACC-C-001,ACC-0527,11896.77,INR,UPI,transfer,restaurant,Ahmedabad,completed,,
TXN-B64470C9BD06,2026-08-12 13:29:00,ACC-0497,ACC-0537,18239.82,INR,RTGS,transfer,shopping,Bangalore,completed,,
TXN-764F5D7B2751,2026-08-12 13:31:36,ACC-0531,ACC-0110,24637.32,INR,IMPS,transfer,fuel,Pune,completed,,
TXN-AD21727BBF7D,2026-08-12 13:33:40,ACC-0490,ACC-0135,36584.3,INR,UPI,transfer,subscription,Delhi,completed,,
TXN-13C89EE7E21D,2026-08-12 13:49:01,ACC-0220,ACC-0403,11546.3,INR,CASH,transfer,rent,Mumbai,completed,,
TXN-E2CEC76EAEA5,2026-08-12 13:59:20,ACC-0133,ACC-0465,8314.6,INR,NEFT,transfer,restaurant,Pune,completed,,
TXN-940D1BE820EC,2026-08-12 14:11:21,ACC-0528,ACC-0347,24121.13,INR,NEFT,transfer,,Hyderabad,completed,,
TXN-16068570B0CA,2026-08-12 14:28:05,ACC-0510,ACC-0391,23820.57,INR,UPI,transfer,,Chennai,completed,,
TXN-B67EB4CC5B4A,2026-08-12 14:32:40,ACC-0588,ACC-0327,23862.03,INR,UPI,transfer,groceries,Delhi,completed,,
TXN-B607361D9A1C,2026-08-12 14:33:30,ACC-0447,ACC-0554,91308.23,INR,UPI,transfer,fuel,Pune,completed,,
TXN-4A48D2691BF1,2026-08-12 14:35:50,ACC-0364,ACC-0481,19367.38,INR,UPI,transfer,restaurant,Chennai,completed,,
TXN-0351455DF7CB,2026-08-12 14:55:38,ACC-0279,ACC-0546,13939.12,INR,NEFT,transfer,rent,Hyderabad,completed,,
TXN-5ED991C4A20B,2026-08-12 15:06:52,ACC-0522,ACC-0139,20505.26,INR,UPI,transfer,fuel,Chennai,completed,,
TXN-3AE9C8804FED,2026-08-12 15:14:26,ACC-0436,ACC-0558,12312.37,INR,UPI,transfer,fuel,Mumbai,completed,,
TXN-1A432097DEDF,2026-08-12 15:14:54,ACC-0303,ACC-0123,44244.41,INR,IMPS,transfer,fuel,Pune,completed,,
TXN-C5F9D82783D2,2026-08-12 15:59:12,ACC-0389,ACC-0188,13636.47,INR,UPI,transfer,shopping,Bangalore,completed,,
TXN-51920E7F32A2,2026-08-12 16:00:04,ACC-0192,ACC-0578,63823.13,INR,NEFT,transfer,,Delhi,completed,,
TXN-68B802E7A53F,2026-08-12 16:26:34,ACC-0144,ACC-0196,11346.11,INR,NEFT,transfer,restaurant,Pune,completed,,
TXN-8BAD1FD025D4,2026-08-12 16:31:14,ACC-0296,ACC-0560,16966.87,INR,RTGS,transfer,rent,Mumbai,completed,,
TXN-3922F555DCDD,2026-08-12 16:39:28,ACC-0331,ACC-0243,6298.11,INR,NEFT,transfer,restaurant,Delhi,completed,,
TXN-47F2557EABE4,2026-08-12 17:09:46,ACC-0124,ACC-0250,19452.02,INR,UPI,transfer,fuel,Hyderabad,completed,,
TXN-E31E690B77E5,2026-08-12 17:31:32,ACC-0199,ACC-0299,3817.99,INR,NEFT,transfer,,Delhi,completed,,
TXN-12290C8939D2,2026-08-12 17:37:07,ACC-0221,ACC-0302,9965.34,INR,RTGS,transfer,rent,Hyderabad,completed,,
TXN-CA028C4AF0D1,2026-08-12 17:45:15,ACC-0560,ACC-0212,12484.46,INR,NEFT,transfer,fuel,Ahmedabad,completed,,
TXN-FFCF8A142D64,2026-08-12 18:03:45,ACC-0318,ACC-0218,18872.86,INR,UPI,transfer,utilities,Kolkata,completed,,
TXN-2A64E67690F0,2026-08-12 18:15:38,ACC-0281,ACC-0550,12164.09,INR,UPI,transfer,fuel,Hyderabad,completed,,
TXN-D87F34C4292C,2026-08-12 18:21:48,ACC-0400,ACC-0339,13127.9,INR,UPI,transfer,,Kolkata,completed,,
TXN-95D97A114786,2026-08-12 18:29:14,ACC-0191,ACC-0264,9587.45,INR,UPI,transfer,subscription,Mumbai,completed,,
TXN-D4381193E9F8,2026-08-12 18:44:21,ACC-0289,ACC-0480,21984.8,INR,CASH,transfer,rent,Delhi,completed,,
TXN-FE942B07109F,2026-08-12 18:59:13,ACC-0474,ACC-0113,17613.48,INR,NEFT,transfer,subscription,Ahmedabad,completed,,
TXN-80D88DA568D0,2026-08-12 19:30:45,ACC-0529,ACC-0202,19587.11,INR,UPI,transfer,,Mumbai,completed,,
TXN-C5C0798CC725,2026-08-12 19:54:29,ACC-0537,ACC-0443,29191.76,INR,IMPS,transfer,shopping,Ahmedabad,completed,,
TXN-223549C906B7,2026-08-12 19:54:49,ACC-0121,ACC-0538,23166.65,INR,NEFT,transfer,,Delhi,completed,,
TXN-B9DFFF6618BB,2026-08-12 20:00:04,ACC-0182,ACC-0230,16486.95,INR,NEFT,transfer,medical,Chennai,completed,,
TXN-560DADA8DE9F,2026-08-12 20:22:15,ACC-0272,ACC-0509,11196.84,INR,UPI,transfer,restaurant,Kolkata,completed,,
TXN-F0EAE46F8B87,2026-08-12 20:23:20,ACC-0420,ACC-0566,26513.59,INR,NEFT,transfer,shopping,Chennai,completed,,
TXN-6F0621A15E7F,2026-08-12 20:44:07,ACC-0288,ACC-0243,16880.59,INR,NEFT,transfer,fuel,Hyderabad,completed,,
TXN-3D55265D5A1C,2026-08-12 20:45:47,ACC-0540,ACC-0229,19023.37,INR,NEFT,transfer,medical,Ahmedabad,completed,,
TXN-B7EC9B639F09,2026-08-12 20:47:21,ACC-0262,ACC-0521,22290.33,INR,RTGS,transfer,shopping,Kolkata,completed,,
TXN-202A13E77F73,2026-08-12 20:56:25,ACC-0181,ACC-0187,16040.17,INR,RTGS,transfer,rent,Pune,completed,,
TXN-2A346EEE89A7,2026-08-12 20:59:01,ACC-0388,ACC-0217,77584.37,INR,UPI,transfer,shopping,Bangalore,completed,,
TXN-2ED0E2B9065F,2026-08-12 21:14:03,ACC-0493,ACC-0488,9580.93,INR,UPI,transfer,utilities,Bangalore,completed,,
TXN-431D10BFEDD6,2026-08-12 21:14:59,ACC-0126,ACC-0360,622.43,INR,NEFT,transfer,utilities,Chennai,completed,,
TXN-10695A11F475,2026-08-12 21:37:10,ACC-0308,ACC-0142,19246.95,INR,UPI,transfer,,Chennai,completed,,
TXN-1D2BDB3708DB,2026-08-12 21:40:00,ACC-0477,ACC-0571,24215.57,INR,IMPS,transfer,,Hyderabad,completed,,
TXN-70F03F14FFEE,2026-08-12 21:48:59,ACC-0352,ACC-0514,12873.86,INR,IMPS,transfer,utilities,Pune,completed,,
TXN-240A66EAF9A4,2026-08-12 21:50:16,ACC-0534,ACC-0324,12572.9,INR,UPI,transfer,fuel,Kolkata,completed,,
TXN-429C1CDE5E0A,2026-08-12 22:05:45,ACC-0186,ACC-0493,15557.7,INR,IMPS,transfer,,Bangalore,completed,,
TXN-B97DE48E87F8,2026-08-12 22:14:09,ACC-0275,ACC-0224,11929.62,INR,UPI,transfer,,Mumbai,completed,,
TXN-144ADBF36852,2026-08-12 22:16:33,ACC-0135,ACC-0497,14465.07,INR,UPI,transfer,,Bangalore,completed,,
TXN-FC3776D93DB8,2026-08-12 22:28:33,ACC-0370,ACC-0276,11619.49,INR,UPI,transfer,rent,Kolkata,completed,,
TXN-0C23E2B6B920,2026-08-12 22:35:38,ACC-0315,ACC-0189,17922.41,INR,RTGS,transfer,utilities,Hyderabad,completed,,
TXN-5AB2784B64BA,2026-08-12 22:56:26,ACC-0377,ACC-0588,39685.46,INR,RTGS,transfer,shopping,Bangalore,completed,,
TXN-8EEBFF4ADE9F,2026-08-12 22:56:37,ACC-0486,ACC-0104,91865.33,INR,RTGS,transfer,restaurant,Ahmedabad,completed,,
TXN-6D89DBC9370D,2026-08-12 23:10:11,ACC-0523,ACC-0212,19976.18,INR,UPI,transfer,groceries,Hyderabad,completed,,
TXN-16CBBE73B967,2026-08-12 23:11:13,ACC-0229,ACC-0414,14883.88,INR,UPI,transfer,subscription,Mumbai,completed,,
TXN-C28A72233574,2026-08-12 23:17:56,ACC-0239,ACC-0177,14010.69,INR,UPI,transfer,groceries,Delhi,completed,,
TXN-FF116D663306,2026-08-12 23:19:10,ACC-0518,ACC-0151,18867.44,INR,IMPS,transfer,shopping,Pune,completed,,
TXN-7758A776591F,2026-08-12 23:36:22,ACC-0346,ACC-0498,14219.18,INR,UPI,transfer,restaurant,Mumbai,completed,,
TXN-FEF5174938A5,2026-08-12 23:41:44,ACC-0165,ACC-0334,19220.37,INR,UPI,transfer,,Kolkata,completed,,
TXN-9F5A3D614E22,2026-08-12 23:42:25,ACC-0164,ACC-0149,22851.2,INR,UPI,transfer,groceries,Chennai,completed,,
TXN-1990BBD5450C,2026-08-12 23:54:31,ACC-0213,ACC-0359,10185.54,INR,IMPS,transfer,subscription,Ahmedabad,completed,,
TXN-979C4756D07F,2026-08-13 00:06:51,ACC-0165,ACC-0522,25113.81,INR,NEFT,transfer,rent,Chennai,completed,,
TXN-B5A3B6245E2D,2026-08-13 00:34:44,ACC-0146,ACC-0393,12635.4,INR,UPI,transfer,shopping,Ahmedabad,completed,,
TXN-7CB67918DF9C,2026-08-13 00:35:04,ACC-0505,ACC-0483,19257.36,INR,RTGS,transfer,,Chennai,completed,,
TXN-055FD07786B9,2026-08-13 00:40:19,ACC-0353,ACC-0206,22910.52,INR,IMPS,transfer,restaurant,Ahmedabad,completed,,
TXN-B9AA03187576,2026-08-13 00:52:26,ACC-0239,ACC-G-001,9245.46,INR,UPI,transfer,groceries,Hyderabad,completed,,
TXN-8BC8419098C4,2026-08-13 00:58:51,ACC-0201,ACC-0510,12439.61,INR,RTGS,transfer,,Kolkata,completed,,
TXN-7C3791C236AC,2026-08-13 01:18:11,ACC-0588,ACC-0502,14685.93,INR,UPI,transfer,,Pune,completed,,
TXN-2CF9FAAFFC71,2026-08-13 01:25:46,ACC-0344,ACC-0251,36375.24,INR,UPI,transfer,groceries,Delhi,completed,,
TXN-5349A31DEEBC,2026-08-13 01:28:47,ACC-0261,ACC-0269,13453.61,INR,UPI,transfer,restaurant,Mumbai,completed,,
TXN-8C41F862F059,2026-08-13 01:46:55,ACC-0346,ACC-0497,26898.79,INR,NEFT,transfer,medical,Kolkata,completed,,
TXN-8F1C5D550FA4,2026-08-13 01:47:57,ACC-0155,ACC-0238,5596.29,INR,IMPS,transfer,shopping,Delhi,completed,,
TXN-979C676738C7,2026-08-13 01:53:13,ACC-0252,ACC-0304,20889.16,INR,UPI,transfer,utilities,Mumbai,completed,,
TXN-5DFCC92ABE99,2026-08-13 01:55:05,ACC-0488,ACC-0356,19166.13,INR,NEFT,transfer,fuel,Mumbai,completed,,
TXN-7B0A1DC07F5F,2026-08-13 02:04:27,ACC-0215,ACC-0205,11437.77,INR,RTGS,transfer,subscription,Kolkata,completed,,
TXN-96DD45925CAD,2026-08-13 02:10:35,ACC-0208,ACC-0435,12665.73,INR,IMPS,transfer,medical,Hyderabad,completed,,
TXN-CA13E5A1189D,2026-08-13 02:13:36,ACC-0543,ACC-0345,30611.33,INR,NEFT,transfer,rent,Delhi,completed,,
TXN-590A2A82BB1A,2026-08-13 02:17:04,ACC-0314,ACC-0325,19057.16,INR,NEFT,transfer,,Hyderabad,completed,,
TXN-812843EB3042,2026-08-13 02:22:46,ACC-0300,ACC-0579,23504.19,INR,UPI,transfer,shopping,Pune,completed,,
TXN-324E2BE941C8,2026-08-13 02:24:57,ACC-0175,ACC-0101,25709.22,INR,NEFT,transfer,groceries,Kolkata,completed,,
TXN-17076EFC3512,2026-08-13 02:30:02,ACC-0257,ACC-0138,15582.56,INR,UPI,transfer,restaurant,Hyderabad,completed,,
TXN-5AC967DB5F3F,2026-08-13 02:40:41,ACC-0281,ACC-0452,11153.88,INR,UPI,transfer,utilities,Bangalore,completed,,
TXN-6D2AE90B03E6,2026-08-13 02:47:42,ACC-0303,ACC-0224,30492.67,INR,UPI,transfer,,Pune,completed,,
TXN-38A0BBA8ABBA,2026-08-13 02:48:05,ACC-0565,ACC-0399,20031.52,INR,NEFT,transfer,shopping,Chennai,completed,,
TXN-E89F6F490304,2026-08-13 03:00:49,ACC-0114,ACC-0197,24189.27,INR,UPI,transfer,shopping,Ahmedabad,completed,,
TXN-82929359462B,2026-08-13 03:04:51,ACC-0591,ACC-0481,15199.55,INR,UPI,transfer,groceries,Kolkata,completed,,
TXN-14894D7F31E5,2026-08-13 03:16:06,ACC-0570,ACC-0275,5234.06,INR,RTGS,transfer,groceries,Chennai,completed,,
TXN-EC6E9AED6820,2026-08-13 03:22:24,ACC-0363,ACC-0531,83086.45,INR,NEFT,transfer,,Mumbai,completed,,
TXN-5D4A0A20600B,2026-08-13 03:28:10,ACC-0253,ACC-0125,17323.71,INR,NEFT,transfer,medical,Kolkata,completed,,
TXN-5782E0C8CBD9,2026-08-13 03:31:25,ACC-0443,ACC-0186,9583.14,INR,NEFT,transfer,utilities,Ahmedabad,completed,,
TXN-780F4319CFA4,2026-08-13 03:32:34,ACC-0283,ACC-0321,32788.75,INR,RTGS,transfer,restaurant,Pune,completed,,
TXN-9931C5C75AC4,2026-08-13 03:44:17,ACC-0526,ACC-0592,17397.36,INR,UPI,transfer,restaurant,Mumbai,completed,,
TXN-0234333907D9,2026-08-13 03:46:33,ACC-0412,ACC-0551,22795.31,INR,UPI,transfer,rent,Pune,completed,,
TXN-55F87439F451,2026-08-13 03:48:50,ACC-0300,ACC-0187,16949.92,INR,UPI,transfer,utilities,Pune,completed,,
TXN-0A4C09E44B6E,2026-08-13 03:54:02,ACC-0439,ACC-0513,21678.44,INR,UPI,transfer,rent,Kolkata,completed,,
TXN-9CC39EBC3257,2026-08-13 04:16:26,ACC-0307,ACC-0561,12602.57,INR,NEFT,transfer,,Ahmedabad,completed,,
TXN-25459732D5D3,2026-08-13 04:18:50,ACC-0457,ACC-0330,21992.89,INR,NEFT,transfer,,Hyderabad,completed,,
TXN-7451AC16A2D1,2026-08-13 04:19:16,ACC-0339,ACC-0201,17696.73,INR,UPI,transfer,medical,Mumbai,completed,,
TXN-E1900A4736B0,2026-08-13 04:20:47,ACC-0312,ACC-0536,18629.8,INR,UPI,transfer,shopping,Bangalore,completed,,
TXN-7FAE1456F75E,2026-08-13 04:47:36,ACC-0190,ACC-0532,10206.18,INR,NEFT,transfer,rent,Chennai,completed,,
TXN-0EA94D819F02,2026-08-13 04:53:26,ACC-0342,ACC-0564,15506.02,INR,NEFT,transfer,rent,Hyderabad,completed,,
TXN-C413D6BDC55F,2026-08-13 04:59:11,ACC-0109,ACC-0284,13373.51,INR,UPI,transfer,restaurant,Ahmedabad,completed,,
TXN-DD8D29FBBA35,2026-08-13 05:14:19,ACC-0559,ACC-0192,9962.14,INR,CASH,transfer,fuel,Ahmedabad,completed,,
TXN-6F1A33075FB3,2026-08-13 05:21:18,ACC-0342,ACC-0523,16164.89,INR,UPI,transfer,,Kolkata,completed,,
TXN-A9E180FB2631,2026-08-13 05:30:39,ACC-0334,ACC-0241,21634.61,INR,IMPS,transfer,groceries,Ahmedabad,completed,,
TXN-4E60BE89AD6B,2026-08-13 05:38:03,ACC-D-001,ACC-0114,19506.62,INR,IMPS,transfer,restaurant,Hyderabad,completed,,
TXN-D15D6FC21442,2026-08-13 05:55:40,ACC-0263,ACC-0389,34019.19,INR,NEFT,transfer,,Ahmedabad,completed,,
TXN-S007-001,2026-08-13 06:00:00,ACC-0127,ACC-0184,2500000.0,INR,NEFT,transfer,,Pune,completed,SCENARIO-007,synthetic_suspicious_pattern
TXN-CC7E637B576D,2026-08-13 06:00:54,ACC-0229,ACC-0534,21427.89,INR,IMPS,transfer,subscription,Bangalore,completed,,
TXN-6D1B6D2E34A7,2026-08-13 06:05:20,ACC-0177,ACC-0297,24450.75,INR,UPI,transfer,medical,Hyderabad,completed,,
TXN-8416B05E1F9F,2026-08-13 06:22:35,ACC-0251,ACC-0229,11250.4,INR,UPI,transfer,rent,Pune,completed,,
TXN-D1213DC468A1,2026-08-13 06:36:02,ACC-0148,ACC-0170,14513.31,INR,UPI,transfer,utilities,Pune,completed,,
TXN-B20F74C071AA,2026-08-13 06:49:53,ACC-0192,ACC-0106,66932.01,INR,UPI,transfer,medical,Delhi,completed,,
TXN-4C6B6F0C062A,2026-08-13 06:59:39,ACC-0485,ACC-0117,17908.56,INR,UPI,transfer,utilities,Delhi,completed,,
TXN-D82364BC3EE2,2026-08-13 07:17:12,ACC-0419,ACC-0408,24291.91,INR,UPI,transfer,subscription,Mumbai,completed,,
TXN-9B68C06FC1B4,2026-08-13 07:27:36,ACC-0201,ACC-0446,9904.32,INR,NEFT,transfer,,Delhi,completed,,
TXN-124EC3EBD6A3,2026-08-13 07:35:24,ACC-0397,ACC-0472,47223.76,INR,IMPS,transfer,fuel,Bangalore,completed,,
TXN-F1F6719B4671,2026-08-13 07:45:23,ACC-0410,ACC-0535,10230.81,INR,RTGS,transfer,fuel,Bangalore,completed,,
TXN-DE0088651804,2026-08-13 07:55:01,ACC-0258,ACC-0271,18292.48,INR,RTGS,transfer,fuel,Bangalore,completed,,
TXN-3BA4CD4093F7,2026-08-13 07:58:42,ACC-0349,ACC-0421,21892.95,INR,UPI,transfer,groceries,Pune,completed,,
TXN-237DACA3489B,2026-08-13 08:02:33,ACC-0200,ACC-0567,11152.55,INR,CASH,transfer,groceries,Kolkata,completed,,
TXN-5D61F52AED2D,2026-08-13 08:29:11,ACC-0228,ACC-0233,14010.97,INR,RTGS,transfer,rent,Ahmedabad,completed,,
TXN-5923487C045B,2026-08-13 08:41:51,ACC-0452,ACC-0226,31763.32,INR,NEFT,transfer,,Mumbai,completed,,
TXN-BE0FFCD55B28,2026-08-13 09:29:38,ACC-0395,ACC-0309,21109.51,INR,UPI,transfer,medical,Ahmedabad,completed,,
TXN-9E0011D681A1,2026-08-13 09:51:32,ACC-0589,ACC-0168,21520.79,INR,IMPS,transfer,rent,Ahmedabad,completed,,
TXN-C1BC204904C6,2026-08-13 09:56:03,ACC-0403,ACC-0488,18431.57,INR,UPI,transfer,restaurant,Mumbai,completed,,
TXN-1F8489A2E9A5,2026-08-13 10:10:26,ACC-0484,ACC-0220,11097.44,INR,IMPS,transfer,utilities,Ahmedabad,completed,,
TXN-08A577DA1D83,2026-08-13 10:16:02,ACC-0150,ACC-0330,17327.42,INR,UPI,transfer,rent,Hyderabad,completed,,
TXN-01AEC3F627D0,2026-08-13 10:19:32,ACC-0483,ACC-0298,14710.79,INR,UPI,transfer,restaurant,Kolkata,completed,,
TXN-104806AE57C8,2026-08-13 10:22:45,ACC-0460,ACC-0484,19643.54,INR,UPI,transfer,utilities,Mumbai,completed,,
TXN-E62702E53F4F,2026-08-13 10:28:41,ACC-0152,ACC-0398,16978.47,INR,NEFT,transfer,,Delhi,completed,,
TXN-BDB5B4EAFCFF,2026-08-13 10:45:13,ACC-0437,ACC-0160,17661.53,INR,UPI,transfer,groceries,Delhi,completed,,
TXN-CEDDDA4C4309,2026-08-13 10:51:45,ACC-0400,ACC-0149,9890.01,INR,IMPS,transfer,medical,Pune,completed,,
TXN-7B29AF464329,2026-08-13 11:04:01,ACC-0590,ACC-0115,19962.85,INR,UPI,transfer,utilities,Delhi,completed,,
TXN-986854A0E941,2026-08-13 11:07:06,ACC-0559,ACC-0331,11828.04,INR,UPI,transfer,shopping,Chennai,completed,,
TXN-389AFA9DA828,2026-08-13 11:41:27,ACC-0107,ACC-0258,23463.02,INR,UPI,transfer,fuel,Mumbai,completed,,
TXN-1A12DA66659B,2026-08-13 11:48:03,ACC-0392,ACC-0371,16408.68,INR,RTGS,transfer,fuel,Pune,completed,,
TXN-DFD2E0DEA37C,2026-08-13 12:12:34,ACC-0294,ACC-0579,20060.73,INR,UPI,transfer,medical,Ahmedabad,completed,,
TXN-68E4274788F1,2026-08-13 12:14:22,ACC-0584,ACC-0566,16145.35,INR,NEFT,transfer,fuel,Mumbai,completed,,
TXN-1DA6296CCA6D,2026-08-13 12:22:35,ACC-0175,ACC-0219,22720.92,INR,UPI,transfer,medical,Hyderabad,completed,,
TXN-3351CE7D3998,2026-08-13 12:24:32,ACC-0579,ACC-0543,11019.41,INR,RTGS,transfer,medical,Chennai,completed,,
TXN-1C4EF989B38F,2026-08-13 12:25:42,ACC-0300,ACC-0355,19540.79,INR,UPI,transfer,shopping,Chennai,completed,,
TXN-A81D9E6038C1,2026-08-13 12:26:29,ACC-0236,ACC-0229,11122.8,INR,UPI,transfer,shopping,Bangalore,completed,,
TXN-815B7718D77B,2026-08-13 12:34:22,ACC-0559,ACC-0266,11807.01,INR,NEFT,transfer,,Chennai,completed,,
TXN-469286FA9E3B,2026-08-13 12:38:34,ACC-0425,ACC-0520,14922.68,INR,IMPS,transfer,medical,Ahmedabad,completed,,
TXN-08BA93F720B8,2026-08-13 12:46:39,ACC-0280,ACC-0139,16864.94,INR,UPI,transfer,subscription,Bangalore,completed,,
TXN-865122EA4873,2026-08-13 12:48:29,ACC-0566,ACC-0465,25560.83,INR,CASH,transfer,subscription,Pune,completed,,
TXN-D23B8E71965B,2026-08-13 12:59:35,ACC-0213,ACC-0387,10092.12,INR,UPI,transfer,fuel,Delhi,completed,,
TXN-C499C8903B3F,2026-08-13 13:35:46,ACC-0173,ACC-0166,13096.77,INR,UPI,transfer,fuel,Kolkata,completed,,
TXN-0739832E412E,2026-08-13 13:40:09,ACC-0107,ACC-0289,20452.56,INR,UPI,transfer,,Pune,completed,,
TXN-9BA490B42B56,2026-08-13 13:45:32,ACC-0590,ACC-0128,20997.53,INR,RTGS,transfer,,Ahmedabad,completed,,
TXN-EFB731963B89,2026-08-13 13:53:12,ACC-0561,ACC-0340,18134.02,INR,NEFT,transfer,groceries,Chennai,completed,,
TXN-C1C58099BCCE,2026-08-13 14:07:55,ACC-0107,ACC-0117,18035.39,INR,UPI,transfer,fuel,Chennai,completed,,
TXN-DCF54B784692,2026-08-13 14:20:40,ACC-0542,ACC-0563,13533.15,INR,UPI,transfer,,Pune,completed,,
TXN-380878606CD9,2026-08-13 14:28:26,ACC-0303,ACC-0372,15360.31,INR,UPI,transfer,fuel,Delhi,completed,,
TXN-81E11C7A26C3,2026-08-13 14:29:02,ACC-0201,ACC-0330,11852.49,INR,UPI,transfer,rent,Mumbai,completed,,
TXN-7987CFF6D11E,2026-08-13 14:41:22,ACC-0432,ACC-0481,18796.56,INR,NEFT,transfer,rent,Chennai,completed,,
TXN-F5A6E05264ED,2026-08-13 14:42:12,ACC-0275,ACC-0591,11079.62,INR,UPI,transfer,subscription,Bangalore,completed,,
TXN-B0068DD974D4,2026-08-13 14:43:12,ACC-0390,ACC-0535,20219.74,INR,IMPS,transfer,subscription,Chennai,completed,,
TXN-A825F9A085E4,2026-08-13 14:50:01,ACC-0184,ACC-0338,34391.5,INR,UPI,transfer,,Delhi,completed,,
TXN-31C162231617,2026-08-13 14:59:37,ACC-0380,ACC-0487,10740.42,INR,NEFT,transfer,restaurant,Ahmedabad,completed,,
TXN-FF896A4B5442,2026-08-13 15:09:37,ACC-0294,ACC-0188,15292.15,INR,UPI,transfer,rent,Delhi,completed,,
TXN-7A1792BA44A8,2026-08-13 15:19:18,ACC-0471,ACC-0288,22620.52,INR,UPI,transfer,,Hyderabad,completed,,
TXN-C174A47B2646,2026-08-13 15:35:31,ACC-0560,ACC-0365,9381.44,INR,CASH,transfer,rent,Pune,completed,,
TXN-6E653A701A32,2026-08-13 15:51:03,ACC-0472,ACC-0311,53686.89,INR,IMPS,transfer,utilities,Mumbai,completed,,
TXN-2F98FDD63E95,2026-08-13 15:53:23,ACC-0148,ACC-0413,13009.45,INR,IMPS,transfer,rent,Hyderabad,completed,,
TXN-DCB2B1DA245C,2026-08-13 15:53:50,ACC-0432,ACC-0423,22687.78,INR,UPI,transfer,rent,Bangalore,completed,,
TXN-7B5F052B97EE,2026-08-13 15:57:43,ACC-0399,ACC-0208,22976.74,INR,UPI,transfer,rent,Delhi,completed,,
TXN-186303D22329,2026-08-13 16:18:21,ACC-0384,ACC-0110,15936.71,INR,IMPS,transfer,groceries,Pune,completed,,
TXN-C714A1377EC1,2026-08-13 16:28:05,ACC-0320,ACC-0134,22843.84,INR,NEFT,transfer,shopping,Hyderabad,completed,,
TXN-7DF211C9410D,2026-08-13 16:47:10,ACC-0212,ACC-0120,4864.93,INR,NEFT,transfer,groceries,Chennai,completed,,
TXN-0EABF024D540,2026-08-13 16:48:10,ACC-0248,ACC-0446,19420.38,INR,RTGS,transfer,utilities,Hyderabad,completed,,
TXN-30CF113C88D7,2026-08-13 16:59:05,ACC-0525,ACC-0219,18061.61,INR,NEFT,transfer,,Bangalore,completed,,
TXN-F26B9502C678,2026-08-13 17:08:18,ACC-0494,ACC-0157,11204.78,INR,UPI,transfer,shopping,Bangalore,completed,,
TXN-B265263359C2,2026-08-13 17:14:58,ACC-0448,ACC-0301,18287.54,INR,RTGS,transfer,fuel,Pune,completed,,
TXN-492100FA7F39,2026-08-13 17:30:57,ACC-0274,ACC-0310,1783.76,INR,RTGS,transfer,,Pune,completed,,
TXN-9A895E420D46,2026-08-13 17:38:21,ACC-0542,ACC-0411,16779.31,INR,UPI,transfer,fuel,Bangalore,completed,,
TXN-9F552AFDDEB7,2026-08-13 17:43:56,ACC-0476,ACC-0428,27528.1,INR,IMPS,transfer,medical,Mumbai,completed,,
TXN-B6489DE74967,2026-08-13 17:59:30,ACC-0164,ACC-0306,14404.66,INR,RTGS,transfer,,Hyderabad,completed,,
TXN-448D1427F16C,2026-08-13 17:59:46,ACC-0258,ACC-0347,22013.01,INR,UPI,transfer,,Hyderabad,completed,,
TXN-98A58636F04E,2026-08-13 18:00:32,ACC-A-001,ACC-0494,18247.46,INR,UPI,transfer,subscription,Delhi,completed,,
TXN-91A2C6232BC7,2026-08-13 18:06:02,ACC-0197,ACC-0153,26354.51,INR,UPI,transfer,medical,Pune,completed,,
TXN-37C49107DCBB,2026-08-13 18:26:12,ACC-0570,ACC-0362,5411.04,INR,NEFT,transfer,utilities,Pune,completed,,
TXN-E04EDEB441BC,2026-08-13 18:35:10,ACC-0527,ACC-0556,22203.19,INR,UPI,transfer,restaurant,Chennai,completed,,
TXN-BC5E962418ED,2026-08-13 18:41:19,ACC-0261,ACC-0196,5615.08,INR,NEFT,transfer,shopping,Delhi,completed,,
TXN-C0B22A571510,2026-08-13 18:46:54,ACC-0395,ACC-0563,19450.76,INR,IMPS,transfer,,Chennai,completed,,
TXN-D041D63ACB62,2026-08-13 18:47:31,ACC-0247,ACC-0259,11960.23,INR,IMPS,transfer,shopping,Ahmedabad,completed,,
TXN-2AAD176E9F65,2026-08-13 18:50:09,ACC-0329,ACC-0219,16710.32,INR,UPI,transfer,shopping,Bangalore,completed,,
TXN-1D7656B65FAE,2026-08-13 18:54:50,ACC-0139,ACC-0469,1239.64,INR,CASH,transfer,restaurant,Chennai,completed,,
TXN-D16DCAAE6C33,2026-08-13 18:57:19,ACC-0343,ACC-0444,17274.48,INR,IMPS,transfer,shopping,Kolkata,completed,,
TXN-D3BCD8A30984,2026-08-13 18:58:11,ACC-0517,ACC-0446,51800.96,INR,NEFT,transfer,rent,Chennai,completed,,
TXN-C562011D5F36,2026-08-13 19:00:00,ACC-0551,ACC-0361,21743.9,INR,NEFT,transfer,groceries,Hyderabad,completed,,
TXN-34AA9DA4F198,2026-08-13 19:05:36,ACC-0177,ACC-0107,13716.47,INR,UPI,transfer,subscription,Chennai,completed,,
TXN-C7086EE59FD9,2026-08-13 19:06:21,ACC-0296,ACC-0386,14653.1,INR,NEFT,transfer,,Chennai,completed,,
TXN-892CC3FC4F3F,2026-08-13 19:15:12,ACC-0107,ACC-0588,18540.19,INR,UPI,transfer,fuel,Delhi,completed,,
TXN-746EDD84CEDA,2026-08-13 19:16:18,ACC-0149,ACC-0452,17612.1,INR,UPI,transfer,,Chennai,completed,,
TXN-AEF818ADE4D8,2026-08-13 19:18:58,ACC-0206,ACC-0411,22222.05,INR,NEFT,transfer,fuel,Pune,completed,,
TXN-FA4B6AB03B9C,2026-08-13 19:21:05,ACC-0133,ACC-0254,21928.27,INR,UPI,transfer,utilities,Hyderabad,completed,,
TXN-F619DFD4407C,2026-08-13 19:29:04,ACC-0391,ACC-0439,16174.25,INR,UPI,transfer,medical,Mumbai,completed,,
TXN-A76CCB377634,2026-08-13 19:30:11,ACC-0473,ACC-0151,24413.44,INR,UPI,transfer,,Bangalore,completed,,
TXN-52F460EF44E6,2026-08-13 19:49:03,ACC-0147,ACC-0508,13338.9,INR,UPI,transfer,restaurant,Chennai,completed,,
TXN-ACEC3B02BE33,2026-08-13 19:51:40,ACC-0141,ACC-0434,20848.37,INR,NEFT,transfer,restaurant,Hyderabad,completed,,
TXN-7E81AE186C99,2026-08-13 19:57:07,ACC-0483,ACC-0221,13190.73,INR,IMPS,transfer,,Bangalore,completed,,
TXN-40E55FCD2312,2026-08-13 19:57:24,ACC-0499,ACC-0340,19116.12,INR,UPI,transfer,rent,Ahmedabad,completed,,
TXN-A35678990D1E,2026-08-13 19:57:42,ACC-0311,ACC-0107,12758.38,INR,UPI,transfer,,Delhi,completed,,
TXN-409923360D9A,2026-08-13 20:18:14,ACC-0312,ACC-0293,18049.18,INR,UPI,transfer,,Chennai,completed,,
TXN-89DB1390D977,2026-08-13 20:23:39,ACC-0166,ACC-0509,23517.67,INR,UPI,transfer,restaurant,Bangalore,completed,,
TXN-61E315D94F87,2026-08-13 20:28:44,ACC-0444,ACC-0250,11488.64,INR,IMPS,transfer,shopping,Kolkata,completed,,
TXN-9569EE93529A,2026-08-13 20:32:24,ACC-0351,ACC-0528,17826.3,INR,NEFT,transfer,restaurant,Bangalore,completed,,
TXN-6C7C92283DFC,2026-08-13 20:35:15,ACC-0374,ACC-0342,25855.38,INR,IMPS,transfer,groceries,Chennai,completed,,
TXN-A0D410C4F4DE,2026-08-13 20:36:33,ACC-0342,ACC-0254,15984.17,INR,IMPS,transfer,shopping,Chennai,completed,,
TXN-14DC1CD58E05,2026-08-13 20:37:02,ACC-0341,ACC-0465,19260.39,INR,IMPS,transfer,fuel,Kolkata,completed,,
TXN-E0C89A54AFB1,2026-08-13 20:41:58,ACC-0516,ACC-0298,24852.39,INR,IMPS,transfer,,Pune,completed,,
TXN-8C9C8589895C,2026-08-13 20:47:31,ACC-0255,ACC-G-001,13622.98,INR,UPI,transfer,,Kolkata,completed,,
TXN-7B67F5366B44,2026-08-13 20:50:25,ACC-0231,ACC-0288,18083.3,INR,NEFT,transfer,utilities,Chennai,completed,,
TXN-7F46405655BA,2026-08-13 20:51:06,ACC-0467,ACC-0307,16684.02,INR,NEFT,transfer,shopping,Ahmedabad,completed,,
TXN-F5B3632473B4,2026-08-13 20:56:00,ACC-0385,ACC-0312,76373.61,INR,IMPS,transfer,medical,Hyderabad,completed,,
TXN-E0732CE8CC36,2026-08-13 20:57:34,ACC-0381,ACC-0124,13166.11,INR,RTGS,transfer,rent,Ahmedabad,completed,,
TXN-9BB75C523C06,2026-08-13 21:04:12,ACC-0502,ACC-0111,17858.66,INR,RTGS,transfer,shopping,Kolkata,completed,,
TXN-236E6A7B1824,2026-08-13 21:06:57,ACC-0473,ACC-0579,11091.78,INR,NEFT,transfer,subscription,Ahmedabad,completed,,
TXN-5A19A504894D,2026-08-13 21:13:14,ACC-0522,ACC-0368,22189.06,INR,UPI,transfer,fuel,Ahmedabad,completed,,
TXN-F7B9A28C1699,2026-08-13 21:34:20,ACC-0246,ACC-0546,10903.57,INR,UPI,transfer,,Delhi,completed,,
TXN-31388B2F3C65,2026-08-13 21:44:55,ACC-0196,ACC-0174,20314.54,INR,NEFT,transfer,medical,Ahmedabad,completed,,
TXN-5409E9671655,2026-08-13 22:03:13,ACC-0176,ACC-0422,90588.04,INR,IMPS,transfer,utilities,Kolkata,completed,,
TXN-AB2391E89FC9,2026-08-13 22:13:36,ACC-0104,ACC-0545,19489.8,INR,UPI,transfer,,Mumbai,completed,,
TXN-3A22DB4DF2A3,2026-08-13 22:22:08,ACC-0255,ACC-0227,11773.74,INR,UPI,transfer,groceries,Chennai,completed,,
TXN-D1F0A8E3CC6E,2026-08-13 22:24:05,ACC-0301,ACC-0554,37397.37,INR,NEFT,transfer,,Chennai,completed,,
TXN-A60C339DDAA2,2026-08-13 22:39:46,ACC-0135,ACC-0245,10669.98,INR,UPI,transfer,restaurant,Mumbai,completed,,
TXN-40FBCE8CC8CD,2026-08-13 22:51:04,ACC-0292,ACC-0378,33819.56,INR,IMPS,transfer,shopping,Hyderabad,completed,,
TXN-F5700A1A6A4E,2026-08-13 22:51:44,ACC-0221,ACC-0238,20225.17,INR,NEFT,transfer,groceries,Delhi,completed,,
TXN-8DA446FB2D5C,2026-08-13 23:07:42,ACC-0175,ACC-0293,26092.95,INR,NEFT,transfer,groceries,Chennai,completed,,
TXN-F5DA901B7119,2026-08-13 23:10:45,ACC-0460,ACC-0492,15103.81,INR,NEFT,transfer,,Mumbai,completed,,
TXN-3F8A8FFF6A29,2026-08-13 23:33:02,ACC-0412,ACC-0149,15729.87,INR,UPI,transfer,shopping,Pune,completed,,
TXN-C0C9ABE0ED24,2026-08-13 23:42:15,ACC-0293,ACC-0298,53769.84,INR,UPI,transfer,groceries,Kolkata,completed,,
TXN-D43A860777E1,2026-08-13 23:42:18,ACC-0418,ACC-0148,28814.69,INR,UPI,transfer,rent,Pune,completed,,
TXN-229F5DB62103,2026-08-14 00:27:54,ACC-0258,ACC-0174,13828.79,INR,RTGS,transfer,utilities,Kolkata,completed,,
TXN-FF0E75EEC786,2026-08-14 00:36:09,ACC-0112,ACC-0141,17737.69,INR,UPI,transfer,subscription,Delhi,completed,,
TXN-E961AE1D3679,2026-08-14 00:43:57,ACC-0163,ACC-0105,7488.55,INR,UPI,transfer,rent,Chennai,completed,,
TXN-B5430482472A,2026-08-14 00:58:47,ACC-0207,ACC-0548,21727.69,INR,UPI,transfer,shopping,Pune,completed,,
TXN-22694712CB5C,2026-08-14 00:58:56,ACC-0283,ACC-0356,26286.13,INR,IMPS,transfer,medical,Bangalore,completed,,
TXN-9CB98B109F08,2026-08-14 00:59:33,ACC-0265,ACC-0103,11817.62,INR,IMPS,transfer,subscription,Kolkata,completed,,
TXN-36618F892D13,2026-08-14 01:04:58,ACC-0494,ACC-0353,17588.72,INR,UPI,transfer,rent,Chennai,completed,,
TXN-4E9509340C4B,2026-08-14 01:15:26,ACC-0562,ACC-0546,18517.97,INR,NEFT,transfer,restaurant,Chennai,completed,,
TXN-01F9BC396313,2026-08-14 01:21:38,ACC-0224,ACC-0407,25854.46,INR,NEFT,transfer,,Hyderabad,completed,,
TXN-7C6A98D074B8,2026-08-14 01:27:12,ACC-0512,ACC-0358,31258.62,INR,NEFT,transfer,groceries,Bangalore,completed,,
TXN-2D84D253E36D,2026-08-14 01:29:28,ACC-0314,ACC-0414,18199.95,INR,NEFT,transfer,,Mumbai,completed,,
TXN-DB3C8E1D2412,2026-08-14 01:30:01,ACC-0217,ACC-0536,16016.74,INR,IMPS,transfer,,Hyderabad,completed,,
TXN-13ADFA1E9D4D,2026-08-14 01:34:12,ACC-0283,ACC-0134,48636.45,INR,UPI,transfer,medical,Kolkata,completed,,
TXN-36F55D8410C5,2026-08-14 01:56:46,ACC-0317,ACC-0386,13827.53,INR,NEFT,transfer,shopping,Chennai,completed,,
TXN-9704451885C5,2026-08-14 02:00:08,ACC-0114,ACC-0405,19236.51,INR,RTGS,transfer,medical,Chennai,completed,,
TXN-B5CA983CD9A0,2026-08-14 02:00:33,ACC-0507,ACC-0186,17182.63,INR,UPI,transfer,fuel,Chennai,completed,,
TXN-7F75AC415272,2026-08-14 02:09:00,ACC-0444,ACC-0247,12933.31,INR,UPI,transfer,rent,Pune,completed,,
TXN-5D8FA33928D0,2026-08-14 02:13:44,ACC-0535,ACC-E-001,14964.66,INR,UPI,transfer,restaurant,Delhi,completed,,
TXN-B43842BB264A,2026-08-14 02:14:37,ACC-0217,ACC-0330,23673.82,INR,UPI,transfer,rent,Chennai,completed,,
TXN-7E92BD23CE2A,2026-08-14 02:18:01,ACC-0494,ACC-0406,19441.64,INR,IMPS,transfer,utilities,Mumbai,completed,,
TXN-A05364DB9FCD,2026-08-14 02:24:05,ACC-0294,ACC-0282,23256.61,INR,IMPS,transfer,rent,Mumbai,completed,,
TXN-F8DB107D930A,2026-08-14 02:25:16,ACC-0473,ACC-0572,15523.8,INR,UPI,transfer,utilities,Ahmedabad,completed,,
TXN-CCACCF5CD181,2026-08-14 03:18:29,ACC-0239,ACC-0473,11016.47,INR,NEFT,transfer,medical,Kolkata,completed,,
TXN-22EE6BD6E4AC,2026-08-14 03:18:43,ACC-0360,ACC-0237,21978.82,INR,IMPS,transfer,groceries,Ahmedabad,completed,,
TXN-A805BD2DC6FF,2026-08-14 03:53:51,ACC-0564,ACC-0380,24029.78,INR,UPI,transfer,fuel,Mumbai,completed,,
TXN-536AD8A0AE67,2026-08-14 03:58:16,ACC-0438,ACC-0239,80887.42,INR,RTGS,transfer,,Bangalore,completed,,
TXN-15305E57DC0F,2026-08-14 04:13:33,ACC-0399,ACC-0292,23254.07,INR,UPI,transfer,utilities,Pune,completed,,
TXN-D4B52F537EF1,2026-08-14 04:18:38,ACC-0565,ACC-0508,19761.9,INR,UPI,transfer,,Delhi,completed,,
TXN-2267F3E34B74,2026-08-14 04:28:54,ACC-0498,ACC-0501,30754.51,INR,IMPS,transfer,,Chennai,completed,,
TXN-C4DA9BF2ADB2,2026-08-14 04:36:25,ACC-0485,ACC-0181,24585.76,INR,IMPS,transfer,,Delhi,completed,,
TXN-093F5DB9D451,2026-08-14 04:42:55,ACC-0254,ACC-0559,9165.53,INR,NEFT,transfer,rent,Mumbai,completed,,
TXN-1921662EFA3F,2026-08-14 05:05:39,ACC-0450,ACC-0201,93211.08,INR,UPI,transfer,,Delhi,completed,,
TXN-FAB70E60C734,2026-08-14 05:22:38,ACC-0153,ACC-0327,21541.27,INR,NEFT,transfer,fuel,Bangalore,completed,,
TXN-A1DDA50880BC,2026-08-14 05:24:36,ACC-0255,ACC-0407,11991.61,INR,NEFT,transfer,groceries,Delhi,completed,,
TXN-78A40996B99D,2026-08-14 05:27:12,ACC-0404,ACC-0384,17812.56,INR,UPI,transfer,shopping,Chennai,completed,,
TXN-E0BD9D580CE6,2026-08-14 05:36:56,ACC-0479,ACC-0232,11418.45,INR,NEFT,transfer,shopping,Delhi,completed,,
TXN-1507EF6D4CFD,2026-08-14 05:43:18,ACC-0298,ACC-0473,20478.32,INR,IMPS,transfer,restaurant,Kolkata,completed,,
TXN-DEMO-S001-001,2026-08-14 10:04:00,ACC-A-001,ACC-B-001,1000000.0,INR,RTGS,transfer,,Mumbai,completed,SCENARIO-001,synthetic_suspicious_pattern
TXN-DEMO-S001-002,2026-08-14 10:21:00,ACC-B-001,ACC-C-001,320000.0,INR,IMPS,transfer,,Mumbai,completed,SCENARIO-001,synthetic_suspicious_pattern
TXN-DEMO-S001-003,2026-08-14 10:36:00,ACC-B-001,ACC-D-001,280000.0,INR,NEFT,transfer,,Delhi,completed,SCENARIO-001,synthetic_suspicious_pattern
TXN-DEMO-S001-004,2026-08-14 10:52:00,ACC-B-001,ACC-E-001,170000.0,INR,UPI,transfer,,Mumbai,completed,SCENARIO-001,synthetic_suspicious_pattern
TXN-DEMO-S001-005,2026-08-14 11:02:00,ACC-B-001,ACC-F-001,200000.0,INR,IMPS,transfer,,Bangalore,completed,SCENARIO-001,synthetic_suspicious_pattern
TXN-DEMO-S001-006,2026-08-14 11:18:00,ACC-E-001,ACC-G-001,140000.0,INR,UPI,transfer,,Chennai,completed,SCENARIO-001,synthetic_suspicious_pattern
